-- --------------------------------------------------------
-- Host:                         127.0.0.1
-- Versi server:                 10.1.10-MariaDB - mariadb.org binary distribution
-- OS Server:                    Win32
-- HeidiSQL Versi:               11.1.0.6116
-- --------------------------------------------------------

/*!40101 SET @OLD_CHARACTER_SET_CLIENT=@@CHARACTER_SET_CLIENT */;
/*!40101 SET NAMES utf8 */;
/*!50503 SET NAMES utf8mb4 */;
/*!40014 SET @OLD_FOREIGN_KEY_CHECKS=@@FOREIGN_KEY_CHECKS, FOREIGN_KEY_CHECKS=0 */;
/*!40101 SET @OLD_SQL_MODE=@@SQL_MODE, SQL_MODE='NO_AUTO_VALUE_ON_ZERO' */;
/*!40111 SET @OLD_SQL_NOTES=@@SQL_NOTES, SQL_NOTES=0 */;


-- Membuang struktur basisdata untuk isbt_data
CREATE DATABASE IF NOT EXISTS `isbt_data` /*!40100 DEFAULT CHARACTER SET latin1 */;
USE `isbt_data`;

-- membuang struktur untuk table isbt_data.d_kas
CREATE TABLE IF NOT EXISTS `d_kas` (
  `kas_id` varchar(20) NOT NULL,
  `kas_rekening` varchar(30) NOT NULL,
  `kas_uraian` varchar(200) NOT NULL,
  `kas_keterangan` varchar(300) DEFAULT NULL,
  `kas_tanggal` date NOT NULL,
  `kas_jam` time NOT NULL,
  `kas_debet` double DEFAULT NULL,
  `kas_kredit` double DEFAULT NULL,
  `kas_jenis` varchar(20) NOT NULL,
  PRIMARY KEY (`kas_id`)
) ENGINE=InnoDB DEFAULT CHARSET=latin1;

-- Membuang data untuk tabel isbt_data.d_kas: ~41 rows (lebih kurang)
/*!40000 ALTER TABLE `d_kas` DISABLE KEYS */;
REPLACE INTO `d_kas` (`kas_id`, `kas_rekening`, `kas_uraian`, `kas_keterangan`, `kas_tanggal`, `kas_jam`, `kas_debet`, `kas_kredit`, `kas_jenis`) VALUES
	('BLI201206063340', '1480011365783', 'Pembelian ke BINTANG ASIA SIGANTUNG 10GR X 15 20 BKS , MONAS X 10 20 BKS ', NULL, '2020-12-06', '18:32:00', NULL, 1270000, 'beli'),
	('BLI201206070941', '1480011365783', 'Pembelian [Kredit] ke APOLLO STAR PLASTIC POLIBEK 18 X 20  2 PACK ', NULL, '2020-12-06', '19:08:00', NULL, 0, 'beli'),
	('BLI201206083747', '1480011365783', 'Pembelian [Kredit] ke DGW (DELTA GIRI WACANA) BIO 88 Tanaman 1ltr x 15 5 btl , CHLORMITE 1LTR X 20 4 BTL , BENLOX 250GR X 20 6 KTK ', NULL, '2020-12-06', '20:36:00', NULL, 0, 'beli'),
	('BLI201209043321', '1480011365783', 'Pembelian [Kredit] ke DGW (DELTA GIRI WACANA) ASTONISH 250ML X 48 5 BTL , AVATAR 250ML X 18 5 BTL ', NULL, '2020-12-09', '16:32:00', NULL, 0, 'beli'),
	('BLI201209125755', '1480011365783', 'Pembelian ke CNI TERPAL 2 X 3 50 PCS , ZPT HANTU 500 ML X 20 50 PCS ', NULL, '2020-12-09', '12:57:00', NULL, 4400000, 'beli'),
	('BLI201212093324', '1480011365783', 'Pembelian ke CNI GANGGANG CANGKUL 11 PCS , PARANG MALAYSIA 11 PCS , TERPAL 2 X 3 11 PCS , ZPT HANTU 500 ML X 20 11 PCS , NPK HANTU 500 ML 11 PCS , TERPAL 3 X 4 11 PCS , TERPAL 4 X 5 11 PCS , TERPAL 4 ', NULL, '2020-12-12', '21:32:00', NULL, 8855000, 'beli'),
	('BLI210111011146', '1480011365783', 'Pembelian [Kredit] ke APOLLO STAR PLASTIC POLIBEK 18 X 20  5 PACK , POLIBEK 20 X 25 5 PACK , POLIBEK 20 X 20 5 PACK , POLIBEK 20 X 30 5 PACK , POLIBEK 25 X 30 5 PACK , POLIBEK 30 X 30 5 PACK , POLIBEK', NULL, '2021-01-11', '14:07:00', NULL, 0, 'beli'),
	('BLI210111031424', '1480011365783', 'Pembelian ke CAP DUA RANTAI JAGUNG JAMARA 250 GR X 20 5 PCS , SEMANGKA ELVANO 300 BTR X 10 5 PCS , CALIFORNIA ELZA F1 X 20  5 PCS , NAGIN F1 X 10 5 PCS , DAUN SILEDRI SIGO 10 GR X 10 5 PCS , CABE ALIP', NULL, '2021-01-11', '16:12:00', NULL, 1443000, 'beli'),
	('BLI210111031821', '1480011365783', 'Pembelian ke DGW (DELTA GIRI WACANA) BIO 88 Tanaman 1ltr x 15 5 btl , SUPREMO 500 ML X 50 5 BTL , ASTONISH 100ML X 30 5 BTL , ASTONISH 250ML X 48 5 BTL , AVATAR 250ML X 18 5 BTL , AVATAR 100ML X 36 5 ', NULL, '2021-01-11', '16:14:00', NULL, 17570750, 'beli'),
	('BLI210112074729', '1480011365783', 'Pembelian ke KAPAL TERBANG KACANG BH 500 GR X 40 5 PCS , KANGKUNG BISI 1 KG X 20 5 PCS , AMANDY 400ML X 40 5 BTL , ARIMBI 10GR X 12 5 BKS , ASOKA X 15 5 BKS , ANTABOGA X 12 5 BKS , BIGEST 10ML 5 BTL ,', NULL, '2021-01-12', '20:34:00', NULL, 25869925, 'beli'),
	('BYRC1', '1480011365783', 'Pembayaran dari Customer BPK. ADI', NULL, '2020-12-09', '08:15:00', 50000, NULL, 'piutang'),
	('BYRC10', '1480011365783', 'Pembayaran dari Customer BPK. BAYU ', NULL, '2021-01-17', '14:47:00', 0, NULL, 'piutang'),
	('BYRC11', '1480011365783', 'Pembayaran dari Customer IBU. ETI', NULL, '2021-01-17', '14:47:00', 45000, NULL, 'piutang'),
	('BYRC2', '1480011365783', 'Pembayaran dari Customer CILONG', NULL, '2020-12-09', '08:46:00', 10000, NULL, 'piutang'),
	('BYRC3', '1480011365783', 'Pembayaran dari Customer CILONG', NULL, '2020-12-09', '10:20:00', 4000, NULL, 'piutang'),
	('BYRC4', '1480011365783', 'Pembayaran dari Customer CILONG', NULL, '2020-12-26', '10:15:00', 5000, NULL, 'piutang'),
	('BYRC5', '1480011365783', 'Pembayaran dari Customer CILONG', NULL, '2020-12-26', '10:15:00', 75000, NULL, 'piutang'),
	('BYRC6', '1480011365783', 'Pembayaran dari Customer TK. ANGGI WAHAU ', NULL, '2020-12-31', '13:15:00', 50000, NULL, 'piutang'),
	('BYRC7', '1480011365783', 'Pembayaran dari Customer BPK. ELLY', NULL, '2021-01-12', '20:52:00', 0, NULL, 'piutang'),
	('BYRC8', '1480011365783', 'Pembayaran dari Customer IBU HASNAH', NULL, '2020-12-08', '13:28:00', 2000, NULL, 'piutang'),
	('BYRC9', '1480011365783', 'Pembayaran dari Customer PAK IKHRAM', NULL, '2020-11-23', '13:29:00', 13000, NULL, 'piutang'),
	('JL201209081601', '1480011365783', 'Penjualan [Kredit] ke Customer BPK. ADI MONAS X 10 5 BKS , SIGANTUNG 10GR X 15 5 BKS ', NULL, '2020-12-09', '08:15:00', 0, NULL, 'jual'),
	('JL201209084712', '1480011365783', 'Penjualan [Kredit] ke Customer CILONG MONAS X 10 3 BKS ', NULL, '2020-12-09', '08:46:00', 0, NULL, 'jual'),
	('JL201209102047', '1480011365783', 'Penjualan [Kredit] ke Customer CILONG SIGANTUNG 10GR X 15 3 BKS ', NULL, '2020-12-09', '10:20:00', 0, NULL, 'jual'),
	('JL201211071342', '1480011365783', 'Penjualan ke Customer BPK. ALI SUMARDI MONAS X 10 1 BKS ', NULL, '2020-12-11', '19:13:00', 50000, NULL, 'jual'),
	('JL201212093655', '1480011365783', 'Penjualan ke Customer BPK. ALI SUMARDI BIO 88 Tanaman 1ltr x 15 2 btl , GANGGANG CANGKUL 2 PCS , PARANG MALAYSIA 2 PCS , TERPAL 2 X 3 2 PCS , ZPT HANTU 500 ML X 20 2 PCS , NPK HANTU 500 ML 2 PCS , TER', NULL, '2020-12-12', '21:35:00', 2140000, NULL, 'jual'),
	('JL201213091457', '1480011365783', 'Penjualan ke Customer INDO TANI FARM  SIGANTUNG 10GR X 15 1 BKS , MONAS X 10 1 BKS , CHLORMITE 1LTR X 20 1 BTL , BENLOX 250GR X 20 1 KTK , AVATAR 250ML X 18 1 BTL , ASTONISH 250ML X 48 1 BTL , TERPAL ', NULL, '2020-12-13', '09:14:00', 1158000, NULL, 'jual'),
	('JL201213092155', '1480011365783', 'Penjualan ke Customer IBU HASNAH BIO 88 Tanaman 1ltr x 15 1 btl ', NULL, '2020-12-13', '09:21:00', 50000, NULL, 'jual'),
	('JL201213092228', '1480011365783', 'Penjualan ke Customer BPK. ALI SUMARDI TERPAL 2 X 3 1 PCS ', NULL, '2020-12-13', '09:21:00', 35000, NULL, 'jual'),
	('JL201213092242', '1480011365783', 'Penjualan ke Customer IBU. ETI ZPT HANTU 500 ML X 20 1 PCS ', NULL, '2020-12-13', '09:22:00', 55000, NULL, 'jual'),
	('JL201213092343', '1480011365783', 'Penjualan ke Customer LUTFHI TERPAL 2 X 3 1 PCS ', NULL, '2020-12-13', '09:22:00', 35000, NULL, 'jual'),
	('JL201231011614', '1480011365783', 'Penjualan [Kredit] ke Customer TK. ANGGI WAHAU  TERPAL 3 X 4 5 PCS , NPK HANTU 500 ML 5 PCS ', NULL, '2020-12-31', '13:15:00', 0, NULL, 'jual'),
	('JL210102120727', '1480011365783', 'Penjualan ke Customer BPK. AMAT HUSAIN TERPAL 2 X 3 10 PCS , TERPAL 3 X 4 2 PCS ', NULL, '2021-01-02', '12:06:00', 490000, NULL, 'jual'),
	('JL210111011654', '1480011365783', 'Penjualan ke Customer BPK. AMAT HUSAIN BIO 88 Tanaman 1ltr x 15 1 btl , GANGGANG CANGKUL 1 PCS , PARANG MALAYSIA 1 PCS , TERPAL 2 X 3 1 PCS , ZPT HANTU 500 ML X 20 1 PCS , NPK HANTU 500 ML 1 PCS , TER', NULL, '2021-01-11', '14:14:00', 3625000, NULL, 'jual'),
	('JL210111032940', '1480011365783', 'Penjualan ke Customer BPK. AMAT HUSAIN JAGUNG JAMARA 250 GR X 20 1 PCS , SEMANGKA ELVANO 300 BTR X 10 1 PCS , CALIFORNIA ELZA F1 X 20  1 PCS , NAGIN F1 X 10 1 PCS , DAUN SILEDRI SIGO 10 GR X 10 1 PCS ', NULL, '2021-01-11', '16:24:00', 6940000, NULL, 'jual'),
	('JL210112075234', '1480011365783', 'Penjualan [Kredit] ke Customer BPK. ELLY JAGUNG JAMARA 250 GR X 20 1 PCS , SEMANGKA ELVANO 300 BTR X 10 1 PCS , CALIFORNIA ELZA F1 X 20  1 PCS ', NULL, '2021-01-12', '20:52:00', 0, NULL, 'jual'),
	('JL210114122814', '1480011365783', 'Penjualan ke Customer BPK. ELLY JAGUNG JAMARA 250 GR X 20 1 PCS , SEMANGKA ELVANO 300 BTR X 10 1 PCS ', NULL, '2020-12-08', '13:27:00', 190000, NULL, 'jual'),
	('JL210114122918', '1480011365783', 'Penjualan [Kredit] ke Customer IBU HASNAH CALIFORNIA ELZA F1 X 20  1 PCS , NAGIN F1 X 10 1 PCS , DAUN SILEDRI SIGO 10 GR X 10 1 PCS , CABE ALIP 10 GR X 15 1 PCS ', NULL, '2020-12-08', '13:28:00', 0, NULL, 'jual'),
	('JL210114123025', '1480011365783', 'Penjualan [Kredit] ke Customer PAK IKHRAM LABU PREMATOR F1 10 GR X 10 1 PCS , CABE GENDIS 10 GR X 15 1 PCS , KANGKUNG BISI 1 KG X 20 1 PCS , KACANG BH 500 GR X 40 1 PCS ', NULL, '2020-11-23', '13:29:00', 0, NULL, 'jual'),
	('JL210117014746', '1480011365783', 'Penjualan [Kredit] ke Customer BPK. BAYU  JAGUNG JAMARA 250 GR X 20 1 PCS , SEMANGKA ELVANO 300 BTR X 10 1 PCS ', NULL, '2021-01-17', '14:47:00', 0, NULL, 'jual'),
	('JL210117014950', '1480011365783', 'Penjualan [Kredit] ke Customer IBU. ETI BIO 88 Tanaman 1ltr x 15 1 btl , GANGGANG CANGKUL 1 PCS , PARANG MALAYSIA 1 PCS , TERPAL 2 X 3 1 PCS , SUPREMO 500 ML X 50 1 BTL , ZPT HANTU 500 ML X 20 1 PCS ,', NULL, '2021-01-17', '14:47:00', 0, NULL, 'jual');
/*!40000 ALTER TABLE `d_kas` ENABLE KEYS */;

-- membuang struktur untuk table isbt_data.d_nota
CREATE TABLE IF NOT EXISTS `d_nota` (
  `nota_id` varchar(15) NOT NULL,
  `nota_no` varchar(15) NOT NULL,
  `nota_asal` int(11) NOT NULL,
  `nota_tujuan` int(11) NOT NULL,
  `nota_tanggal` date NOT NULL,
  `nota_jam` time NOT NULL,
  `nota_diskon` double NOT NULL DEFAULT '0',
  `nota_ppn` double NOT NULL DEFAULT '0',
  `nota_total` double NOT NULL DEFAULT '0',
  `nota_cb_id` int(11) DEFAULT NULL,
  `nota_cb` varchar(50) NOT NULL,
  `nota_pj` varchar(50) NOT NULL,
  `nota_iskredit` int(11) NOT NULL DEFAULT '0',
  `nota_isverifikasi` int(11) NOT NULL DEFAULT '0',
  `nota_jenis` varchar(10) NOT NULL COMMENT 'BELI;JUAL;PINDAH',
  `nota_ref_id` varchar(15) DEFAULT NULL,
  PRIMARY KEY (`nota_id`)
) ENGINE=InnoDB DEFAULT CHARSET=latin1;

-- Membuang data untuk tabel isbt_data.d_nota: ~35 rows (lebih kurang)
/*!40000 ALTER TABLE `d_nota` DISABLE KEYS */;
REPLACE INTO `d_nota` (`nota_id`, `nota_no`, `nota_asal`, `nota_tujuan`, `nota_tanggal`, `nota_jam`, `nota_diskon`, `nota_ppn`, `nota_total`, `nota_cb_id`, `nota_cb`, `nota_pj`, `nota_iskredit`, `nota_isverifikasi`, `nota_jenis`, `nota_ref_id`) VALUES
	('201206063340', '', 33, 1, '2020-12-06', '18:32:00', 0, 0, 1270000, NULL, 'BASUKI', 'aku', 0, 1, 'BELI', ''),
	('201206070941', '', 5, 1, '2020-12-06', '19:08:00', 0, 0, 0, NULL, 'BASUKI', 'i', 1, 1, 'BELI', ''),
	('201206083747', '', 11, 1, '2020-12-06', '20:36:00', 0, 0, 0, NULL, 'BASUKI', 't', 1, 1, 'BELI', ''),
	('201209043321', '', 11, 1, '2020-12-09', '16:32:00', 0, 10, 0, NULL, 'BASUKI', 'ok', 1, 1, 'BELI', ''),
	('201209081437', '', 1, 3, '2020-12-09', '08:12:00', 0, 0, 0, NULL, 'BASUKI', 'sweqe', 0, 1, 'PINDAH', ''),
	('201209081601', '00099', 3, 3, '2020-12-09', '08:15:00', 0, 0, 0, NULL, 'ALKHU', 'ALKHU', 1, 1, 'JUAL', ''),
	('201209084712', '00098', 3, 25, '2020-12-09', '08:46:00', 0, 0, 0, NULL, 'ALKHU', 'ALKHU', 1, 1, 'JUAL', ''),
	('201209102047', '00097', 3, 25, '2020-12-09', '10:20:00', 0, 0, 0, NULL, 'ALKHU', 'ALKHU', 1, 1, 'JUAL', ''),
	('201209125755', '', 9, 1, '2020-12-09', '12:57:00', 0, 10, 4400000, NULL, 'BASUKI', 'ok', 0, 1, 'BELI', ''),
	('201211071342', '', 3, 7, '2020-12-11', '19:13:00', 0, 0, 50000, NULL, 'ALKHU', 'ALKHU', 0, 1, 'JUAL', ''),
	('201212093324', '', 9, 1, '2020-12-12', '21:32:00', 0, 0, 8855000, NULL, 'BASUKI', 'aku', 0, 1, 'BELI', ''),
	('201212093509', '', 1, 3, '2020-12-12', '21:33:00', 0, 0, 0, NULL, 'BASUKI', 'aku', 0, 1, 'PINDAH', ''),
	('201212093655', '', 3, 7, '2020-12-12', '21:35:00', 0, 0, 2140000, NULL, 'ALKHU', 'ALKHU', 0, 1, 'JUAL', ''),
	('201213091457', '0000001', 3, 36, '2020-12-13', '09:14:00', 0, 0, 1158000, NULL, 'ALKHU', 'ALKHU', 0, 1, 'JUAL', ''),
	('201213092155', '0000002', 3, 34, '2020-12-13', '09:21:00', 0, 0, 50000, NULL, 'ALKHU', 'ALKHU', 0, 1, 'JUAL', ''),
	('201213092228', '0000003', 3, 7, '2020-12-13', '09:21:00', 0, 0, 35000, NULL, 'ALKHU', 'ALKHU', 0, 1, 'JUAL', ''),
	('201213092242', '0000004', 3, 23, '2020-12-13', '09:22:00', 0, 0, 55000, NULL, 'ALKHU', 'ALKHU', 0, 1, 'JUAL', ''),
	('201213092343', '0000001', 3, 40, '2020-12-13', '09:22:00', 0, 0, 35000, NULL, 'ALKHU', 'ALKHU', 0, 1, 'JUAL', ''),
	('201231011614', '0000002', 3, 9, '2020-12-31', '13:15:00', 0, 0, 0, 11, 'Kasir tes', 'Kasir tes', 1, 1, 'JUAL', NULL),
	('210102120727', '0000001', 3, 6, '2021-01-02', '12:06:00', 0, 0, 490000, 6, 'ALKHU', 'ALKHU', 0, 1, 'JUAL', NULL),
	('210111011146', '', 5, 1, '2021-01-17', '14:07:00', 0, 0, 0, 8, 'BASUKI', 'FANDY', 1, 1, 'BELI', NULL),
	('210111011317', '', 1, 3, '2021-01-11', '14:12:00', 0, 0, 0, 8, 'BASUKI', 'FANDY', 0, 1, 'PINDAH', NULL),
	('210111011654', '0000002', 3, 6, '2021-01-11', '14:14:00', 0, 0, 3625000, 6, 'ALKHU', 'ALKHU', 0, 1, 'JUAL', NULL),
	('210111031424', '', 34, 1, '2021-01-11', '16:12:00', 0, 0, 1443000, 8, 'BASUKI', 'AFANDY', 0, 1, 'BELI', NULL),
	('210111031821', '', 11, 1, '2021-01-11', '16:14:00', 0, 0, 17570750, 8, 'BASUKI', 'AFANDY', 0, 1, 'BELI', NULL),
	('210111032411', '', 1, 3, '2021-01-11', '16:19:00', 0, 0, 0, 8, 'BASUKI', 'AFANDY', 0, 1, 'PINDAH', NULL),
	('210111032940', '0000003', 3, 6, '2021-01-11', '16:24:00', 0, 0, 6940000, 6, 'ALKHU', 'ALKHU', 0, 1, 'JUAL', NULL),
	('210112074729', '', 15, 1, '2021-01-12', '20:34:00', 0, 0, 25869925, 8, 'BASUKI', 'AFANDY', 0, 1, 'BELI', NULL),
	('210112075046', '', 1, 3, '2021-01-12', '20:50:00', 0, 0, 0, 8, 'BASUKI', 'AFANDY', 0, 1, 'PINDAH', NULL),
	('210112075234', '0000004', 3, 20, '2021-01-17', '20:52:00', 0, 0, 0, 6, 'ALKHU', 'ALKHU', 1, 1, 'JUAL', NULL),
	('210114122814', '0000005', 3, 20, '2020-12-08', '13:27:00', 0, 0, 190000, 6, 'ALKHU', 'ALKHU', 0, 1, 'JUAL', NULL),
	('210114122918', '0000006', 3, 34, '2020-12-08', '13:28:00', 0, 0, 0, 6, 'ALKHU', 'ALKHU', 1, 1, 'JUAL', NULL),
	('210114123025', '0000007', 3, 35, '2020-11-23', '13:29:00', 0, 0, 0, 6, 'ALKHU', 'ALKHU', 1, 1, 'JUAL', NULL),
	('210117014746', '0000008', 3, 13, '2021-01-17', '14:47:00', 0, 0, 0, 6, 'ALKHU', 'ALKHU', 1, 1, 'JUAL', NULL),
	('210117014950', '0000009', 3, 23, '2021-01-17', '14:47:00', 0, 0, 0, 6, 'ALKHU', 'ALKHU', 1, 1, 'JUAL', NULL);
/*!40000 ALTER TABLE `d_nota` ENABLE KEYS */;

-- membuang struktur untuk table isbt_data.d_nota_detail
CREATE TABLE IF NOT EXISTS `d_nota_detail` (
  `dtn_id` varchar(20) NOT NULL,
  `dtn_prd_id` varchar(20) NOT NULL,
  `dtn_hargabeli` double NOT NULL DEFAULT '0',
  `dtn_hargajual` double NOT NULL DEFAULT '0',
  `dtn_jumlah` double NOT NULL DEFAULT '0',
  `dtn_nota_id` varchar(15) NOT NULL,
  `dtn_kadaluarsa` date DEFAULT NULL,
  `dtn_nobatch` char(50) DEFAULT NULL,
  PRIMARY KEY (`dtn_id`)
) ENGINE=InnoDB DEFAULT CHARSET=latin1;

-- Membuang data untuk tabel isbt_data.d_nota_detail: ~466 rows (lebih kurang)
/*!40000 ALTER TABLE `d_nota_detail` DISABLE KEYS */;
REPLACE INTO `d_nota_detail` (`dtn_id`, `dtn_prd_id`, `dtn_hargabeli`, `dtn_hargajual`, `dtn_jumlah`, `dtn_nota_id`, `dtn_kadaluarsa`, `dtn_nobatch`) VALUES
	('201206063340iO6Rk', '545', 43500, 0, 20, '201206063340', '2020-12-17', '79999'),
	('201206063340Uv3ef', '325', 20000, 0, 20, '201206063340', '2020-12-10', '79999'),
	('201206070941qeNf5', '598', 50000, 0, 2, '201206070941', '2020-12-31', '88'),
	('201206083747BPOld', '583', 46000, 0, 5, '201206083747', '2020-12-05', '55'),
	('201206083747GAsaQ', '305', 135000, 0, 4, '201206083747', '2021-06-06', '55'),
	('201206083747xh8cf', '285', 78000, 0, 6, '201206083747', '2021-06-07', '55'),
	('2012090433218t2G0', '252', 52550, 0, 5, '201209043321', '2020-12-18', ''),
	('201209043321y6dgi', '249', 255000, 0, 5, '201209043321', '2020-12-24', ''),
	('2012090816011A9S7', '325', 20000, 28000, 5, '201209081601', '2020-12-09', 'SELL20201209'),
	('2012090816012gCMs', '545', 43500, 50000, 5, '201209081601', '2020-12-09', 'SELL20201209'),
	('201209084712Qda5q', '545', 43500, 50000, 3, '201209084712', '2020-12-09', 'SELL20201209'),
	('201209102047wq6Ab', '325', 20000, 28000, 3, '201209102047', '2020-12-09', 'SELL20201209'),
	('201209125755JDemk', '535', 30000, 0, 50, '201209125755', '1970-01-01', '1'),
	('201209125755MXyFa', '593', 50000, 0, 50, '201209125755', '1970-01-01', '1'),
	('201211071342zqMsb', '545', 43500, 50000, 1, '201211071342', '2020-12-11', 'SELL20201211'),
	('2012120933247KTqO', '538', 120000, 0, 11, '201212093324', '1970-01-01', '4'),
	('201212093324c5aFk', '585', 55000, 0, 11, '201212093324', '1970-01-01', '4'),
	('201212093324CcWjs', '539', 175000, 0, 11, '201212093324', '1970-01-01', '4'),
	('201212093324FXea4', '536', 60000, 0, 11, '201212093324', '1970-01-01', '4'),
	('201212093324MyObV', '535', 30000, 0, 11, '201212093324', '1970-01-01', '4'),
	('201212093324ofQpS', '537', 95000, 0, 11, '201212093324', '1970-01-01', '4'),
	('201212093324si3WO', '594', 50000, 0, 11, '201212093324', '1970-01-01', '4'),
	('201212093324SZlHm', '593', 50000, 0, 11, '201212093324', '1970-01-01', '4'),
	('201212093324VqeJa', '540', 150000, 0, 11, '201212093324', '1970-01-01', '4'),
	('201212093324yEU1Q', '584', 20000, 0, 11, '201212093324', '1970-01-01', '4'),
	('201212093655a4zjM', '537', 95000, 105000, 2, '201212093655', '2020-12-12', 'SELL20201212'),
	('201212093655DWu62', '285', 78000, 85000, 2, '201212093655', '2020-12-12', 'SELL20201212'),
	('201212093655GvwWB', '583', 46000, 50000, 2, '201212093655', '2020-12-12', 'SELL20201212'),
	('201212093655hpVsc', '536', 60000, 70000, 2, '201212093655', '2020-12-12', 'SELL20201212'),
	('201212093655kYHvd', '538', 120000, 130000, 2, '201212093655', '2020-12-12', 'SELL20201212'),
	('201212093655mceLW', '252', 52550, 55000, 2, '201212093655', '2020-12-12', 'SELL20201212'),
	('201212093655mIgkb', '593', 50000, 55000, 2, '201212093655', '2020-12-12', 'SELL20201212'),
	('201212093655nCjcy', '585', 55000, 80000, 2, '201212093655', '2020-12-12', 'SELL20201212'),
	('201212093655Ntflk', '535', 30000, 35000, 2, '201212093655', '2020-12-12', 'SELL20201212'),
	('201212093655QytmY', '539', 175000, 185000, 2, '201212093655', '2020-12-12', 'SELL20201212'),
	('201212093655Rw4TC', '305', 135000, 140000, 2, '201212093655', '2020-12-12', 'SELL20201212'),
	('201212093655YNBHo', '584', 20000, 25000, 2, '201212093655', '2020-12-12', 'SELL20201212'),
	('201212093655Ys1ty', '594', 50000, 55000, 2, '201212093655', '2020-12-12', 'SELL20201212'),
	('201213091457b6vtZ', '305', 135000, 140000, 1, '201213091457', '2020-12-13', 'SELL20201213'),
	('201213091457E9o7h', '584', 20000, 25000, 1, '201213091457', '2020-12-13', 'SELL20201213'),
	('201213091457ECbrZ', '252', 52550, 55000, 1, '201213091457', '2020-12-13', 'SELL20201213'),
	('201213091457etjVE', '540', 150000, 160000, 1, '201213091457', '2020-12-13', 'SELL20201213'),
	('201213091457FZE6K', '535', 30000, 35000, 1, '201213091457', '2020-12-13', 'SELL20201213'),
	('201213091457IN431', '593', 50000, 55000, 1, '201213091457', '2020-12-13', 'SELL20201213'),
	('201213091457iuZVh', '325', 20000, 28000, 1, '201213091457', '2020-12-13', 'SELL20201213'),
	('201213091457LhGrB', '249', 255000, 260000, 1, '201213091457', '2020-12-13', 'SELL20201213'),
	('201213091457PAZt2', '285', 78000, 85000, 1, '201213091457', '2020-12-13', 'SELL20201213'),
	('201213091457QdoZ5', '545', 43500, 50000, 1, '201213091457', '2020-12-13', 'SELL20201213'),
	('201213091457sWup5', '585', 55000, 80000, 1, '201213091457', '2020-12-13', 'SELL20201213'),
	('201213091457vubLH', '539', 175000, 185000, 1, '201213091457', '2020-12-13', 'SELL20201213'),
	('201213092155jDpMr', '583', 46000, 50000, 1, '201213092155', '2020-12-13', 'SELL20201213'),
	('201213092228D2WgV', '535', 30000, 35000, 1, '201213092228', '2020-12-13', 'SELL20201213'),
	('201213092242Df9Bz', '593', 50000, 55000, 1, '201213092242', '2020-12-13', 'SELL20201213'),
	('201213092343XVbGm', '535', 30000, 35000, 1, '201213092343', '2020-12-13', 'SELL20201213'),
	('201231011614jNtUP', '594', 50000, 55000, 5, '201231011614', '2020-12-31', 'SELL20201231'),
	('201231011614wR6IJ', '536', 60000, 70000, 5, '201231011614', '2020-12-31', 'SELL20201231'),
	('210102120727j0pAh', '536', 60000, 70000, 2, '210102120727', '2021-01-02', 'SELL20210102'),
	('210102120727sRK4q', '535', 30000, 35000, 10, '210102120727', '2021-01-02', 'SELL20210102'),
	('210111011146016GM', '606', 16700, 0, 5, '210111011146', '2021-02-10', 'A8'),
	('2101110111461QNe4', '599', 16700, 0, 5, '210111011146', '2021-04-15', 'A3'),
	('210111011146278j9', '447', 17000, 0, 5, '210111011146', '2021-09-23', 'A18'),
	('2101110111467jt4n', '387', 521000, 0, 5, '210111011146', '2021-02-04', 'A14'),
	('210111011146A8lMi', '609', 16700, 0, 5, '210111011146', '2021-01-06', 'A11'),
	('210111011146adj9Y', '608', 16700, 0, 5, '210111011146', '2021-01-28', 'A10'),
	('210111011146ervxc', '602', 16700, 0, 5, '210111011146', '2021-01-12', 'A12'),
	('210111011146G1NyE', '604', 16700, 0, 5, '210111011146', '2021-05-13', 'A6'),
	('210111011146G3IM4', '603', 16700, 0, 5, '210111011146', '2021-05-06', 'A5'),
	('210111011146IF924', '607', 16700, 0, 5, '210111011146', '2021-05-10', 'A9'),
	('210111011146KxFmR', '605', 16700, 0, 5, '210111011146', '2021-03-11', 'A7'),
	('210111011146lxnGX', '388', 242000, 0, 5, '210111011146', '2021-02-05', 'A15'),
	('210111011146Mob05', '389', 52000, 0, 5, '210111011146', '2021-01-28', 'A13'),
	('210111011146MUDKg', '600', 15700, 0, 5, '210111011146', '2021-04-16', 'A2'),
	('210111011146RNav2', '543', 37500, 0, 5, '210111011146', '2021-10-28', 'A20'),
	('210111011146ru5GP', '446', 17000, 0, 5, '210111011146', '2021-02-06', 'A16'),
	('210111011146sC7fi', '601', 16700, 0, 5, '210111011146', '2021-06-23', 'A4'),
	('210111011146vCD14', '493', 100000, 0, 5, '210111011146', '2021-07-23', 'A19'),
	('210111011146vcYsI', '445', 17000, 0, 5, '210111011146', '2021-01-09', 'A17'),
	('210111011146Zx2cY', '598', 12300, 0, 5, '210111011146', '2021-07-08', 'A1'),
	('2101110116542SDo5', '536', 60000, 70000, 1, '210111011654', '2021-01-11', 'SELL20210111'),
	('2101110116544Ddbm', '447', 0, 30000, 1, '210111011654', '2021-01-11', 'SELL20210111'),
	('2101110116544oxCc', '584', 20000, 25000, 1, '210111011654', '2021-01-11', 'SELL20210111'),
	('2101110116545SuaY', '540', 150000, 160000, 1, '210111011654', '2021-01-11', 'SELL20210111'),
	('2101110116546tjXE', '583', 46000, 50000, 1, '210111011654', '2021-01-11', 'SELL20210111'),
	('2101110116547HlZL', '609', 0, 30000, 1, '210111011654', '2021-01-11', 'SELL20210111'),
	('2101110116549OD1q', '535', 30000, 35000, 1, '210111011654', '2021-01-11', 'SELL20210111'),
	('210111011654AQid2', '388', 242000, 285000, 1, '210111011654', '2021-01-11', 'SELL20210111'),
	('210111011654B3HuX', '305', 135000, 140000, 1, '210111011654', '2021-01-11', 'SELL20210111'),
	('210111011654b8rZq', '543', 37500, 42000, 1, '210111011654', '2021-01-11', 'SELL20210111'),
	('210111011654Ewxgo', '585', 55000, 80000, 1, '210111011654', '2021-01-11', 'SELL20210111'),
	('210111011654FSYBP', '598', 0, 30000, 1, '210111011654', '2021-01-11', 'SELL20210111'),
	('210111011654GF3qZ', '285', 78000, 85000, 1, '210111011654', '2021-01-11', 'SELL20210111'),
	('210111011654hs5wg', '594', 50000, 55000, 1, '210111011654', '2021-01-11', 'SELL20210111'),
	('210111011654hwL5R', '387', 521000, 575000, 1, '210111011654', '2021-01-11', 'SELL20210111'),
	('210111011654J2ZGg', '604', 0, 30000, 1, '210111011654', '2021-01-11', 'SELL20210111'),
	('210111011654j8qf6', '493', 100000, 130000, 1, '210111011654', '2021-01-11', 'SELL20210111'),
	('210111011654jeWtB', '593', 50000, 55000, 1, '210111011654', '2021-01-11', 'SELL20210111'),
	('210111011654ji38B', '607', 0, 30000, 1, '210111011654', '2021-01-11', 'SELL20210111'),
	('210111011654KyBJu', '608', 0, 30000, 1, '210111011654', '2021-01-11', 'SELL20210111'),
	('210111011654l07bx', '602', 0, 30000, 1, '210111011654', '2021-01-11', 'SELL20210111'),
	('210111011654LFehX', '599', 0, 30000, 1, '210111011654', '2021-01-11', 'SELL20210111'),
	('210111011654NuMvS', '600', 0, 30000, 1, '210111011654', '2021-01-11', 'SELL20210111'),
	('210111011654Od8DF', '325', 20000, 28000, 1, '210111011654', '2021-01-11', 'SELL20210111'),
	('210111011654OWqyn', '537', 95000, 105000, 1, '210111011654', '2021-01-11', 'SELL20210111'),
	('210111011654R6bUx', '249', 255000, 260000, 1, '210111011654', '2021-01-11', 'SELL20210111'),
	('210111011654SdMeJ', '445', 0, 30000, 1, '210111011654', '2021-01-11', 'SELL20210111'),
	('210111011654tjpa1', '538', 120000, 130000, 1, '210111011654', '2021-01-11', 'SELL20210111'),
	('210111011654udjVG', '603', 0, 30000, 1, '210111011654', '2021-01-11', 'SELL20210111'),
	('210111011654UpD28', '252', 52550, 55000, 1, '210111011654', '2021-01-11', 'SELL20210111'),
	('210111011654v9DGQ', '389', 52000, 575000, 1, '210111011654', '2021-01-11', 'SELL20210111'),
	('210111011654wDaNA', '605', 0, 30000, 1, '210111011654', '2021-01-11', 'SELL20210111'),
	('210111011654WkZ51', '606', 0, 30000, 1, '210111011654', '2021-01-11', 'SELL20210111'),
	('210111011654XdpBM', '446', 0, 30000, 1, '210111011654', '2021-01-11', 'SELL20210111'),
	('210111011654xJS75', '601', 0, 30000, 1, '210111011654', '2021-01-11', 'SELL20210111'),
	('210111011654YZbt3', '545', 43500, 50000, 1, '210111011654', '2021-01-11', 'SELL20210111'),
	('210111011654ZyXQu', '539', 175000, 185000, 1, '210111011654', '2021-01-11', 'SELL20210111'),
	('2101110314249vBhy', '568', 15000, 0, 5, '210111031424', '2021-01-25', 'AA6'),
	('210111031424a8j0s', '563', 63000, 0, 5, '210111031424', '2021-01-21', 'AA1'),
	('210111031424EndKs', '566', 35500, 0, 5, '210111031424', '2021-01-30', 'AA4'),
	('210111031424fBY35', '570', 13000, 0, 5, '210111031424', '2021-01-20', 'AA8'),
	('210111031424FWQv0', '564', 98000, 0, 5, '210111031424', '2021-01-28', 'AA2'),
	('210111031424g7QkO', '567', 16000, 0, 5, '210111031424', '2021-01-24', 'AA5'),
	('210111031424iqFbI', '565', 16000, 0, 5, '210111031424', '2021-01-29', 'AA3'),
	('210111031424mg5BJ', '597', 7500, 0, 5, '210111031424', '2021-01-18', 'AA9'),
	('210111031424wmcIA', '559', 6600, 0, 5, '210111031424', '2021-01-17', 'AA10'),
	('210111031424YSJTt', '569', 18000, 0, 5, '210111031424', '2021-01-27', 'AA7'),
	('2101110318211jH35', '321', 93250, 0, 5, '210111031821', '1970-01-01', 'B19'),
	('2101110318213qeNp', '383', 80100, 0, 5, '210111031821', '1970-01-01', 'B25'),
	('21011103182145E2L', '449', 58500, 0, 5, '210111031821', '1970-01-01', 'B30'),
	('2101110318215lr9H', '287', 53000, 0, 5, '210111031821', '1970-01-01', 'B8'),
	('210111031821arl1O', '485', 38000, 0, 5, '210111031821', '1970-01-01', 'B33'),
	('210111031821bDx76', '299', 41900, 0, 5, '210111031821', '1970-01-01', 'B12'),
	('210111031821C9ijn', '288', 202300, 0, 5, '210111031821', '1970-01-01', 'B9'),
	('210111031821DhZMn', '448', 31000, 0, 5, '210111031821', '1970-01-01', 'B29'),
	('210111031821drIg2', '250', 186000, 0, 5, '210111031821', '1970-01-01', 'B15'),
	('210111031821Dw5Jk', '312', 34500, 0, 5, '210111031821', '1970-01-01', 'B14'),
	('210111031821e9Xc4', '285', 78000, 0, 5, '210111031821', '1970-01-01', 'B7'),
	('210111031821ekYID', '252', 52550, 0, 5, '210111031821', '1970-01-01', 'B4'),
	('210111031821gJL6S', '341', 100000, 0, 5, '210111031821', '1970-01-01', 'B22'),
	('210111031821GY3q5', '305', 135000, 0, 5, '210111031821', '1970-01-01', 'B10'),
	('210111031821H4JeV', '546', 125000, 0, 5, '210111031821', '1970-01-01', 'B39'),
	('210111031821h5EW9', '553', 143000, 0, 5, '210111031821', '1970-01-01', 'B41'),
	('210111031821HGO2F', '486', 70000, 0, 5, '210111031821', '1970-01-01', 'B32'),
	('210111031821IkoYf', '251', 37600, 0, 5, '210111031821', '1970-01-01', 'B21'),
	('210111031821j6wxI', '406', 135500, 0, 5, '210111031821', '1970-01-01', 'B26'),
	('210111031821jlwm3', '381', 19500, 0, 5, '210111031821', '1970-01-01', 'B23'),
	('210111031821JsvrP', '511', 211000, 0, 5, '210111031821', '1970-01-01', 'B38'),
	('210111031821kGHuh', '450', 137000, 0, 5, '210111031821', '1970-01-01', 'B31'),
	('210111031821l6jaJ', '510', 55700, 0, 5, '210111031821', '1970-01-01', 'B37'),
	('210111031821lO5gw', '410', 23450, 0, 5, '210111031821', '1970-01-01', 'B27'),
	('210111031821MeBk4', '248', 99000, 0, 5, '210111031821', '1970-01-01', 'B6'),
	('210111031821mrl2V', '274', 22900, 0, 5, '210111031821', '1970-01-01', 'B3'),
	('210111031821Mv9r8', '507', 61000, 0, 5, '210111031821', '1970-01-01', 'B36'),
	('210111031821N1AFg', '313', 77000, 0, 5, '210111031821', '1970-01-01', 'B13'),
	('210111031821nukaU', '529', 232000, 0, 5, '210111031821', '1970-01-01', 'B35'),
	('210111031821PHmeJ', '583', 46000, 0, 5, '210111031821', '1970-01-01', 'B1'),
	('210111031821pSdQP', '304', 78700, 0, 5, '210111031821', '1970-01-01', 'B16'),
	('210111031821Qp9tl', '528', 60500, 0, 5, '210111031821', '1970-01-01', 'B34'),
	('210111031821QT3uj', '411', 54750, 0, 5, '210111031821', '1970-01-01', 'B28'),
	('210111031821qTb2H', '249', 255000, 0, 5, '210111031821', '1970-01-01', 'B5'),
	('210111031821rAI7K', '322', 153000, 0, 5, '210111031821', '1970-01-01', 'B20'),
	('210111031821uoYsf', '324', 56800, 0, 5, '210111031821', '1970-01-01', 'B18'),
	('210111031821VbLNq', '550', 4350, 0, 5, '210111031821', '1970-01-01', 'B40'),
	('210111031821VBWbP', '382', 36500, 0, 5, '210111031821', '1970-01-01', 'B24'),
	('210111031821vSrex', '293', 76300, 0, 5, '210111031821', '1970-01-01', 'B11'),
	('210111031821VwPfe', '615', 33000, 0, 5, '210111031821', '1970-01-01', 'B2'),
	('210111031821Vy1R6', '323', 25500, 0, 5, '210111031821', '1970-01-01', 'B17'),
	('2101110329401aCgi', '538', 120000, 130000, 1, '210111032940', '2021-01-11', 'SELL20210111'),
	('2101110329401GnDQ', '445', 0, 20000, 1, '210111032940', '2021-01-11', 'SELL20210111'),
	('2101110329402iKzm', '583', 46000, 50000, 1, '210111032940', '2021-01-11', 'SELL20210111'),
	('2101110329402TJh6', '603', 0, 20000, 1, '210111032940', '2021-01-11', 'SELL20210111'),
	('2101110329402tlKe', '598', 0, 20000, 1, '210111032940', '2021-01-11', 'SELL20210111'),
	('2101110329403GHSl', '606', 0, 20000, 1, '210111032940', '2021-01-11', 'SELL20210111'),
	('2101110329404ER8g', '529', 232000, 240000, 1, '210111032940', '2021-01-11', 'SELL20210111'),
	('2101110329404ORA3', '545', 43500, 50000, 1, '210111032940', '2021-01-11', 'SELL20210111'),
	('2101110329405rQwK', '607', 0, 20000, 1, '210111032940', '2021-01-11', 'SELL20210111'),
	('2101110329405Z7Vy', '324', 56800, 59000, 1, '210111032940', '2021-01-11', 'SELL20210111'),
	('21011103294063KEJ', '249', 255000, 260000, 1, '210111032940', '2021-01-11', 'SELL20210111'),
	('2101110329406g73y', '566', 35500, 40000, 1, '210111032940', '2021-01-11', 'SELL20210111'),
	('2101110329407BvJC', '387', 521000, 575000, 1, '210111032940', '2021-01-11', 'SELL20210111'),
	('2101110329407ElBr', '605', 0, 20000, 1, '210111032940', '2021-01-11', 'SELL20210111'),
	('2101110329407lsoA', '411', 54750, 60000, 1, '210111032940', '2021-01-11', 'SELL20210111'),
	('2101110329407xDiE', '510', 55700, 59000, 1, '210111032940', '2021-01-11', 'SELL20210111'),
	('21011103294083o6Y', '553', 143000, 150000, 1, '210111032940', '2021-01-11', 'SELL20210111'),
	('2101110329408oIf7', '570', 13000, 18000, 1, '210111032940', '2021-01-11', 'SELL20210111'),
	('2101110329408zKPU', '537', 95000, 105000, 1, '210111032940', '2021-01-11', 'SELL20210111'),
	('2101110329409WRX0', '546', 125000, 135000, 1, '210111032940', '2021-01-11', 'SELL20210111'),
	('210111032940aZHYB', '601', 0, 20000, 1, '210111032940', '2021-01-11', 'SELL20210111'),
	('210111032940bOqd9', '341', 100000, 105000, 1, '210111032940', '2021-01-11', 'SELL20210111'),
	('210111032940Ce6MZ', '559', 6600, 12000, 1, '210111032940', '2021-01-11', 'SELL20210111'),
	('210111032940CLAQ7', '609', 0, 20000, 1, '210111032940', '2021-01-11', 'SELL20210111'),
	('210111032940CNBjI', '321', 93250, 100000, 1, '210111032940', '2021-01-11', 'SELL20210111'),
	('210111032940dfpaO', '388', 242000, 285000, 1, '210111032940', '2021-01-11', 'SELL20210111'),
	('210111032940Dw2vP', '528', 60500, 63000, 1, '210111032940', '2021-01-11', 'SELL20210111'),
	('210111032940DZWby', '449', 58500, 60000, 1, '210111032940', '2021-01-11', 'SELL20210111'),
	('210111032940e9cf4', '543', 37500, 42000, 1, '210111032940', '2021-01-11', 'SELL20210111'),
	('210111032940FR3Cb', '585', 55000, 80000, 1, '210111032940', '2021-01-11', 'SELL20210111'),
	('210111032940gkIXL', '312', 34500, 38000, 1, '210111032940', '2021-01-11', 'SELL20210111'),
	('210111032940gxnSW', '389', 52000, 575000, 1, '210111032940', '2021-01-11', 'SELL20210111'),
	('210111032940HkyYP', '313', 77000, 80000, 1, '210111032940', '2021-01-11', 'SELL20210111'),
	('210111032940HoBUb', '486', 70000, 75000, 1, '210111032940', '2021-01-11', 'SELL20210111'),
	('210111032940i1ZcS', '299', 41900, 43000, 1, '210111032940', '2021-01-11', 'SELL20210111'),
	('210111032940iOfvq', '539', 175000, 185000, 1, '210111032940', '2021-01-11', 'SELL20210111'),
	('210111032940iRqzw', '250', 186000, 190000, 1, '210111032940', '2021-01-11', 'SELL20210111'),
	('210111032940J6BNp', '535', 30000, 35000, 1, '210111032940', '2021-01-11', 'SELL20210111'),
	('210111032940jc25U', '599', 0, 20000, 1, '210111032940', '2021-01-11', 'SELL20210111'),
	('210111032940jEyuD', '447', 0, 20000, 1, '210111032940', '2021-01-11', 'SELL20210111'),
	('210111032940JFP9C', '567', 16000, 20000, 1, '210111032940', '2021-01-11', 'SELL20210111'),
	('210111032940JieIH', '274', 22900, 30000, 1, '210111032940', '2021-01-11', 'SELL20210111'),
	('210111032940kbvX5', '565', 16000, 20000, 1, '210111032940', '2021-01-11', 'SELL20210111'),
	('210111032940KJLyg', '446', 0, 20000, 1, '210111032940', '2021-01-11', 'SELL20210111'),
	('210111032940KN87U', '511', 211000, 225000, 1, '210111032940', '2021-01-11', 'SELL20210111'),
	('210111032940LNDfe', '568', 15000, 20000, 1, '210111032940', '2021-01-11', 'SELL20210111'),
	('210111032940lpmqQ', '536', 60000, 70000, 1, '210111032940', '2021-01-11', 'SELL20210111'),
	('210111032940MNOym', '248', 99000, 103000, 1, '210111032940', '2021-01-11', 'SELL20210111'),
	('210111032940NeDrf', '287', 53000, 58000, 1, '210111032940', '2021-01-11', 'SELL20210111'),
	('210111032940ngGjv', '593', 50000, 55000, 1, '210111032940', '2021-01-11', 'SELL20210111'),
	('210111032940NhJfk', '493', 100000, 130000, 1, '210111032940', '2021-01-11', 'SELL20210111'),
	('210111032940NMAsX', '450', 137000, 142000, 1, '210111032940', '2021-01-11', 'SELL20210111'),
	('210111032940nuTxD', '600', 0, 20000, 1, '210111032940', '2021-01-11', 'SELL20210111'),
	('210111032940o0DHs', '383', 80100, 83000, 1, '210111032940', '2021-01-11', 'SELL20210111'),
	('210111032940o4p1s', '382', 36500, 39000, 1, '210111032940', '2021-01-11', 'SELL20210111'),
	('210111032940o9Cj5', '507', 61000, 65000, 1, '210111032940', '2021-01-11', 'SELL20210111'),
	('210111032940oBIpL', '584', 20000, 25000, 1, '210111032940', '2021-01-11', 'SELL20210111'),
	('210111032940oh3gR', '285', 78000, 85000, 1, '210111032940', '2021-01-11', 'SELL20210111'),
	('210111032940oRLPX', '597', 7500, 9000, 1, '210111032940', '2021-01-11', 'SELL20210111'),
	('210111032940P2RHE', '550', 4350, 5000, 1, '210111032940', '2021-01-11', 'SELL20210111'),
	('210111032940PesTy', '569', 18000, 23000, 1, '210111032940', '2021-01-11', 'SELL20210111'),
	('210111032940pJR04', '410', 23450, 25000, 1, '210111032940', '2021-01-11', 'SELL20210111'),
	('210111032940PNmXk', '564', 98000, 120000, 1, '210111032940', '2021-01-11', 'SELL20210111'),
	('210111032940Q9jhz', '448', 31000, 33000, 1, '210111032940', '2021-01-11', 'SELL20210111'),
	('210111032940qKUPW', '251', 37600, 42000, 1, '210111032940', '2021-01-11', 'SELL20210111'),
	('210111032940QZTfH', '608', 0, 20000, 1, '210111032940', '2021-01-11', 'SELL20210111'),
	('210111032940RfMtz', '563', 63000, 70000, 1, '210111032940', '2021-01-11', 'SELL20210111'),
	('210111032940RfPz1', '288', 202300, 215000, 1, '210111032940', '2021-01-11', 'SELL20210111'),
	('210111032940RUkQV', '604', 0, 20000, 1, '210111032940', '2021-01-11', 'SELL20210111'),
	('210111032940RUno2', '252', 52550, 55000, 1, '210111032940', '2021-01-11', 'SELL20210111'),
	('210111032940rWtXV', '323', 25500, 27000, 1, '210111032940', '2021-01-11', 'SELL20210111'),
	('210111032940T1pLP', '293', 76300, 79500, 1, '210111032940', '2021-01-11', 'SELL20210111'),
	('210111032940Ujt1R', '406', 135500, 140000, 1, '210111032940', '2021-01-11', 'SELL20210111'),
	('210111032940UnFE8', '305', 135000, 140000, 1, '210111032940', '2021-01-11', 'SELL20210111'),
	('210111032940VmnC0', '540', 150000, 160000, 1, '210111032940', '2021-01-11', 'SELL20210111'),
	('210111032940vU6Lp', '381', 19500, 22000, 1, '210111032940', '2021-01-11', 'SELL20210111'),
	('210111032940VW1rl', '322', 153000, 165000, 1, '210111032940', '2021-01-11', 'SELL20210111'),
	('210111032940wE3gM', '485', 38000, 40000, 1, '210111032940', '2021-01-11', 'SELL20210111'),
	('210111032940WJG47', '304', 78700, 83000, 1, '210111032940', '2021-01-11', 'SELL20210111'),
	('210111032940xe6gF', '594', 50000, 55000, 1, '210111032940', '2021-01-11', 'SELL20210111'),
	('210111032940z5Ey2', '325', 20000, 28000, 1, '210111032940', '2021-01-11', 'SELL20210111'),
	('210111032940zkRyN', '615', 33000, 34500, 1, '210111032940', '2021-01-11', 'SELL20210111'),
	('210111032940zSv5s', '602', 0, 20000, 1, '210111032940', '2021-01-11', 'SELL20210111'),
	('2101120747290pMSt', '133', 32500, 0, 5, '210112074729', '2021-01-26', 'C27'),
	('2101120747290WgmR', '136', 14500, 0, 5, '210112074729', '2021-03-18', 'C7'),
	('2101120747290YOL2', '125', 52500, 0, 5, '210112074729', '2021-01-12', 'C15'),
	('2101120747292JI0N', '144', 55000, 0, 5, '210112074729', '2021-10-14', 'C11'),
	('2101120747292rHEo', '132', 21000, 0, 5, '210112074729', '2021-01-30', 'C21'),
	('2101120747293oEjy', '107', 230000, 0, 5, '210112074729', '2021-01-23', 'C52'),
	('2101120747294aT57', '123', 52000, 0, 5, '210112074729', '2021-01-27', 'C59'),
	('21011207472953tf1', '126', 30000, 0, 5, '210112074729', '2021-01-31', 'C61'),
	('2101120747297KAor', '484', 31500, 0, 5, '210112074729', '2021-01-12', 'C53'),
	('2101120747298goby', '273', 140000, 0, 5, '210112074729', '2021-05-19', 'C5'),
	('2101120747298iSIn', '140', 49500, 0, 5, '210112074729', '2021-04-21', 'C26'),
	('2101120747298VuEU', '129', 78100, 0, 5, '210112074729', '2021-05-22', 'C38'),
	('210112074729AfEPL', '124', 87500, 0, 5, '210112074729', '2021-01-26', 'C58'),
	('210112074729B24iy', '139', 30000, 0, 5, '210112074729', '2021-06-17', 'C31'),
	('210112074729C8OdK', '109', 45000, 0, 5, '210112074729', '2021-01-31', 'C48'),
	('210112074729CEm3M', '116', 275000, 0, 5, '210112074729', '2021-01-30', 'C34'),
	('210112074729Ckezu', '145', 24750, 0, 5, '210112074729', '2021-01-30', 'C14'),
	('210112074729Cw5kv', '119', 950000, 0, 5, '210112074729', '2021-01-22', 'C56'),
	('210112074729dA5yX', '146', 25850, 0, 5, '210112074729', '2021-01-29', 'C20'),
	('210112074729DaJFu', '137', 40299, 0, 5, '210112074729', '2021-01-08', 'C8'),
	('210112074729dOsWw', '113', 23000, 0, 5, '210112074729', '2021-01-26', 'C43'),
	('210112074729DS39P', '111', 57000, 0, 5, '210112074729', '2021-01-17', 'C46'),
	('210112074729eOFwk', '131', 77000, 0, 5, '210112074729', '2021-08-20', 'C10'),
	('210112074729fnZPk', '117', 50000, 0, 5, '210112074729', '2021-01-19', 'C55'),
	('210112074729fXZM4', '468', 24000, 0, 5, '210112074729', '2021-04-22', 'C41'),
	('210112074729g4ZWz', '114', 115500, 0, 5, '210112074729', '2021-01-31', 'C35'),
	('210112074729i95JU', '365', 13000, 0, 5, '210112074729', '2021-04-21', 'C30'),
	('210112074729IW5SG', '103', 54000, 0, 5, '210112074729', '2021-01-20', 'C42'),
	('210112074729JA3q8', '415', 27000, 0, 5, '210112074729', '2021-01-25', 'C22'),
	('210112074729LdPGg', '138', 70000, 0, 5, '210112074729', '2021-04-23', 'C37'),
	('210112074729loM9C', '108', 45000, 0, 5, '210112074729', '2021-01-31', 'C51'),
	('210112074729mCTYW', '148', 139500, 0, 5, '210112074729', '2021-03-18', 'C4'),
	('210112074729mKC3A', '464', 56000, 0, 5, '210112074729', '2021-01-26', 'C40'),
	('210112074729mYr6y', '122', 110000, 0, 5, '210112074729', '2021-01-12', 'C17'),
	('210112074729N2P5Y', '104', 260000, 0, 5, '210112074729', '2021-01-30', 'C45'),
	('210112074729NkrLj', '579', 23000, 0, 5, '210112074729', '2021-09-02', 'C1'),
	('210112074729NrpsA', '120', 33000, 0, 5, '210112074729', '2021-03-18', 'C3'),
	('210112074729OGYj6', '118', 220000, 0, 5, '210112074729', '2021-01-23', 'C57'),
	('210112074729p962J', '578', 35000, 0, 5, '210112074729', '2021-08-12', 'C2'),
	('210112074729PK32i', '130', 63000, 0, 5, '210112074729', '2021-01-29', 'C60'),
	('210112074729PkS08', '105', 180000, 0, 5, '210112074729', '2021-01-28', 'C44'),
	('210112074729QfNLC', '490', 30000, 0, 5, '210112074729', '2021-01-10', 'C54'),
	('210112074729qFWzk', '462', 28000, 0, 5, '210112074729', '2021-07-17', 'C39'),
	('210112074729rRvqS', '106', 47000, 0, 5, '210112074729', '2021-01-28', 'C50'),
	('210112074729rWGIn', '134', 28000, 0, 5, '210112074729', '2021-01-12', 'C24'),
	('210112074729tFQOR', '147', 137500, 0, 5, '210112074729', '2021-01-27', 'C12'),
	('210112074729tJY03', '121', 62000, 0, 5, '210112074729', '2021-01-26', 'C18'),
	('210112074729TYNdc', '414', 27000, 0, 5, '210112074729', '2021-01-24', 'C23'),
	('210112074729UdfHI', '115', 56999, 0, 5, '210112074729', '2021-01-29', 'C33'),
	('210112074729uxBpo', '142', 49000, 0, 5, '210112074729', '2021-03-24', 'C29'),
	('210112074729UYP3G', '128', 77237, 0, 5, '210112074729', '2021-05-20', 'C16'),
	('210112074729vbfFU', '315', 20350, 0, 5, '210112074729', '2021-01-25', 'C13'),
	('210112074729VL7O9', '277', 13000, 0, 5, '210112074729', '2021-01-26', 'C9'),
	('210112074729VW8ex', '112', 280000, 0, 5, '210112074729', '2021-01-25', 'C47'),
	('210112074729W24Zn', '141', 27900, 0, 5, '210112074729', '2021-02-17', 'C28'),
	('210112074729Wmwic', '110', 205000, 0, 5, '210112074729', '2021-01-14', 'C49'),
	('210112074729XlCEH', '143', 46500, 0, 5, '210112074729', '2021-05-13', 'C25'),
	('210112074729XPmsd', '314', 18000, 0, 5, '210112074729', '2021-03-24', 'C36'),
	('210112074729yBET3', '135', 32500, 0, 5, '210112074729', '2021-01-26', 'C32'),
	('210112074729zFbTS', '262', 48000, 0, 5, '210112074729', '2021-03-25', 'C6'),
	('210112075234D0FH3', '565', 16000, 20000, 1, '210112075234', '2021-01-12', 'SELL20210112'),
	('210112075234Dlgqa', '563', 63000, 70000, 1, '210112075234', '2021-01-12', 'SELL20210112'),
	('210112075234xzspa', '564', 98000, 120000, 1, '210112075234', '2021-01-12', 'SELL20210112'),
	('210114122814jqrvM', '564', 98000, 120000, 1, '210114122814', '2021-01-14', 'SELL20210114'),
	('210114122814PFKV5', '563', 63000, 70000, 1, '210114122814', '2021-01-14', 'SELL20210114'),
	('210114122918GFBLs', '567', 16000, 20000, 1, '210114122918', '2021-01-14', 'SELL20210114'),
	('210114122918HnAfc', '565', 16000, 20000, 1, '210114122918', '2021-01-14', 'SELL20210114'),
	('210114122918nJfIt', '566', 35500, 40000, 1, '210114122918', '2021-01-14', 'SELL20210114'),
	('210114122918z1uBM', '568', 15000, 20000, 1, '210114122918', '2021-01-14', 'SELL20210114'),
	('21011412302532i01', '569', 18000, 23000, 1, '210114123025', '2021-01-14', 'SELL20210114'),
	('210114123025hadAK', '578', 35000, 42500, 1, '210114123025', '2021-01-14', 'SELL20210114'),
	('210114123025HlU5A', '579', 23000, 30000, 1, '210114123025', '2021-01-14', 'SELL20210114'),
	('210114123025zRaiy', '570', 13000, 18000, 1, '210114123025', '2021-01-14', 'SELL20210114'),
	('21011701474649Apf', '563', 63000, 70000, 1, '210117014746', '2021-01-17', 'SELL20210117'),
	('210117014746K7HOX', '564', 98000, 120000, 1, '210117014746', '2021-01-17', 'SELL20210117'),
	('2101170149500MqGF', '583', 46000, 50000, 1, '210117014950', '2021-01-17', 'SELL20210117'),
	('21011701495040jnx', '579', 23000, 30000, 1, '210117014950', '2021-01-17', 'SELL20210117'),
	('2101170149504qejJ', '568', 15000, 20000, 1, '210117014950', '2021-01-17', 'SELL20210117'),
	('210117014950aQcR4', '585', 55000, 80000, 1, '210117014950', '2021-01-17', 'SELL20210117'),
	('210117014950DjdMP', '566', 35500, 40000, 1, '210117014950', '2021-01-17', 'SELL20210117'),
	('210117014950DXOQZ', '570', 13000, 18000, 1, '210117014950', '2021-01-17', 'SELL20210117'),
	('210117014950ecqJP', '593', 50000, 55000, 1, '210117014950', '2021-01-17', 'SELL20210117'),
	('210117014950ENhZI', '598', 0, 0, 1, '210117014950', '2021-01-17', 'SELL20210117'),
	('210117014950fsRQJ', '578', 35000, 42500, 1, '210117014950', '2021-01-17', 'SELL20210117'),
	('210117014950GuJHW', '563', 63000, 70000, 1, '210117014950', '2021-01-17', 'SELL20210117'),
	('210117014950j1BZb', '569', 18000, 23000, 1, '210117014950', '2021-01-17', 'SELL20210117'),
	('210117014950jkKdf', '597', 7500, 9000, 1, '210117014950', '2021-01-17', 'SELL20210117'),
	('210117014950keZiR', '565', 16000, 20000, 1, '210117014950', '2021-01-17', 'SELL20210117'),
	('210117014950lPTOG', '584', 20000, 25000, 1, '210117014950', '2021-01-17', 'SELL20210117'),
	('210117014950m5suX', '535', 30000, 35000, 1, '210117014950', '2021-01-17', 'SELL20210117'),
	('210117014950MGfyO', '567', 16000, 20000, 1, '210117014950', '2021-01-17', 'SELL20210117'),
	('210117014950MvGOJ', '615', 33000, 34500, 1, '210117014950', '2021-01-17', 'SELL20210117'),
	('210117014950OQbMk', '594', 50000, 55000, 1, '210117014950', '2021-01-17', 'SELL20210117'),
	('210117014950PAn9D', '599', 0, 0, 1, '210117014950', '2021-01-17', 'SELL20210117'),
	('210117014950w8dVr', '564', 98000, 120000, 1, '210117014950', '2021-01-17', 'SELL20210117'),
	('D_201209081437B2W', '305', 0, 0, 3, '201209081437', '2021-06-06', '55'),
	('D_201209081437hdN', '325', 0, 0, 19, '201209081437', '2020-12-10', '79999'),
	('D_201209081437S0O', '545', 0, 0, 19, '201209081437', '2020-12-17', '79999'),
	('D_2012120935095Bx', '538', 0, 0, 11, '201212093509', '1970-01-01', '4'),
	('D_2012120935095Nd', '585', 0, 0, 11, '201212093509', '1970-01-01', '4'),
	('D_2012120935096rl', '598', 0, 0, 2, '201212093509', '2020-12-31', '88'),
	('D_2012120935099JG', '537', 0, 0, 11, '201212093509', '1970-01-01', '4'),
	('D_201212093509Clc', '545', 0, 0, 1, '201212093509', '2020-12-17', '79999'),
	('D_201212093509FrY', '249', 0, 0, 5, '201212093509', '2020-12-24', ''),
	('D_201212093509jLm', '540', 0, 0, 11, '201212093509', '1970-01-01', '4'),
	('D_201212093509kGE', '536', 0, 0, 11, '201212093509', '1970-01-01', '4'),
	('D_201212093509lGk', '535', 0, 0, 61, '201212093509', '1970-01-01', '1'),
	('D_201212093509nHb', '583', 0, 0, 5, '201212093509', '2020-12-05', '55'),
	('D_201212093509o0I', '593', 0, 0, 61, '201212093509', '1970-01-01', '1'),
	('D_201212093509o8T', '584', 0, 0, 11, '201212093509', '1970-01-01', '4'),
	('D_201212093509rjX', '285', 0, 0, 6, '201212093509', '2021-06-07', '55'),
	('D_201212093509VTg', '252', 0, 0, 5, '201212093509', '2020-12-18', ''),
	('D_201212093509Wy7', '325', 0, 0, 1, '201212093509', '2020-12-10', '79999'),
	('D_201212093509x0j', '539', 0, 0, 11, '201212093509', '1970-01-01', '4'),
	('D_201212093509yc6', '305', 0, 0, 1, '201212093509', '2021-06-06', '55'),
	('D_201212093509ZB1', '594', 0, 0, 11, '201212093509', '1970-01-01', '4'),
	('D_2101110113171zg', '543', 0, 0, 3, '210111011317', '2021-10-28', 'A20'),
	('D_2101110113174SL', '389', 0, 0, 3, '210111011317', '2021-01-28', 'A13'),
	('D_210111011317A2W', '445', 0, 0, 3, '210111011317', '2021-01-09', 'A17'),
	('D_210111011317B43', '605', 0, 0, 3, '210111011317', '2021-03-11', 'A7'),
	('D_210111011317bzs', '601', 0, 0, 3, '210111011317', '2021-06-23', 'A4'),
	('D_210111011317Dbc', '607', 0, 0, 3, '210111011317', '2021-05-10', 'A9'),
	('D_210111011317g4B', '604', 0, 0, 3, '210111011317', '2021-05-13', 'A6'),
	('D_210111011317gVZ', '609', 0, 0, 3, '210111011317', '2021-01-06', 'A11'),
	('D_210111011317jFf', '603', 0, 0, 3, '210111011317', '2021-05-06', 'A5'),
	('D_210111011317Lti', '493', 0, 0, 3, '210111011317', '2021-07-23', 'A19'),
	('D_210111011317LzB', '447', 0, 0, 3, '210111011317', '2021-09-23', 'A18'),
	('D_210111011317meY', '446', 0, 0, 3, '210111011317', '2021-02-06', 'A16'),
	('D_210111011317NDl', '606', 0, 0, 3, '210111011317', '2021-02-10', 'A8'),
	('D_210111011317nky', '608', 0, 0, 3, '210111011317', '2021-01-28', 'A10'),
	('D_210111011317Oza', '387', 0, 0, 3, '210111011317', '2021-02-04', 'A14'),
	('D_210111011317qEo', '599', 0, 0, 3, '210111011317', '2021-04-15', 'A3'),
	('D_210111011317ros', '600', 0, 0, 3, '210111011317', '2021-04-16', 'A2'),
	('D_210111011317T2m', '598', 0, 0, 3, '210111011317', '2020-12-31', '88'),
	('D_210111011317ueL', '602', 0, 0, 3, '210111011317', '2021-01-12', 'A12'),
	('D_210111011317wXV', '388', 0, 0, 3, '210111011317', '2021-02-05', 'A15'),
	('D_2101110324110NP', '608', 0, 0, 2, '210111032411', '2021-01-28', 'A10'),
	('D_2101110324110oj', '285', 0, 0, 5, '210111032411', '2021-06-07', '55'),
	('D_2101110324110s7', '248', 0, 0, 5, '210111032411', '1970-01-01', 'B6'),
	('D_21011103241135J', '559', 0, 0, 5, '210111032411', '2021-01-17', 'AA10'),
	('D_2101110324115LI', '606', 0, 0, 2, '210111032411', '2021-02-10', 'A8'),
	('D_2101110324115zg', '381', 0, 0, 5, '210111032411', '1970-01-01', 'B23'),
	('D_2101110324116qV', '389', 0, 0, 2, '210111032411', '2021-01-28', 'A13'),
	('D_210111032411738', '493', 0, 0, 2, '210111032411', '2021-07-23', 'A19'),
	('D_210111032411a4n', '388', 0, 0, 2, '210111032411', '2021-02-05', 'A15'),
	('D_210111032411Ahf', '529', 0, 0, 5, '210111032411', '1970-01-01', 'B35'),
	('D_210111032411bvF', '598', 0, 0, 2, '210111032411', '2020-12-31', '88'),
	('D_210111032411dzG', '448', 0, 0, 5, '210111032411', '1970-01-01', 'B29'),
	('D_210111032411eMg', '567', 0, 0, 5, '210111032411', '2021-01-24', 'AA5'),
	('D_210111032411et2', '449', 0, 0, 5, '210111032411', '1970-01-01', 'B30'),
	('D_210111032411fG3', '603', 0, 0, 2, '210111032411', '2021-05-06', 'A5'),
	('D_210111032411gP7', '293', 0, 0, 5, '210111032411', '1970-01-01', 'B11'),
	('D_210111032411gSh', '601', 0, 0, 2, '210111032411', '2021-06-23', 'A4'),
	('D_210111032411Guf', '486', 0, 0, 5, '210111032411', '1970-01-01', 'B32'),
	('D_210111032411H4u', '600', 0, 0, 2, '210111032411', '2021-04-16', 'A2'),
	('D_210111032411HCk', '406', 0, 0, 5, '210111032411', '1970-01-01', 'B26'),
	('D_210111032411Hl3', '570', 0, 0, 5, '210111032411', '2021-01-20', 'AA8'),
	('D_210111032411hxl', '274', 0, 0, 5, '210111032411', '1970-01-01', 'B3'),
	('D_210111032411HXt', '299', 0, 0, 5, '210111032411', '1970-01-01', 'B12'),
	('D_210111032411iC2', '604', 0, 0, 2, '210111032411', '2021-05-13', 'A6'),
	('D_210111032411ITr', '305', 0, 0, 5, '210111032411', '2021-06-06', '55'),
	('D_210111032411JAf', '341', 0, 0, 5, '210111032411', '1970-01-01', 'B22'),
	('D_210111032411JMy', '321', 0, 0, 5, '210111032411', '1970-01-01', 'B19'),
	('D_210111032411KAH', '563', 0, 0, 5, '210111032411', '2021-01-21', 'AA1'),
	('D_210111032411l0g', '322', 0, 0, 5, '210111032411', '1970-01-01', 'B20'),
	('D_210111032411m9U', '602', 0, 0, 2, '210111032411', '2021-01-12', 'A12'),
	('D_210111032411N3x', '410', 0, 0, 5, '210111032411', '1970-01-01', 'B27'),
	('D_210111032411NIc', '553', 0, 0, 5, '210111032411', '1970-01-01', 'B41'),
	('D_210111032411nrS', '287', 0, 0, 5, '210111032411', '1970-01-01', 'B8'),
	('D_210111032411nxE', '252', 0, 0, 5, '210111032411', '2020-12-18', ''),
	('D_210111032411nzP', '445', 0, 0, 2, '210111032411', '2021-01-09', 'A17'),
	('D_210111032411oHD', '564', 0, 0, 5, '210111032411', '2021-01-28', 'AA2'),
	('D_210111032411Ojr', '510', 0, 0, 5, '210111032411', '1970-01-01', 'B37'),
	('D_210111032411oWk', '507', 0, 0, 5, '210111032411', '1970-01-01', 'B36'),
	('D_210111032411p5C', '607', 0, 0, 2, '210111032411', '2021-05-10', 'A9'),
	('D_210111032411pbD', '528', 0, 0, 5, '210111032411', '1970-01-01', 'B34'),
	('D_210111032411pdw', '304', 0, 0, 5, '210111032411', '1970-01-01', 'B16'),
	('D_210111032411q3L', '323', 0, 0, 5, '210111032411', '1970-01-01', 'B17'),
	('D_210111032411q4W', '566', 0, 0, 5, '210111032411', '2021-01-30', 'AA4'),
	('D_210111032411qbj', '583', 0, 0, 5, '210111032411', '2020-12-05', '55'),
	('D_210111032411qDX', '450', 0, 0, 5, '210111032411', '1970-01-01', 'B31'),
	('D_210111032411R4W', '565', 0, 0, 5, '210111032411', '2021-01-29', 'AA3'),
	('D_210111032411r8G', '615', 0, 0, 5, '210111032411', '1970-01-01', 'B2'),
	('D_210111032411rhM', '324', 0, 0, 5, '210111032411', '1970-01-01', 'B18'),
	('D_210111032411sgc', '387', 0, 0, 2, '210111032411', '2021-02-04', 'A14'),
	('D_210111032411sXL', '312', 0, 0, 5, '210111032411', '1970-01-01', 'B14'),
	('D_210111032411tDH', '599', 0, 0, 2, '210111032411', '2021-04-15', 'A3'),
	('D_210111032411tg7', '550', 0, 0, 5, '210111032411', '1970-01-01', 'B40'),
	('D_210111032411tTp', '543', 0, 0, 2, '210111032411', '2021-10-28', 'A20'),
	('D_210111032411U4y', '609', 0, 0, 2, '210111032411', '2021-01-06', 'A11'),
	('D_210111032411uLk', '382', 0, 0, 5, '210111032411', '1970-01-01', 'B24'),
	('D_210111032411USc', '546', 0, 0, 5, '210111032411', '1970-01-01', 'B39'),
	('D_210111032411uwT', '383', 0, 0, 5, '210111032411', '1970-01-01', 'B25'),
	('D_210111032411Uzq', '250', 0, 0, 5, '210111032411', '1970-01-01', 'B15'),
	('D_210111032411vag', '568', 0, 0, 5, '210111032411', '2021-01-25', 'AA6'),
	('D_210111032411VGm', '447', 0, 0, 2, '210111032411', '2021-09-23', 'A18'),
	('D_210111032411vLj', '313', 0, 0, 5, '210111032411', '1970-01-01', 'B13'),
	('D_210111032411WQ5', '485', 0, 0, 5, '210111032411', '1970-01-01', 'B33'),
	('D_210111032411x0Z', '569', 0, 0, 5, '210111032411', '2021-01-27', 'AA7'),
	('D_210111032411xeY', '511', 0, 0, 5, '210111032411', '1970-01-01', 'B38'),
	('D_210111032411YgP', '251', 0, 0, 5, '210111032411', '1970-01-01', 'B21'),
	('D_210111032411yis', '605', 0, 0, 2, '210111032411', '2021-03-11', 'A7'),
	('D_210111032411yVH', '411', 0, 0, 5, '210111032411', '1970-01-01', 'B28'),
	('D_210111032411Zb7', '288', 0, 0, 5, '210111032411', '1970-01-01', 'B9'),
	('D_210111032411ZpM', '249', 0, 0, 5, '210111032411', '2020-12-24', ''),
	('D_210111032411zY9', '446', 0, 0, 2, '210111032411', '2021-02-06', 'A16'),
	('D_210111032411zZE', '597', 0, 0, 5, '210111032411', '2021-01-18', 'AA9'),
	('D_2101120750468xl', '273', 0, 0, 5, '210112075046', '2021-05-19', 'C5'),
	('D_210112075046d9Z', '136', 0, 0, 5, '210112075046', '2021-03-18', 'C7'),
	('D_210112075046kNv', '277', 0, 0, 5, '210112075046', '2021-01-26', 'C9'),
	('D_210112075046kVQ', '579', 0, 0, 5, '210112075046', '2021-09-02', 'C1'),
	('D_210112075046lHP', '120', 0, 0, 5, '210112075046', '2021-03-18', 'C3'),
	('D_210112075046lLG', '148', 0, 0, 5, '210112075046', '2021-03-18', 'C4'),
	('D_210112075046Msp', '137', 0, 0, 5, '210112075046', '2021-01-08', 'C8'),
	('D_210112075046nmD', '262', 0, 0, 5, '210112075046', '2021-03-25', 'C6'),
	('D_210112075046PyG', '131', 0, 0, 5, '210112075046', '2021-08-20', 'C10'),
	('D_210112075046SBG', '578', 0, 0, 5, '210112075046', '2021-08-12', 'C2');
/*!40000 ALTER TABLE `d_nota_detail` ENABLE KEYS */;

-- membuang struktur untuk table isbt_data.d_operasional
CREATE TABLE IF NOT EXISTS `d_operasional` (
  `ope_id` varchar(20) NOT NULL,
  `ope_uraian` varchar(200) NOT NULL,
  `ope_biaya` double DEFAULT NULL,
  `ope_nota_id` varchar(15) NOT NULL,
  PRIMARY KEY (`ope_id`)
) ENGINE=InnoDB DEFAULT CHARSET=latin1;

-- Membuang data untuk tabel isbt_data.d_operasional: ~0 rows (lebih kurang)
/*!40000 ALTER TABLE `d_operasional` DISABLE KEYS */;
/*!40000 ALTER TABLE `d_operasional` ENABLE KEYS */;

-- membuang struktur untuk table isbt_data.d_pembayaran
CREATE TABLE IF NOT EXISTS `d_pembayaran` (
  `pmb_id` int(11) NOT NULL,
  `pmb_tanggal` date NOT NULL,
  `pmb_jam` time NOT NULL,
  `pmb_nominal` double NOT NULL DEFAULT '0',
  `pmb_nota_id` varchar(15) DEFAULT NULL,
  `pmb_sup_id` int(11) DEFAULT NULL,
  PRIMARY KEY (`pmb_id`)
) ENGINE=InnoDB DEFAULT CHARSET=latin1;

-- Membuang data untuk tabel isbt_data.d_pembayaran: ~11 rows (lebih kurang)
/*!40000 ALTER TABLE `d_pembayaran` DISABLE KEYS */;
REPLACE INTO `d_pembayaran` (`pmb_id`, `pmb_tanggal`, `pmb_jam`, `pmb_nominal`, `pmb_nota_id`, `pmb_sup_id`) VALUES
	(1, '2020-12-09', '08:15:00', 50000, '201209081601', NULL),
	(2, '2020-12-09', '08:46:00', 10000, '201209084712', NULL),
	(3, '2020-12-09', '10:20:00', 4000, '201209102047', NULL),
	(4, '2020-12-26', '10:15:00', 5000, '201209102047', NULL),
	(5, '2020-12-26', '10:15:00', 75000, '201209102047', NULL),
	(6, '2020-12-31', '13:15:00', 50000, '201231011614', NULL),
	(7, '2021-01-12', '20:52:00', 0, '210112075234', NULL),
	(8, '2020-12-08', '13:28:00', 2000, '210114122918', NULL),
	(9, '2020-11-23', '13:29:00', 13000, '210114123025', NULL),
	(10, '2021-01-17', '14:47:00', 0, '210117014746', NULL),
	(11, '2021-01-17', '14:47:00', 45000, '210117014950', NULL);
/*!40000 ALTER TABLE `d_pembayaran` ENABLE KEYS */;

-- membuang struktur untuk table isbt_data.d_requestnota
CREATE TABLE IF NOT EXISTS `d_requestnota` (
  `rnota_id` varchar(15) NOT NULL,
  `rnota_asal` int(11) NOT NULL,
  `rnota_tujuan` int(11) NOT NULL,
  `rnota_tanggal` date NOT NULL,
  `rnota_jam` time NOT NULL,
  `rnota_cb` varchar(50) NOT NULL,
  `rnota_pj` varchar(50) NOT NULL,
  `rnota_iskonfirmasi` int(11) NOT NULL DEFAULT '0',
  PRIMARY KEY (`rnota_id`)
) ENGINE=InnoDB DEFAULT CHARSET=latin1;

-- Membuang data untuk tabel isbt_data.d_requestnota: ~0 rows (lebih kurang)
/*!40000 ALTER TABLE `d_requestnota` DISABLE KEYS */;
/*!40000 ALTER TABLE `d_requestnota` ENABLE KEYS */;

-- membuang struktur untuk table isbt_data.d_requestnota_detail
CREATE TABLE IF NOT EXISTS `d_requestnota_detail` (
  `dtrn_id` varchar(20) NOT NULL,
  `dtrn_prd_id` varchar(20) NOT NULL,
  `dtrn_jumlah` double NOT NULL DEFAULT '0',
  `dtrn_nota_id` varchar(15) NOT NULL,
  PRIMARY KEY (`dtrn_id`)
) ENGINE=InnoDB DEFAULT CHARSET=latin1;

-- Membuang data untuk tabel isbt_data.d_requestnota_detail: ~0 rows (lebih kurang)
/*!40000 ALTER TABLE `d_requestnota_detail` DISABLE KEYS */;
/*!40000 ALTER TABLE `d_requestnota_detail` ENABLE KEYS */;

-- membuang struktur untuk table isbt_data.d_saldo
CREATE TABLE IF NOT EXISTS `d_saldo` (
  `sld_id` int(11) NOT NULL,
  `sld_tahun` year(4) NOT NULL,
  `sld_rekening` varchar(30) NOT NULL,
  `sld_debet` double DEFAULT NULL,
  `sld_kredit` double DEFAULT NULL,
  PRIMARY KEY (`sld_id`)
) ENGINE=InnoDB DEFAULT CHARSET=latin1;

-- Membuang data untuk tabel isbt_data.d_saldo: ~2 rows (lebih kurang)
/*!40000 ALTER TABLE `d_saldo` DISABLE KEYS */;
REPLACE INTO `d_saldo` (`sld_id`, `sld_tahun`, `sld_rekening`, `sld_debet`, `sld_kredit`) VALUES
	(1, '2019', '000XXX', 800000000, NULL),
	(2, '2019', '1480011365783', 800000000, NULL);
/*!40000 ALTER TABLE `d_saldo` ENABLE KEYS */;

-- membuang struktur untuk table isbt_data.d_stok
CREATE TABLE IF NOT EXISTS `d_stok` (
  `stk_id` varchar(20) NOT NULL,
  `stk_prd_id` varchar(20) NOT NULL,
  `stk_nota_id` varchar(20) NOT NULL,
  `stk_tanggal` date NOT NULL,
  `stk_jam` time NOT NULL,
  `stk_jumlah` double NOT NULL,
  `stk_gdg_id` int(11) NOT NULL,
  `stk_kadaluarsa` date NOT NULL,
  `stk_nobatch` char(50) NOT NULL,
  PRIMARY KEY (`stk_id`)
) ENGINE=InnoDB DEFAULT CHARSET=latin1;

-- Membuang data untuk tabel isbt_data.d_stok: ~588 rows (lebih kurang)
/*!40000 ALTER TABLE `d_stok` DISABLE KEYS */;
REPLACE INTO `d_stok` (`stk_id`, `stk_prd_id`, `stk_nota_id`, `stk_tanggal`, `stk_jam`, `stk_jumlah`, `stk_gdg_id`, `stk_kadaluarsa`, `stk_nobatch`) VALUES
	('201206063340iO6Rk', '545', '201206063340', '2020-12-06', '18:32:00', 20, 1, '2020-12-17', '79999'),
	('201206063340Uv3ef', '325', '201206063340', '2020-12-06', '18:32:00', 20, 1, '2020-12-10', '79999'),
	('201206070941qeNf5', '598', '201206070941', '2020-12-06', '19:08:00', 2, 1, '2020-12-31', '88'),
	('201206083747BPOld', '583', '201206083747', '2020-12-06', '20:36:00', 5, 1, '2020-12-05', '55'),
	('201206083747GAsaQ', '305', '201206083747', '2020-12-06', '20:36:00', 4, 1, '2021-06-06', '55'),
	('201206083747xh8cf', '285', '201206083747', '2020-12-06', '20:36:00', 6, 1, '2021-06-07', '55'),
	('2012090433218t2G0', '252', '201209043321', '2020-12-09', '16:32:00', 5, 1, '2020-12-18', ''),
	('201209043321y6dgi', '249', '201209043321', '2020-12-09', '16:32:00', 5, 1, '2020-12-24', ''),
	('2012090816011A9S7', '325', '201209081601', '2020-12-09', '08:15:00', -5, 3, '2020-12-09', 'SELL20201209'),
	('2012090816012gCMs', '545', '201209081601', '2020-12-09', '08:15:00', -5, 3, '2020-12-09', 'SELL20201209'),
	('201209084712Qda5q', '545', '201209084712', '2020-12-09', '08:46:00', -3, 3, '2020-12-09', 'SELL20201209'),
	('201209102047wq6Ab', '325', '201209102047', '2020-12-09', '10:20:00', -3, 3, '2020-12-09', 'SELL20201209'),
	('201209125755JDemk', '535', '201209125755', '2020-12-09', '12:57:00', 50, 1, '1970-01-01', '1'),
	('201209125755MXyFa', '593', '201209125755', '2020-12-09', '12:57:00', 50, 1, '1970-01-01', '1'),
	('201211071342zqMsb', '545', '201211071342', '2020-12-11', '19:13:00', -1, 3, '2020-12-11', 'SELL20201211'),
	('2012120933247KTqO', '538', '201212093324', '2020-12-12', '21:32:00', 11, 1, '1970-01-01', '4'),
	('201212093324c5aFk', '585', '201212093324', '2020-12-12', '21:32:00', 11, 1, '1970-01-01', '4'),
	('201212093324CcWjs', '539', '201212093324', '2020-12-12', '21:32:00', 11, 1, '1970-01-01', '4'),
	('201212093324FXea4', '536', '201212093324', '2020-12-12', '21:32:00', 11, 1, '1970-01-01', '4'),
	('201212093324MyObV', '535', '201212093324', '2020-12-12', '21:32:00', 11, 1, '1970-01-01', '4'),
	('201212093324ofQpS', '537', '201212093324', '2020-12-12', '21:32:00', 11, 1, '1970-01-01', '4'),
	('201212093324si3WO', '594', '201212093324', '2020-12-12', '21:32:00', 11, 1, '1970-01-01', '4'),
	('201212093324SZlHm', '593', '201212093324', '2020-12-12', '21:32:00', 11, 1, '1970-01-01', '4'),
	('201212093324VqeJa', '540', '201212093324', '2020-12-12', '21:32:00', 11, 1, '1970-01-01', '4'),
	('201212093324yEU1Q', '584', '201212093324', '2020-12-12', '21:32:00', 11, 1, '1970-01-01', '4'),
	('201212093655a4zjM', '537', '201212093655', '2020-12-12', '21:35:00', -2, 3, '2020-12-12', 'SELL20201212'),
	('201212093655DWu62', '285', '201212093655', '2020-12-12', '21:35:00', -2, 3, '2020-12-12', 'SELL20201212'),
	('201212093655GvwWB', '583', '201212093655', '2020-12-12', '21:35:00', -2, 3, '2020-12-12', 'SELL20201212'),
	('201212093655hpVsc', '536', '201212093655', '2020-12-12', '21:35:00', -2, 3, '2020-12-12', 'SELL20201212'),
	('201212093655kYHvd', '538', '201212093655', '2020-12-12', '21:35:00', -2, 3, '2020-12-12', 'SELL20201212'),
	('201212093655mceLW', '252', '201212093655', '2020-12-12', '21:35:00', -2, 3, '2020-12-12', 'SELL20201212'),
	('201212093655mIgkb', '593', '201212093655', '2020-12-12', '21:35:00', -2, 3, '2020-12-12', 'SELL20201212'),
	('201212093655nCjcy', '585', '201212093655', '2020-12-12', '21:35:00', -2, 3, '2020-12-12', 'SELL20201212'),
	('201212093655Ntflk', '535', '201212093655', '2020-12-12', '21:35:00', -2, 3, '2020-12-12', 'SELL20201212'),
	('201212093655QytmY', '539', '201212093655', '2020-12-12', '21:35:00', -2, 3, '2020-12-12', 'SELL20201212'),
	('201212093655Rw4TC', '305', '201212093655', '2020-12-12', '21:35:00', -2, 3, '2020-12-12', 'SELL20201212'),
	('201212093655YNBHo', '584', '201212093655', '2020-12-12', '21:35:00', -2, 3, '2020-12-12', 'SELL20201212'),
	('201212093655Ys1ty', '594', '201212093655', '2020-12-12', '21:35:00', -2, 3, '2020-12-12', 'SELL20201212'),
	('201213091457b6vtZ', '305', '201213091457', '2020-12-13', '09:14:00', -1, 3, '2020-12-13', 'SELL20201213'),
	('201213091457E9o7h', '584', '201213091457', '2020-12-13', '09:14:00', -1, 3, '2020-12-13', 'SELL20201213'),
	('201213091457ECbrZ', '252', '201213091457', '2020-12-13', '09:14:00', -1, 3, '2020-12-13', 'SELL20201213'),
	('201213091457etjVE', '540', '201213091457', '2020-12-13', '09:14:00', -1, 3, '2020-12-13', 'SELL20201213'),
	('201213091457FZE6K', '535', '201213091457', '2020-12-13', '09:14:00', -1, 3, '2020-12-13', 'SELL20201213'),
	('201213091457IN431', '593', '201213091457', '2020-12-13', '09:14:00', -1, 3, '2020-12-13', 'SELL20201213'),
	('201213091457iuZVh', '325', '201213091457', '2020-12-13', '09:14:00', -1, 3, '2020-12-13', 'SELL20201213'),
	('201213091457LhGrB', '249', '201213091457', '2020-12-13', '09:14:00', -1, 3, '2020-12-13', 'SELL20201213'),
	('201213091457PAZt2', '285', '201213091457', '2020-12-13', '09:14:00', -1, 3, '2020-12-13', 'SELL20201213'),
	('201213091457QdoZ5', '545', '201213091457', '2020-12-13', '09:14:00', -1, 3, '2020-12-13', 'SELL20201213'),
	('201213091457sWup5', '585', '201213091457', '2020-12-13', '09:14:00', -1, 3, '2020-12-13', 'SELL20201213'),
	('201213091457vubLH', '539', '201213091457', '2020-12-13', '09:14:00', -1, 3, '2020-12-13', 'SELL20201213'),
	('201213092155jDpMr', '583', '201213092155', '2020-12-13', '09:21:00', -1, 3, '2020-12-13', 'SELL20201213'),
	('201213092228D2WgV', '535', '201213092228', '2020-12-13', '09:21:00', -1, 3, '2020-12-13', 'SELL20201213'),
	('201213092242Df9Bz', '593', '201213092242', '2020-12-13', '09:22:00', -1, 3, '2020-12-13', 'SELL20201213'),
	('201213092343XVbGm', '535', '201213092343', '2020-12-13', '09:22:00', -1, 3, '2020-12-13', 'SELL20201213'),
	('201231011614jNtUP', '594', '201231011614', '2020-12-31', '13:15:00', -5, 3, '2020-12-31', 'SELL20201231'),
	('201231011614wR6IJ', '536', '201231011614', '2020-12-31', '13:15:00', -5, 3, '2020-12-31', 'SELL20201231'),
	('210102120727j0pAh', '536', '210102120727', '2021-01-02', '12:06:00', -2, 3, '2021-01-02', 'SELL20210102'),
	('210102120727sRK4q', '535', '210102120727', '2021-01-02', '12:06:00', -10, 3, '2021-01-02', 'SELL20210102'),
	('210111011146016GM', '606', '210111011146', '2021-01-11', '14:07:00', 5, 1, '2021-02-10', 'A8'),
	('2101110111461QNe4', '599', '210111011146', '2021-01-11', '14:07:00', 5, 1, '2021-04-15', 'A3'),
	('210111011146278j9', '447', '210111011146', '2021-01-11', '14:07:00', 5, 1, '2021-09-23', 'A18'),
	('2101110111467jt4n', '387', '210111011146', '2021-01-11', '14:07:00', 5, 1, '2021-02-04', 'A14'),
	('210111011146A8lMi', '609', '210111011146', '2021-01-11', '14:07:00', 5, 1, '2021-01-06', 'A11'),
	('210111011146adj9Y', '608', '210111011146', '2021-01-11', '14:07:00', 5, 1, '2021-01-28', 'A10'),
	('210111011146ervxc', '602', '210111011146', '2021-01-11', '14:07:00', 5, 1, '2021-01-12', 'A12'),
	('210111011146G1NyE', '604', '210111011146', '2021-01-11', '14:07:00', 5, 1, '2021-05-13', 'A6'),
	('210111011146G3IM4', '603', '210111011146', '2021-01-11', '14:07:00', 5, 1, '2021-05-06', 'A5'),
	('210111011146IF924', '607', '210111011146', '2021-01-11', '14:07:00', 5, 1, '2021-05-10', 'A9'),
	('210111011146KxFmR', '605', '210111011146', '2021-01-11', '14:07:00', 5, 1, '2021-03-11', 'A7'),
	('210111011146lxnGX', '388', '210111011146', '2021-01-11', '14:07:00', 5, 1, '2021-02-05', 'A15'),
	('210111011146Mob05', '389', '210111011146', '2021-01-11', '14:07:00', 5, 1, '2021-01-28', 'A13'),
	('210111011146MUDKg', '600', '210111011146', '2021-01-11', '14:07:00', 5, 1, '2021-04-16', 'A2'),
	('210111011146RNav2', '543', '210111011146', '2021-01-11', '14:07:00', 5, 1, '2021-10-28', 'A20'),
	('210111011146ru5GP', '446', '210111011146', '2021-01-11', '14:07:00', 5, 1, '2021-02-06', 'A16'),
	('210111011146sC7fi', '601', '210111011146', '2021-01-11', '14:07:00', 5, 1, '2021-06-23', 'A4'),
	('210111011146vCD14', '493', '210111011146', '2021-01-11', '14:07:00', 5, 1, '2021-07-23', 'A19'),
	('210111011146vcYsI', '445', '210111011146', '2021-01-11', '14:07:00', 5, 1, '2021-01-09', 'A17'),
	('210111011146Zx2cY', '598', '210111011146', '2021-01-11', '14:07:00', 5, 1, '2021-07-08', 'A1'),
	('2101110116542SDo5', '536', '210111011654', '2021-01-11', '14:14:00', -1, 3, '2021-01-11', 'SELL20210111'),
	('2101110116544Ddbm', '447', '210111011654', '2021-01-11', '14:14:00', -1, 3, '2021-01-11', 'SELL20210111'),
	('2101110116544oxCc', '584', '210111011654', '2021-01-11', '14:14:00', -1, 3, '2021-01-11', 'SELL20210111'),
	('2101110116545SuaY', '540', '210111011654', '2021-01-11', '14:14:00', -1, 3, '2021-01-11', 'SELL20210111'),
	('2101110116546tjXE', '583', '210111011654', '2021-01-11', '14:14:00', -1, 3, '2021-01-11', 'SELL20210111'),
	('2101110116547HlZL', '609', '210111011654', '2021-01-11', '14:14:00', -1, 3, '2021-01-11', 'SELL20210111'),
	('2101110116549OD1q', '535', '210111011654', '2021-01-11', '14:14:00', -1, 3, '2021-01-11', 'SELL20210111'),
	('210111011654AQid2', '388', '210111011654', '2021-01-11', '14:14:00', -1, 3, '2021-01-11', 'SELL20210111'),
	('210111011654B3HuX', '305', '210111011654', '2021-01-11', '14:14:00', -1, 3, '2021-01-11', 'SELL20210111'),
	('210111011654b8rZq', '543', '210111011654', '2021-01-11', '14:14:00', -1, 3, '2021-01-11', 'SELL20210111'),
	('210111011654Ewxgo', '585', '210111011654', '2021-01-11', '14:14:00', -1, 3, '2021-01-11', 'SELL20210111'),
	('210111011654FSYBP', '598', '210111011654', '2021-01-11', '14:14:00', -1, 3, '2021-01-11', 'SELL20210111'),
	('210111011654GF3qZ', '285', '210111011654', '2021-01-11', '14:14:00', -1, 3, '2021-01-11', 'SELL20210111'),
	('210111011654hs5wg', '594', '210111011654', '2021-01-11', '14:14:00', -1, 3, '2021-01-11', 'SELL20210111'),
	('210111011654hwL5R', '387', '210111011654', '2021-01-11', '14:14:00', -1, 3, '2021-01-11', 'SELL20210111'),
	('210111011654J2ZGg', '604', '210111011654', '2021-01-11', '14:14:00', -1, 3, '2021-01-11', 'SELL20210111'),
	('210111011654j8qf6', '493', '210111011654', '2021-01-11', '14:14:00', -1, 3, '2021-01-11', 'SELL20210111'),
	('210111011654jeWtB', '593', '210111011654', '2021-01-11', '14:14:00', -1, 3, '2021-01-11', 'SELL20210111'),
	('210111011654ji38B', '607', '210111011654', '2021-01-11', '14:14:00', -1, 3, '2021-01-11', 'SELL20210111'),
	('210111011654KyBJu', '608', '210111011654', '2021-01-11', '14:14:00', -1, 3, '2021-01-11', 'SELL20210111'),
	('210111011654l07bx', '602', '210111011654', '2021-01-11', '14:14:00', -1, 3, '2021-01-11', 'SELL20210111'),
	('210111011654LFehX', '599', '210111011654', '2021-01-11', '14:14:00', -1, 3, '2021-01-11', 'SELL20210111'),
	('210111011654NuMvS', '600', '210111011654', '2021-01-11', '14:14:00', -1, 3, '2021-01-11', 'SELL20210111'),
	('210111011654Od8DF', '325', '210111011654', '2021-01-11', '14:14:00', -1, 3, '2021-01-11', 'SELL20210111'),
	('210111011654OWqyn', '537', '210111011654', '2021-01-11', '14:14:00', -1, 3, '2021-01-11', 'SELL20210111'),
	('210111011654R6bUx', '249', '210111011654', '2021-01-11', '14:14:00', -1, 3, '2021-01-11', 'SELL20210111'),
	('210111011654SdMeJ', '445', '210111011654', '2021-01-11', '14:14:00', -1, 3, '2021-01-11', 'SELL20210111'),
	('210111011654tjpa1', '538', '210111011654', '2021-01-11', '14:14:00', -1, 3, '2021-01-11', 'SELL20210111'),
	('210111011654udjVG', '603', '210111011654', '2021-01-11', '14:14:00', -1, 3, '2021-01-11', 'SELL20210111'),
	('210111011654UpD28', '252', '210111011654', '2021-01-11', '14:14:00', -1, 3, '2021-01-11', 'SELL20210111'),
	('210111011654v9DGQ', '389', '210111011654', '2021-01-11', '14:14:00', -1, 3, '2021-01-11', 'SELL20210111'),
	('210111011654wDaNA', '605', '210111011654', '2021-01-11', '14:14:00', -1, 3, '2021-01-11', 'SELL20210111'),
	('210111011654WkZ51', '606', '210111011654', '2021-01-11', '14:14:00', -1, 3, '2021-01-11', 'SELL20210111'),
	('210111011654XdpBM', '446', '210111011654', '2021-01-11', '14:14:00', -1, 3, '2021-01-11', 'SELL20210111'),
	('210111011654xJS75', '601', '210111011654', '2021-01-11', '14:14:00', -1, 3, '2021-01-11', 'SELL20210111'),
	('210111011654YZbt3', '545', '210111011654', '2021-01-11', '14:14:00', -1, 3, '2021-01-11', 'SELL20210111'),
	('210111011654ZyXQu', '539', '210111011654', '2021-01-11', '14:14:00', -1, 3, '2021-01-11', 'SELL20210111'),
	('2101110314249vBhy', '568', '210111031424', '2021-01-11', '16:12:00', 5, 1, '2021-01-25', 'AA6'),
	('210111031424a8j0s', '563', '210111031424', '2021-01-11', '16:12:00', 5, 1, '2021-01-21', 'AA1'),
	('210111031424EndKs', '566', '210111031424', '2021-01-11', '16:12:00', 5, 1, '2021-01-30', 'AA4'),
	('210111031424fBY35', '570', '210111031424', '2021-01-11', '16:12:00', 5, 1, '2021-01-20', 'AA8'),
	('210111031424FWQv0', '564', '210111031424', '2021-01-11', '16:12:00', 5, 1, '2021-01-28', 'AA2'),
	('210111031424g7QkO', '567', '210111031424', '2021-01-11', '16:12:00', 5, 1, '2021-01-24', 'AA5'),
	('210111031424iqFbI', '565', '210111031424', '2021-01-11', '16:12:00', 5, 1, '2021-01-29', 'AA3'),
	('210111031424mg5BJ', '597', '210111031424', '2021-01-11', '16:12:00', 5, 1, '2021-01-18', 'AA9'),
	('210111031424wmcIA', '559', '210111031424', '2021-01-11', '16:12:00', 5, 1, '2021-01-17', 'AA10'),
	('210111031424YSJTt', '569', '210111031424', '2021-01-11', '16:12:00', 5, 1, '2021-01-27', 'AA7'),
	('2101110318211jH35', '321', '210111031821', '2021-01-11', '16:14:00', 5, 1, '1970-01-01', 'B19'),
	('2101110318213qeNp', '383', '210111031821', '2021-01-11', '16:14:00', 5, 1, '1970-01-01', 'B25'),
	('21011103182145E2L', '449', '210111031821', '2021-01-11', '16:14:00', 5, 1, '1970-01-01', 'B30'),
	('2101110318215lr9H', '287', '210111031821', '2021-01-11', '16:14:00', 5, 1, '1970-01-01', 'B8'),
	('210111031821arl1O', '485', '210111031821', '2021-01-11', '16:14:00', 5, 1, '1970-01-01', 'B33'),
	('210111031821bDx76', '299', '210111031821', '2021-01-11', '16:14:00', 5, 1, '1970-01-01', 'B12'),
	('210111031821C9ijn', '288', '210111031821', '2021-01-11', '16:14:00', 5, 1, '1970-01-01', 'B9'),
	('210111031821DhZMn', '448', '210111031821', '2021-01-11', '16:14:00', 5, 1, '1970-01-01', 'B29'),
	('210111031821drIg2', '250', '210111031821', '2021-01-11', '16:14:00', 5, 1, '1970-01-01', 'B15'),
	('210111031821Dw5Jk', '312', '210111031821', '2021-01-11', '16:14:00', 5, 1, '1970-01-01', 'B14'),
	('210111031821e9Xc4', '285', '210111031821', '2021-01-11', '16:14:00', 5, 1, '1970-01-01', 'B7'),
	('210111031821ekYID', '252', '210111031821', '2021-01-11', '16:14:00', 5, 1, '1970-01-01', 'B4'),
	('210111031821gJL6S', '341', '210111031821', '2021-01-11', '16:14:00', 5, 1, '1970-01-01', 'B22'),
	('210111031821GY3q5', '305', '210111031821', '2021-01-11', '16:14:00', 5, 1, '1970-01-01', 'B10'),
	('210111031821H4JeV', '546', '210111031821', '2021-01-11', '16:14:00', 5, 1, '1970-01-01', 'B39'),
	('210111031821h5EW9', '553', '210111031821', '2021-01-11', '16:14:00', 5, 1, '1970-01-01', 'B41'),
	('210111031821HGO2F', '486', '210111031821', '2021-01-11', '16:14:00', 5, 1, '1970-01-01', 'B32'),
	('210111031821IkoYf', '251', '210111031821', '2021-01-11', '16:14:00', 5, 1, '1970-01-01', 'B21'),
	('210111031821j6wxI', '406', '210111031821', '2021-01-11', '16:14:00', 5, 1, '1970-01-01', 'B26'),
	('210111031821jlwm3', '381', '210111031821', '2021-01-11', '16:14:00', 5, 1, '1970-01-01', 'B23'),
	('210111031821JsvrP', '511', '210111031821', '2021-01-11', '16:14:00', 5, 1, '1970-01-01', 'B38'),
	('210111031821kGHuh', '450', '210111031821', '2021-01-11', '16:14:00', 5, 1, '1970-01-01', 'B31'),
	('210111031821l6jaJ', '510', '210111031821', '2021-01-11', '16:14:00', 5, 1, '1970-01-01', 'B37'),
	('210111031821lO5gw', '410', '210111031821', '2021-01-11', '16:14:00', 5, 1, '1970-01-01', 'B27'),
	('210111031821MeBk4', '248', '210111031821', '2021-01-11', '16:14:00', 5, 1, '1970-01-01', 'B6'),
	('210111031821mrl2V', '274', '210111031821', '2021-01-11', '16:14:00', 5, 1, '1970-01-01', 'B3'),
	('210111031821Mv9r8', '507', '210111031821', '2021-01-11', '16:14:00', 5, 1, '1970-01-01', 'B36'),
	('210111031821N1AFg', '313', '210111031821', '2021-01-11', '16:14:00', 5, 1, '1970-01-01', 'B13'),
	('210111031821nukaU', '529', '210111031821', '2021-01-11', '16:14:00', 5, 1, '1970-01-01', 'B35'),
	('210111031821PHmeJ', '583', '210111031821', '2021-01-11', '16:14:00', 5, 1, '1970-01-01', 'B1'),
	('210111031821pSdQP', '304', '210111031821', '2021-01-11', '16:14:00', 5, 1, '1970-01-01', 'B16'),
	('210111031821Qp9tl', '528', '210111031821', '2021-01-11', '16:14:00', 5, 1, '1970-01-01', 'B34'),
	('210111031821QT3uj', '411', '210111031821', '2021-01-11', '16:14:00', 5, 1, '1970-01-01', 'B28'),
	('210111031821qTb2H', '249', '210111031821', '2021-01-11', '16:14:00', 5, 1, '1970-01-01', 'B5'),
	('210111031821rAI7K', '322', '210111031821', '2021-01-11', '16:14:00', 5, 1, '1970-01-01', 'B20'),
	('210111031821uoYsf', '324', '210111031821', '2021-01-11', '16:14:00', 5, 1, '1970-01-01', 'B18'),
	('210111031821VbLNq', '550', '210111031821', '2021-01-11', '16:14:00', 5, 1, '1970-01-01', 'B40'),
	('210111031821VBWbP', '382', '210111031821', '2021-01-11', '16:14:00', 5, 1, '1970-01-01', 'B24'),
	('210111031821vSrex', '293', '210111031821', '2021-01-11', '16:14:00', 5, 1, '1970-01-01', 'B11'),
	('210111031821VwPfe', '615', '210111031821', '2021-01-11', '16:14:00', 5, 1, '1970-01-01', 'B2'),
	('210111031821Vy1R6', '323', '210111031821', '2021-01-11', '16:14:00', 5, 1, '1970-01-01', 'B17'),
	('2101110329401aCgi', '538', '210111032940', '2021-01-11', '16:24:00', -1, 3, '2021-01-11', 'SELL20210111'),
	('2101110329401GnDQ', '445', '210111032940', '2021-01-11', '16:24:00', -1, 3, '2021-01-11', 'SELL20210111'),
	('2101110329402iKzm', '583', '210111032940', '2021-01-11', '16:24:00', -1, 3, '2021-01-11', 'SELL20210111'),
	('2101110329402TJh6', '603', '210111032940', '2021-01-11', '16:24:00', -1, 3, '2021-01-11', 'SELL20210111'),
	('2101110329402tlKe', '598', '210111032940', '2021-01-11', '16:24:00', -1, 3, '2021-01-11', 'SELL20210111'),
	('2101110329403GHSl', '606', '210111032940', '2021-01-11', '16:24:00', -1, 3, '2021-01-11', 'SELL20210111'),
	('2101110329404ER8g', '529', '210111032940', '2021-01-11', '16:24:00', -1, 3, '2021-01-11', 'SELL20210111'),
	('2101110329404ORA3', '545', '210111032940', '2021-01-11', '16:24:00', -1, 3, '2021-01-11', 'SELL20210111'),
	('2101110329405rQwK', '607', '210111032940', '2021-01-11', '16:24:00', -1, 3, '2021-01-11', 'SELL20210111'),
	('2101110329405Z7Vy', '324', '210111032940', '2021-01-11', '16:24:00', -1, 3, '2021-01-11', 'SELL20210111'),
	('21011103294063KEJ', '249', '210111032940', '2021-01-11', '16:24:00', -1, 3, '2021-01-11', 'SELL20210111'),
	('2101110329406g73y', '566', '210111032940', '2021-01-11', '16:24:00', -1, 3, '2021-01-11', 'SELL20210111'),
	('2101110329407BvJC', '387', '210111032940', '2021-01-11', '16:24:00', -1, 3, '2021-01-11', 'SELL20210111'),
	('2101110329407ElBr', '605', '210111032940', '2021-01-11', '16:24:00', -1, 3, '2021-01-11', 'SELL20210111'),
	('2101110329407lsoA', '411', '210111032940', '2021-01-11', '16:24:00', -1, 3, '2021-01-11', 'SELL20210111'),
	('2101110329407xDiE', '510', '210111032940', '2021-01-11', '16:24:00', -1, 3, '2021-01-11', 'SELL20210111'),
	('21011103294083o6Y', '553', '210111032940', '2021-01-11', '16:24:00', -1, 3, '2021-01-11', 'SELL20210111'),
	('2101110329408oIf7', '570', '210111032940', '2021-01-11', '16:24:00', -1, 3, '2021-01-11', 'SELL20210111'),
	('2101110329408zKPU', '537', '210111032940', '2021-01-11', '16:24:00', -1, 3, '2021-01-11', 'SELL20210111'),
	('2101110329409WRX0', '546', '210111032940', '2021-01-11', '16:24:00', -1, 3, '2021-01-11', 'SELL20210111'),
	('210111032940aZHYB', '601', '210111032940', '2021-01-11', '16:24:00', -1, 3, '2021-01-11', 'SELL20210111'),
	('210111032940bOqd9', '341', '210111032940', '2021-01-11', '16:24:00', -1, 3, '2021-01-11', 'SELL20210111'),
	('210111032940Ce6MZ', '559', '210111032940', '2021-01-11', '16:24:00', -1, 3, '2021-01-11', 'SELL20210111'),
	('210111032940CLAQ7', '609', '210111032940', '2021-01-11', '16:24:00', -1, 3, '2021-01-11', 'SELL20210111'),
	('210111032940CNBjI', '321', '210111032940', '2021-01-11', '16:24:00', -1, 3, '2021-01-11', 'SELL20210111'),
	('210111032940dfpaO', '388', '210111032940', '2021-01-11', '16:24:00', -1, 3, '2021-01-11', 'SELL20210111'),
	('210111032940Dw2vP', '528', '210111032940', '2021-01-11', '16:24:00', -1, 3, '2021-01-11', 'SELL20210111'),
	('210111032940DZWby', '449', '210111032940', '2021-01-11', '16:24:00', -1, 3, '2021-01-11', 'SELL20210111'),
	('210111032940e9cf4', '543', '210111032940', '2021-01-11', '16:24:00', -1, 3, '2021-01-11', 'SELL20210111'),
	('210111032940FR3Cb', '585', '210111032940', '2021-01-11', '16:24:00', -1, 3, '2021-01-11', 'SELL20210111'),
	('210111032940gkIXL', '312', '210111032940', '2021-01-11', '16:24:00', -1, 3, '2021-01-11', 'SELL20210111'),
	('210111032940gxnSW', '389', '210111032940', '2021-01-11', '16:24:00', -1, 3, '2021-01-11', 'SELL20210111'),
	('210111032940HkyYP', '313', '210111032940', '2021-01-11', '16:24:00', -1, 3, '2021-01-11', 'SELL20210111'),
	('210111032940HoBUb', '486', '210111032940', '2021-01-11', '16:24:00', -1, 3, '2021-01-11', 'SELL20210111'),
	('210111032940i1ZcS', '299', '210111032940', '2021-01-11', '16:24:00', -1, 3, '2021-01-11', 'SELL20210111'),
	('210111032940iOfvq', '539', '210111032940', '2021-01-11', '16:24:00', -1, 3, '2021-01-11', 'SELL20210111'),
	('210111032940iRqzw', '250', '210111032940', '2021-01-11', '16:24:00', -1, 3, '2021-01-11', 'SELL20210111'),
	('210111032940J6BNp', '535', '210111032940', '2021-01-11', '16:24:00', -1, 3, '2021-01-11', 'SELL20210111'),
	('210111032940jc25U', '599', '210111032940', '2021-01-11', '16:24:00', -1, 3, '2021-01-11', 'SELL20210111'),
	('210111032940jEyuD', '447', '210111032940', '2021-01-11', '16:24:00', -1, 3, '2021-01-11', 'SELL20210111'),
	('210111032940JFP9C', '567', '210111032940', '2021-01-11', '16:24:00', -1, 3, '2021-01-11', 'SELL20210111'),
	('210111032940JieIH', '274', '210111032940', '2021-01-11', '16:24:00', -1, 3, '2021-01-11', 'SELL20210111'),
	('210111032940kbvX5', '565', '210111032940', '2021-01-11', '16:24:00', -1, 3, '2021-01-11', 'SELL20210111'),
	('210111032940KJLyg', '446', '210111032940', '2021-01-11', '16:24:00', -1, 3, '2021-01-11', 'SELL20210111'),
	('210111032940KN87U', '511', '210111032940', '2021-01-11', '16:24:00', -1, 3, '2021-01-11', 'SELL20210111'),
	('210111032940LNDfe', '568', '210111032940', '2021-01-11', '16:24:00', -1, 3, '2021-01-11', 'SELL20210111'),
	('210111032940lpmqQ', '536', '210111032940', '2021-01-11', '16:24:00', -1, 3, '2021-01-11', 'SELL20210111'),
	('210111032940MNOym', '248', '210111032940', '2021-01-11', '16:24:00', -1, 3, '2021-01-11', 'SELL20210111'),
	('210111032940NeDrf', '287', '210111032940', '2021-01-11', '16:24:00', -1, 3, '2021-01-11', 'SELL20210111'),
	('210111032940ngGjv', '593', '210111032940', '2021-01-11', '16:24:00', -1, 3, '2021-01-11', 'SELL20210111'),
	('210111032940NhJfk', '493', '210111032940', '2021-01-11', '16:24:00', -1, 3, '2021-01-11', 'SELL20210111'),
	('210111032940NMAsX', '450', '210111032940', '2021-01-11', '16:24:00', -1, 3, '2021-01-11', 'SELL20210111'),
	('210111032940nuTxD', '600', '210111032940', '2021-01-11', '16:24:00', -1, 3, '2021-01-11', 'SELL20210111'),
	('210111032940o0DHs', '383', '210111032940', '2021-01-11', '16:24:00', -1, 3, '2021-01-11', 'SELL20210111'),
	('210111032940o4p1s', '382', '210111032940', '2021-01-11', '16:24:00', -1, 3, '2021-01-11', 'SELL20210111'),
	('210111032940o9Cj5', '507', '210111032940', '2021-01-11', '16:24:00', -1, 3, '2021-01-11', 'SELL20210111'),
	('210111032940oBIpL', '584', '210111032940', '2021-01-11', '16:24:00', -1, 3, '2021-01-11', 'SELL20210111'),
	('210111032940oh3gR', '285', '210111032940', '2021-01-11', '16:24:00', -1, 3, '2021-01-11', 'SELL20210111'),
	('210111032940oRLPX', '597', '210111032940', '2021-01-11', '16:24:00', -1, 3, '2021-01-11', 'SELL20210111'),
	('210111032940P2RHE', '550', '210111032940', '2021-01-11', '16:24:00', -1, 3, '2021-01-11', 'SELL20210111'),
	('210111032940PesTy', '569', '210111032940', '2021-01-11', '16:24:00', -1, 3, '2021-01-11', 'SELL20210111'),
	('210111032940pJR04', '410', '210111032940', '2021-01-11', '16:24:00', -1, 3, '2021-01-11', 'SELL20210111'),
	('210111032940PNmXk', '564', '210111032940', '2021-01-11', '16:24:00', -1, 3, '2021-01-11', 'SELL20210111'),
	('210111032940Q9jhz', '448', '210111032940', '2021-01-11', '16:24:00', -1, 3, '2021-01-11', 'SELL20210111'),
	('210111032940qKUPW', '251', '210111032940', '2021-01-11', '16:24:00', -1, 3, '2021-01-11', 'SELL20210111'),
	('210111032940QZTfH', '608', '210111032940', '2021-01-11', '16:24:00', -1, 3, '2021-01-11', 'SELL20210111'),
	('210111032940RfMtz', '563', '210111032940', '2021-01-11', '16:24:00', -1, 3, '2021-01-11', 'SELL20210111'),
	('210111032940RfPz1', '288', '210111032940', '2021-01-11', '16:24:00', -1, 3, '2021-01-11', 'SELL20210111'),
	('210111032940RUkQV', '604', '210111032940', '2021-01-11', '16:24:00', -1, 3, '2021-01-11', 'SELL20210111'),
	('210111032940RUno2', '252', '210111032940', '2021-01-11', '16:24:00', -1, 3, '2021-01-11', 'SELL20210111'),
	('210111032940rWtXV', '323', '210111032940', '2021-01-11', '16:24:00', -1, 3, '2021-01-11', 'SELL20210111'),
	('210111032940T1pLP', '293', '210111032940', '2021-01-11', '16:24:00', -1, 3, '2021-01-11', 'SELL20210111'),
	('210111032940Ujt1R', '406', '210111032940', '2021-01-11', '16:24:00', -1, 3, '2021-01-11', 'SELL20210111'),
	('210111032940UnFE8', '305', '210111032940', '2021-01-11', '16:24:00', -1, 3, '2021-01-11', 'SELL20210111'),
	('210111032940VmnC0', '540', '210111032940', '2021-01-11', '16:24:00', -1, 3, '2021-01-11', 'SELL20210111'),
	('210111032940vU6Lp', '381', '210111032940', '2021-01-11', '16:24:00', -1, 3, '2021-01-11', 'SELL20210111'),
	('210111032940VW1rl', '322', '210111032940', '2021-01-11', '16:24:00', -1, 3, '2021-01-11', 'SELL20210111'),
	('210111032940wE3gM', '485', '210111032940', '2021-01-11', '16:24:00', -1, 3, '2021-01-11', 'SELL20210111'),
	('210111032940WJG47', '304', '210111032940', '2021-01-11', '16:24:00', -1, 3, '2021-01-11', 'SELL20210111'),
	('210111032940xe6gF', '594', '210111032940', '2021-01-11', '16:24:00', -1, 3, '2021-01-11', 'SELL20210111'),
	('210111032940z5Ey2', '325', '210111032940', '2021-01-11', '16:24:00', -1, 3, '2021-01-11', 'SELL20210111'),
	('210111032940zkRyN', '615', '210111032940', '2021-01-11', '16:24:00', -1, 3, '2021-01-11', 'SELL20210111'),
	('210111032940zSv5s', '602', '210111032940', '2021-01-11', '16:24:00', -1, 3, '2021-01-11', 'SELL20210111'),
	('2101120747290pMSt', '133', '210112074729', '2021-01-12', '20:34:00', 5, 1, '2021-01-26', 'C27'),
	('2101120747290WgmR', '136', '210112074729', '2021-01-12', '20:34:00', 5, 1, '2021-03-18', 'C7'),
	('2101120747290YOL2', '125', '210112074729', '2021-01-12', '20:34:00', 5, 1, '2021-01-12', 'C15'),
	('2101120747292JI0N', '144', '210112074729', '2021-01-12', '20:34:00', 5, 1, '2021-10-14', 'C11'),
	('2101120747292rHEo', '132', '210112074729', '2021-01-12', '20:34:00', 5, 1, '2021-01-30', 'C21'),
	('2101120747293oEjy', '107', '210112074729', '2021-01-12', '20:34:00', 5, 1, '2021-01-23', 'C52'),
	('2101120747294aT57', '123', '210112074729', '2021-01-12', '20:34:00', 5, 1, '2021-01-27', 'C59'),
	('21011207472953tf1', '126', '210112074729', '2021-01-12', '20:34:00', 5, 1, '2021-01-31', 'C61'),
	('2101120747297KAor', '484', '210112074729', '2021-01-12', '20:34:00', 5, 1, '2021-01-12', 'C53'),
	('2101120747298goby', '273', '210112074729', '2021-01-12', '20:34:00', 5, 1, '2021-05-19', 'C5'),
	('2101120747298iSIn', '140', '210112074729', '2021-01-12', '20:34:00', 5, 1, '2021-04-21', 'C26'),
	('2101120747298VuEU', '129', '210112074729', '2021-01-12', '20:34:00', 5, 1, '2021-05-22', 'C38'),
	('210112074729AfEPL', '124', '210112074729', '2021-01-12', '20:34:00', 5, 1, '2021-01-26', 'C58'),
	('210112074729B24iy', '139', '210112074729', '2021-01-12', '20:34:00', 5, 1, '2021-06-17', 'C31'),
	('210112074729C8OdK', '109', '210112074729', '2021-01-12', '20:34:00', 5, 1, '2021-01-31', 'C48'),
	('210112074729CEm3M', '116', '210112074729', '2021-01-12', '20:34:00', 5, 1, '2021-01-30', 'C34'),
	('210112074729Ckezu', '145', '210112074729', '2021-01-12', '20:34:00', 5, 1, '2021-01-30', 'C14'),
	('210112074729Cw5kv', '119', '210112074729', '2021-01-12', '20:34:00', 5, 1, '2021-01-22', 'C56'),
	('210112074729dA5yX', '146', '210112074729', '2021-01-12', '20:34:00', 5, 1, '2021-01-29', 'C20'),
	('210112074729DaJFu', '137', '210112074729', '2021-01-12', '20:34:00', 5, 1, '2021-01-08', 'C8'),
	('210112074729dOsWw', '113', '210112074729', '2021-01-12', '20:34:00', 5, 1, '2021-01-26', 'C43'),
	('210112074729DS39P', '111', '210112074729', '2021-01-12', '20:34:00', 5, 1, '2021-01-17', 'C46'),
	('210112074729eOFwk', '131', '210112074729', '2021-01-12', '20:34:00', 5, 1, '2021-08-20', 'C10'),
	('210112074729fnZPk', '117', '210112074729', '2021-01-12', '20:34:00', 5, 1, '2021-01-19', 'C55'),
	('210112074729fXZM4', '468', '210112074729', '2021-01-12', '20:34:00', 5, 1, '2021-04-22', 'C41'),
	('210112074729g4ZWz', '114', '210112074729', '2021-01-12', '20:34:00', 5, 1, '2021-01-31', 'C35'),
	('210112074729i95JU', '365', '210112074729', '2021-01-12', '20:34:00', 5, 1, '2021-04-21', 'C30'),
	('210112074729IW5SG', '103', '210112074729', '2021-01-12', '20:34:00', 5, 1, '2021-01-20', 'C42'),
	('210112074729JA3q8', '415', '210112074729', '2021-01-12', '20:34:00', 5, 1, '2021-01-25', 'C22'),
	('210112074729LdPGg', '138', '210112074729', '2021-01-12', '20:34:00', 5, 1, '2021-04-23', 'C37'),
	('210112074729loM9C', '108', '210112074729', '2021-01-12', '20:34:00', 5, 1, '2021-01-31', 'C51'),
	('210112074729mCTYW', '148', '210112074729', '2021-01-12', '20:34:00', 5, 1, '2021-03-18', 'C4'),
	('210112074729mKC3A', '464', '210112074729', '2021-01-12', '20:34:00', 5, 1, '2021-01-26', 'C40'),
	('210112074729mYr6y', '122', '210112074729', '2021-01-12', '20:34:00', 5, 1, '2021-01-12', 'C17'),
	('210112074729N2P5Y', '104', '210112074729', '2021-01-12', '20:34:00', 5, 1, '2021-01-30', 'C45'),
	('210112074729NkrLj', '579', '210112074729', '2021-01-12', '20:34:00', 5, 1, '2021-09-02', 'C1'),
	('210112074729NrpsA', '120', '210112074729', '2021-01-12', '20:34:00', 5, 1, '2021-03-18', 'C3'),
	('210112074729OGYj6', '118', '210112074729', '2021-01-12', '20:34:00', 5, 1, '2021-01-23', 'C57'),
	('210112074729p962J', '578', '210112074729', '2021-01-12', '20:34:00', 5, 1, '2021-08-12', 'C2'),
	('210112074729PK32i', '130', '210112074729', '2021-01-12', '20:34:00', 5, 1, '2021-01-29', 'C60'),
	('210112074729PkS08', '105', '210112074729', '2021-01-12', '20:34:00', 5, 1, '2021-01-28', 'C44'),
	('210112074729QfNLC', '490', '210112074729', '2021-01-12', '20:34:00', 5, 1, '2021-01-10', 'C54'),
	('210112074729qFWzk', '462', '210112074729', '2021-01-12', '20:34:00', 5, 1, '2021-07-17', 'C39'),
	('210112074729rRvqS', '106', '210112074729', '2021-01-12', '20:34:00', 5, 1, '2021-01-28', 'C50'),
	('210112074729rWGIn', '134', '210112074729', '2021-01-12', '20:34:00', 5, 1, '2021-01-12', 'C24'),
	('210112074729tFQOR', '147', '210112074729', '2021-01-12', '20:34:00', 5, 1, '2021-01-27', 'C12'),
	('210112074729tJY03', '121', '210112074729', '2021-01-12', '20:34:00', 5, 1, '2021-01-26', 'C18'),
	('210112074729TYNdc', '414', '210112074729', '2021-01-12', '20:34:00', 5, 1, '2021-01-24', 'C23'),
	('210112074729UdfHI', '115', '210112074729', '2021-01-12', '20:34:00', 5, 1, '2021-01-29', 'C33'),
	('210112074729uxBpo', '142', '210112074729', '2021-01-12', '20:34:00', 5, 1, '2021-03-24', 'C29'),
	('210112074729UYP3G', '128', '210112074729', '2021-01-12', '20:34:00', 5, 1, '2021-05-20', 'C16'),
	('210112074729vbfFU', '315', '210112074729', '2021-01-12', '20:34:00', 5, 1, '2021-01-25', 'C13'),
	('210112074729VL7O9', '277', '210112074729', '2021-01-12', '20:34:00', 5, 1, '2021-01-26', 'C9'),
	('210112074729VW8ex', '112', '210112074729', '2021-01-12', '20:34:00', 5, 1, '2021-01-25', 'C47'),
	('210112074729W24Zn', '141', '210112074729', '2021-01-12', '20:34:00', 5, 1, '2021-02-17', 'C28'),
	('210112074729Wmwic', '110', '210112074729', '2021-01-12', '20:34:00', 5, 1, '2021-01-14', 'C49'),
	('210112074729XlCEH', '143', '210112074729', '2021-01-12', '20:34:00', 5, 1, '2021-05-13', 'C25'),
	('210112074729XPmsd', '314', '210112074729', '2021-01-12', '20:34:00', 5, 1, '2021-03-24', 'C36'),
	('210112074729yBET3', '135', '210112074729', '2021-01-12', '20:34:00', 5, 1, '2021-01-26', 'C32'),
	('210112074729zFbTS', '262', '210112074729', '2021-01-12', '20:34:00', 5, 1, '2021-03-25', 'C6'),
	('210112075234D0FH3', '565', '210112075234', '2021-01-12', '20:52:00', -1, 3, '2021-01-12', 'SELL20210112'),
	('210112075234Dlgqa', '563', '210112075234', '2021-01-12', '20:52:00', -1, 3, '2021-01-12', 'SELL20210112'),
	('210112075234xzspa', '564', '210112075234', '2021-01-12', '20:52:00', -1, 3, '2021-01-12', 'SELL20210112'),
	('210114122814jqrvM', '564', '210114122814', '2020-12-08', '13:27:00', -1, 3, '2021-01-14', 'SELL20210114'),
	('210114122814PFKV5', '563', '210114122814', '2020-12-08', '13:27:00', -1, 3, '2021-01-14', 'SELL20210114'),
	('210114122918GFBLs', '567', '210114122918', '2020-12-08', '13:28:00', -1, 3, '2021-01-14', 'SELL20210114'),
	('210114122918HnAfc', '565', '210114122918', '2020-12-08', '13:28:00', -1, 3, '2021-01-14', 'SELL20210114'),
	('210114122918nJfIt', '566', '210114122918', '2020-12-08', '13:28:00', -1, 3, '2021-01-14', 'SELL20210114'),
	('210114122918z1uBM', '568', '210114122918', '2020-12-08', '13:28:00', -1, 3, '2021-01-14', 'SELL20210114'),
	('21011412302532i01', '569', '210114123025', '2020-11-23', '13:29:00', -1, 3, '2021-01-14', 'SELL20210114'),
	('210114123025hadAK', '578', '210114123025', '2020-11-23', '13:29:00', -1, 3, '2021-01-14', 'SELL20210114'),
	('210114123025HlU5A', '579', '210114123025', '2020-11-23', '13:29:00', -1, 3, '2021-01-14', 'SELL20210114'),
	('210114123025zRaiy', '570', '210114123025', '2020-11-23', '13:29:00', -1, 3, '2021-01-14', 'SELL20210114'),
	('21011701474649Apf', '563', '210117014746', '2021-01-17', '14:47:00', -1, 3, '2021-01-17', 'SELL20210117'),
	('210117014746K7HOX', '564', '210117014746', '2021-01-17', '14:47:00', -1, 3, '2021-01-17', 'SELL20210117'),
	('2101170149500MqGF', '583', '210117014950', '2021-01-17', '14:47:00', -1, 3, '2021-01-17', 'SELL20210117'),
	('21011701495040jnx', '579', '210117014950', '2021-01-17', '14:47:00', -1, 3, '2021-01-17', 'SELL20210117'),
	('2101170149504qejJ', '568', '210117014950', '2021-01-17', '14:47:00', -1, 3, '2021-01-17', 'SELL20210117'),
	('210117014950aQcR4', '585', '210117014950', '2021-01-17', '14:47:00', -1, 3, '2021-01-17', 'SELL20210117'),
	('210117014950DjdMP', '566', '210117014950', '2021-01-17', '14:47:00', -1, 3, '2021-01-17', 'SELL20210117'),
	('210117014950DXOQZ', '570', '210117014950', '2021-01-17', '14:47:00', -1, 3, '2021-01-17', 'SELL20210117'),
	('210117014950ecqJP', '593', '210117014950', '2021-01-17', '14:47:00', -1, 3, '2021-01-17', 'SELL20210117'),
	('210117014950ENhZI', '598', '210117014950', '2021-01-17', '14:47:00', -1, 3, '2021-01-17', 'SELL20210117'),
	('210117014950fsRQJ', '578', '210117014950', '2021-01-17', '14:47:00', -1, 3, '2021-01-17', 'SELL20210117'),
	('210117014950GuJHW', '563', '210117014950', '2021-01-17', '14:47:00', -1, 3, '2021-01-17', 'SELL20210117'),
	('210117014950j1BZb', '569', '210117014950', '2021-01-17', '14:47:00', -1, 3, '2021-01-17', 'SELL20210117'),
	('210117014950jkKdf', '597', '210117014950', '2021-01-17', '14:47:00', -1, 3, '2021-01-17', 'SELL20210117'),
	('210117014950keZiR', '565', '210117014950', '2021-01-17', '14:47:00', -1, 3, '2021-01-17', 'SELL20210117'),
	('210117014950lPTOG', '584', '210117014950', '2021-01-17', '14:47:00', -1, 3, '2021-01-17', 'SELL20210117'),
	('210117014950m5suX', '535', '210117014950', '2021-01-17', '14:47:00', -1, 3, '2021-01-17', 'SELL20210117'),
	('210117014950MGfyO', '567', '210117014950', '2021-01-17', '14:47:00', -1, 3, '2021-01-17', 'SELL20210117'),
	('210117014950MvGOJ', '615', '210117014950', '2021-01-17', '14:47:00', -1, 3, '2021-01-17', 'SELL20210117'),
	('210117014950OQbMk', '594', '210117014950', '2021-01-17', '14:47:00', -1, 3, '2021-01-17', 'SELL20210117'),
	('210117014950PAn9D', '599', '210117014950', '2021-01-17', '14:47:00', -1, 3, '2021-01-17', 'SELL20210117'),
	('210117014950w8dVr', '564', '210117014950', '2021-01-17', '14:47:00', -1, 3, '2021-01-17', 'SELL20210117'),
	('A_201209081437B2W', '305', '201209081437', '2020-12-09', '08:12:00', -3, 1, '2021-06-06', '55'),
	('A_201209081437hdN', '325', '201209081437', '2020-12-09', '08:12:00', -19, 1, '2020-12-10', '79999'),
	('A_201209081437S0O', '545', '201209081437', '2020-12-09', '08:12:00', -19, 1, '2020-12-17', '79999'),
	('A_2012120935095Bx', '538', '201212093509', '2020-12-12', '21:33:00', -11, 1, '1970-01-01', '4'),
	('A_2012120935095Nd', '585', '201212093509', '2020-12-12', '21:33:00', -11, 1, '1970-01-01', '4'),
	('A_2012120935096rl', '598', '201212093509', '2020-12-12', '21:33:00', -2, 1, '2020-12-31', '88'),
	('A_2012120935099JG', '537', '201212093509', '2020-12-12', '21:33:00', -11, 1, '1970-01-01', '4'),
	('A_201212093509Clc', '545', '201212093509', '2020-12-12', '21:33:00', -1, 1, '2020-12-17', '79999'),
	('A_201212093509FrY', '249', '201212093509', '2020-12-12', '21:33:00', -5, 1, '2020-12-24', ''),
	('A_201212093509jLm', '540', '201212093509', '2020-12-12', '21:33:00', -11, 1, '1970-01-01', '4'),
	('A_201212093509kGE', '536', '201212093509', '2020-12-12', '21:33:00', -11, 1, '1970-01-01', '4'),
	('A_201212093509lGk', '535', '201212093509', '2020-12-12', '21:33:00', -61, 1, '1970-01-01', '1'),
	('A_201212093509nHb', '583', '201212093509', '2020-12-12', '21:33:00', -5, 1, '2020-12-05', '55'),
	('A_201212093509o0I', '593', '201212093509', '2020-12-12', '21:33:00', -61, 1, '1970-01-01', '1'),
	('A_201212093509o8T', '584', '201212093509', '2020-12-12', '21:33:00', -11, 1, '1970-01-01', '4'),
	('A_201212093509rjX', '285', '201212093509', '2020-12-12', '21:33:00', -6, 1, '2021-06-07', '55'),
	('A_201212093509VTg', '252', '201212093509', '2020-12-12', '21:33:00', -5, 1, '2020-12-18', ''),
	('A_201212093509Wy7', '325', '201212093509', '2020-12-12', '21:33:00', -1, 1, '2020-12-10', '79999'),
	('A_201212093509x0j', '539', '201212093509', '2020-12-12', '21:33:00', -11, 1, '1970-01-01', '4'),
	('A_201212093509yc6', '305', '201212093509', '2020-12-12', '21:33:00', -1, 1, '2021-06-06', '55'),
	('A_201212093509ZB1', '594', '201212093509', '2020-12-12', '21:33:00', -11, 1, '1970-01-01', '4'),
	('A_2101110113171zg', '543', '210111011317', '2021-01-11', '14:12:00', -3, 1, '2021-10-28', 'A20'),
	('A_2101110113174SL', '389', '210111011317', '2021-01-11', '14:12:00', -3, 1, '2021-01-28', 'A13'),
	('A_210111011317A2W', '445', '210111011317', '2021-01-11', '14:12:00', -3, 1, '2021-01-09', 'A17'),
	('A_210111011317B43', '605', '210111011317', '2021-01-11', '14:12:00', -3, 1, '2021-03-11', 'A7'),
	('A_210111011317bzs', '601', '210111011317', '2021-01-11', '14:12:00', -3, 1, '2021-06-23', 'A4'),
	('A_210111011317Dbc', '607', '210111011317', '2021-01-11', '14:12:00', -3, 1, '2021-05-10', 'A9'),
	('A_210111011317g4B', '604', '210111011317', '2021-01-11', '14:12:00', -3, 1, '2021-05-13', 'A6'),
	('A_210111011317gVZ', '609', '210111011317', '2021-01-11', '14:12:00', -3, 1, '2021-01-06', 'A11'),
	('A_210111011317jFf', '603', '210111011317', '2021-01-11', '14:12:00', -3, 1, '2021-05-06', 'A5'),
	('A_210111011317Lti', '493', '210111011317', '2021-01-11', '14:12:00', -3, 1, '2021-07-23', 'A19'),
	('A_210111011317LzB', '447', '210111011317', '2021-01-11', '14:12:00', -3, 1, '2021-09-23', 'A18'),
	('A_210111011317meY', '446', '210111011317', '2021-01-11', '14:12:00', -3, 1, '2021-02-06', 'A16'),
	('A_210111011317NDl', '606', '210111011317', '2021-01-11', '14:12:00', -3, 1, '2021-02-10', 'A8'),
	('A_210111011317nky', '608', '210111011317', '2021-01-11', '14:12:00', -3, 1, '2021-01-28', 'A10'),
	('A_210111011317Oza', '387', '210111011317', '2021-01-11', '14:12:00', -3, 1, '2021-02-04', 'A14'),
	('A_210111011317qEo', '599', '210111011317', '2021-01-11', '14:12:00', -3, 1, '2021-04-15', 'A3'),
	('A_210111011317ros', '600', '210111011317', '2021-01-11', '14:12:00', -3, 1, '2021-04-16', 'A2'),
	('A_210111011317T2m', '598', '210111011317', '2021-01-11', '14:12:00', -3, 1, '2020-12-31', '88'),
	('A_210111011317ueL', '602', '210111011317', '2021-01-11', '14:12:00', -3, 1, '2021-01-12', 'A12'),
	('A_210111011317wXV', '388', '210111011317', '2021-01-11', '14:12:00', -3, 1, '2021-02-05', 'A15'),
	('A_2101110324110NP', '608', '210111032411', '2021-01-11', '16:19:00', -2, 1, '2021-01-28', 'A10'),
	('A_2101110324110oj', '285', '210111032411', '2021-01-11', '16:19:00', -5, 1, '2021-06-07', '55'),
	('A_2101110324110s7', '248', '210111032411', '2021-01-11', '16:19:00', -5, 1, '1970-01-01', 'B6'),
	('A_21011103241135J', '559', '210111032411', '2021-01-11', '16:19:00', -5, 1, '2021-01-17', 'AA10'),
	('A_2101110324115LI', '606', '210111032411', '2021-01-11', '16:19:00', -2, 1, '2021-02-10', 'A8'),
	('A_2101110324115zg', '381', '210111032411', '2021-01-11', '16:19:00', -5, 1, '1970-01-01', 'B23'),
	('A_2101110324116qV', '389', '210111032411', '2021-01-11', '16:19:00', -2, 1, '2021-01-28', 'A13'),
	('A_210111032411738', '493', '210111032411', '2021-01-11', '16:19:00', -2, 1, '2021-07-23', 'A19'),
	('A_210111032411a4n', '388', '210111032411', '2021-01-11', '16:19:00', -2, 1, '2021-02-05', 'A15'),
	('A_210111032411Ahf', '529', '210111032411', '2021-01-11', '16:19:00', -5, 1, '1970-01-01', 'B35'),
	('A_210111032411bvF', '598', '210111032411', '2021-01-11', '16:19:00', -2, 1, '2020-12-31', '88'),
	('A_210111032411dzG', '448', '210111032411', '2021-01-11', '16:19:00', -5, 1, '1970-01-01', 'B29'),
	('A_210111032411eMg', '567', '210111032411', '2021-01-11', '16:19:00', -5, 1, '2021-01-24', 'AA5'),
	('A_210111032411et2', '449', '210111032411', '2021-01-11', '16:19:00', -5, 1, '1970-01-01', 'B30'),
	('A_210111032411fG3', '603', '210111032411', '2021-01-11', '16:19:00', -2, 1, '2021-05-06', 'A5'),
	('A_210111032411gP7', '293', '210111032411', '2021-01-11', '16:19:00', -5, 1, '1970-01-01', 'B11'),
	('A_210111032411gSh', '601', '210111032411', '2021-01-11', '16:19:00', -2, 1, '2021-06-23', 'A4'),
	('A_210111032411Guf', '486', '210111032411', '2021-01-11', '16:19:00', -5, 1, '1970-01-01', 'B32'),
	('A_210111032411H4u', '600', '210111032411', '2021-01-11', '16:19:00', -2, 1, '2021-04-16', 'A2'),
	('A_210111032411HCk', '406', '210111032411', '2021-01-11', '16:19:00', -5, 1, '1970-01-01', 'B26'),
	('A_210111032411Hl3', '570', '210111032411', '2021-01-11', '16:19:00', -5, 1, '2021-01-20', 'AA8'),
	('A_210111032411hxl', '274', '210111032411', '2021-01-11', '16:19:00', -5, 1, '1970-01-01', 'B3'),
	('A_210111032411HXt', '299', '210111032411', '2021-01-11', '16:19:00', -5, 1, '1970-01-01', 'B12'),
	('A_210111032411iC2', '604', '210111032411', '2021-01-11', '16:19:00', -2, 1, '2021-05-13', 'A6'),
	('A_210111032411ITr', '305', '210111032411', '2021-01-11', '16:19:00', -5, 1, '2021-06-06', '55'),
	('A_210111032411JAf', '341', '210111032411', '2021-01-11', '16:19:00', -5, 1, '1970-01-01', 'B22'),
	('A_210111032411JMy', '321', '210111032411', '2021-01-11', '16:19:00', -5, 1, '1970-01-01', 'B19'),
	('A_210111032411KAH', '563', '210111032411', '2021-01-11', '16:19:00', -5, 1, '2021-01-21', 'AA1'),
	('A_210111032411l0g', '322', '210111032411', '2021-01-11', '16:19:00', -5, 1, '1970-01-01', 'B20'),
	('A_210111032411m9U', '602', '210111032411', '2021-01-11', '16:19:00', -2, 1, '2021-01-12', 'A12'),
	('A_210111032411N3x', '410', '210111032411', '2021-01-11', '16:19:00', -5, 1, '1970-01-01', 'B27'),
	('A_210111032411NIc', '553', '210111032411', '2021-01-11', '16:19:00', -5, 1, '1970-01-01', 'B41'),
	('A_210111032411nrS', '287', '210111032411', '2021-01-11', '16:19:00', -5, 1, '1970-01-01', 'B8'),
	('A_210111032411nxE', '252', '210111032411', '2021-01-11', '16:19:00', -5, 1, '2020-12-18', ''),
	('A_210111032411nzP', '445', '210111032411', '2021-01-11', '16:19:00', -2, 1, '2021-01-09', 'A17'),
	('A_210111032411oHD', '564', '210111032411', '2021-01-11', '16:19:00', -5, 1, '2021-01-28', 'AA2'),
	('A_210111032411Ojr', '510', '210111032411', '2021-01-11', '16:19:00', -5, 1, '1970-01-01', 'B37'),
	('A_210111032411oWk', '507', '210111032411', '2021-01-11', '16:19:00', -5, 1, '1970-01-01', 'B36'),
	('A_210111032411p5C', '607', '210111032411', '2021-01-11', '16:19:00', -2, 1, '2021-05-10', 'A9'),
	('A_210111032411pbD', '528', '210111032411', '2021-01-11', '16:19:00', -5, 1, '1970-01-01', 'B34'),
	('A_210111032411pdw', '304', '210111032411', '2021-01-11', '16:19:00', -5, 1, '1970-01-01', 'B16'),
	('A_210111032411q3L', '323', '210111032411', '2021-01-11', '16:19:00', -5, 1, '1970-01-01', 'B17'),
	('A_210111032411q4W', '566', '210111032411', '2021-01-11', '16:19:00', -5, 1, '2021-01-30', 'AA4'),
	('A_210111032411qbj', '583', '210111032411', '2021-01-11', '16:19:00', -5, 1, '2020-12-05', '55'),
	('A_210111032411qDX', '450', '210111032411', '2021-01-11', '16:19:00', -5, 1, '1970-01-01', 'B31'),
	('A_210111032411R4W', '565', '210111032411', '2021-01-11', '16:19:00', -5, 1, '2021-01-29', 'AA3'),
	('A_210111032411r8G', '615', '210111032411', '2021-01-11', '16:19:00', -5, 1, '1970-01-01', 'B2'),
	('A_210111032411rhM', '324', '210111032411', '2021-01-11', '16:19:00', -5, 1, '1970-01-01', 'B18'),
	('A_210111032411sgc', '387', '210111032411', '2021-01-11', '16:19:00', -2, 1, '2021-02-04', 'A14'),
	('A_210111032411sXL', '312', '210111032411', '2021-01-11', '16:19:00', -5, 1, '1970-01-01', 'B14'),
	('A_210111032411tDH', '599', '210111032411', '2021-01-11', '16:19:00', -2, 1, '2021-04-15', 'A3'),
	('A_210111032411tg7', '550', '210111032411', '2021-01-11', '16:19:00', -5, 1, '1970-01-01', 'B40'),
	('A_210111032411tTp', '543', '210111032411', '2021-01-11', '16:19:00', -2, 1, '2021-10-28', 'A20'),
	('A_210111032411U4y', '609', '210111032411', '2021-01-11', '16:19:00', -2, 1, '2021-01-06', 'A11'),
	('A_210111032411uLk', '382', '210111032411', '2021-01-11', '16:19:00', -5, 1, '1970-01-01', 'B24'),
	('A_210111032411USc', '546', '210111032411', '2021-01-11', '16:19:00', -5, 1, '1970-01-01', 'B39'),
	('A_210111032411uwT', '383', '210111032411', '2021-01-11', '16:19:00', -5, 1, '1970-01-01', 'B25'),
	('A_210111032411Uzq', '250', '210111032411', '2021-01-11', '16:19:00', -5, 1, '1970-01-01', 'B15'),
	('A_210111032411vag', '568', '210111032411', '2021-01-11', '16:19:00', -5, 1, '2021-01-25', 'AA6'),
	('A_210111032411VGm', '447', '210111032411', '2021-01-11', '16:19:00', -2, 1, '2021-09-23', 'A18'),
	('A_210111032411vLj', '313', '210111032411', '2021-01-11', '16:19:00', -5, 1, '1970-01-01', 'B13'),
	('A_210111032411WQ5', '485', '210111032411', '2021-01-11', '16:19:00', -5, 1, '1970-01-01', 'B33'),
	('A_210111032411x0Z', '569', '210111032411', '2021-01-11', '16:19:00', -5, 1, '2021-01-27', 'AA7'),
	('A_210111032411xeY', '511', '210111032411', '2021-01-11', '16:19:00', -5, 1, '1970-01-01', 'B38'),
	('A_210111032411YgP', '251', '210111032411', '2021-01-11', '16:19:00', -5, 1, '1970-01-01', 'B21'),
	('A_210111032411yis', '605', '210111032411', '2021-01-11', '16:19:00', -2, 1, '2021-03-11', 'A7'),
	('A_210111032411yVH', '411', '210111032411', '2021-01-11', '16:19:00', -5, 1, '1970-01-01', 'B28'),
	('A_210111032411Zb7', '288', '210111032411', '2021-01-11', '16:19:00', -5, 1, '1970-01-01', 'B9'),
	('A_210111032411ZpM', '249', '210111032411', '2021-01-11', '16:19:00', -5, 1, '2020-12-24', ''),
	('A_210111032411zY9', '446', '210111032411', '2021-01-11', '16:19:00', -2, 1, '2021-02-06', 'A16'),
	('A_210111032411zZE', '597', '210111032411', '2021-01-11', '16:19:00', -5, 1, '2021-01-18', 'AA9'),
	('A_2101120750468xl', '273', '210112075046', '2021-01-12', '20:50:00', -5, 1, '2021-05-19', 'C5'),
	('A_210112075046d9Z', '136', '210112075046', '2021-01-12', '20:50:00', -5, 1, '2021-03-18', 'C7'),
	('A_210112075046kNv', '277', '210112075046', '2021-01-12', '20:50:00', -5, 1, '2021-01-26', 'C9'),
	('A_210112075046kVQ', '579', '210112075046', '2021-01-12', '20:50:00', -5, 1, '2021-09-02', 'C1'),
	('A_210112075046lHP', '120', '210112075046', '2021-01-12', '20:50:00', -5, 1, '2021-03-18', 'C3'),
	('A_210112075046lLG', '148', '210112075046', '2021-01-12', '20:50:00', -5, 1, '2021-03-18', 'C4'),
	('A_210112075046Msp', '137', '210112075046', '2021-01-12', '20:50:00', -5, 1, '2021-01-08', 'C8'),
	('A_210112075046nmD', '262', '210112075046', '2021-01-12', '20:50:00', -5, 1, '2021-03-25', 'C6'),
	('A_210112075046PyG', '131', '210112075046', '2021-01-12', '20:50:00', -5, 1, '2021-08-20', 'C10'),
	('A_210112075046SBG', '578', '210112075046', '2021-01-12', '20:50:00', -5, 1, '2021-08-12', 'C2'),
	('T_201209081437B2W', '305', '201209081437', '2020-12-09', '08:12:00', 3, 3, '2021-06-06', '55'),
	('T_201209081437hdN', '325', '201209081437', '2020-12-09', '08:12:00', 19, 3, '2020-12-10', '79999'),
	('T_201209081437S0O', '545', '201209081437', '2020-12-09', '08:12:00', 19, 3, '2020-12-17', '79999'),
	('T_2012120935095Bx', '538', '201212093509', '2020-12-12', '21:33:00', 11, 3, '1970-01-01', '4'),
	('T_2012120935095Nd', '585', '201212093509', '2020-12-12', '21:33:00', 11, 3, '1970-01-01', '4'),
	('T_2012120935096rl', '598', '201212093509', '2020-12-12', '21:33:00', 2, 3, '2020-12-31', '88'),
	('T_2012120935099JG', '537', '201212093509', '2020-12-12', '21:33:00', 11, 3, '1970-01-01', '4'),
	('T_201212093509Clc', '545', '201212093509', '2020-12-12', '21:33:00', 1, 3, '2020-12-17', '79999'),
	('T_201212093509FrY', '249', '201212093509', '2020-12-12', '21:33:00', 5, 3, '2020-12-24', ''),
	('T_201212093509jLm', '540', '201212093509', '2020-12-12', '21:33:00', 11, 3, '1970-01-01', '4'),
	('T_201212093509kGE', '536', '201212093509', '2020-12-12', '21:33:00', 11, 3, '1970-01-01', '4'),
	('T_201212093509lGk', '535', '201212093509', '2020-12-12', '21:33:00', 61, 3, '1970-01-01', '1'),
	('T_201212093509nHb', '583', '201212093509', '2020-12-12', '21:33:00', 5, 3, '2020-12-05', '55'),
	('T_201212093509o0I', '593', '201212093509', '2020-12-12', '21:33:00', 61, 3, '1970-01-01', '1'),
	('T_201212093509o8T', '584', '201212093509', '2020-12-12', '21:33:00', 11, 3, '1970-01-01', '4'),
	('T_201212093509rjX', '285', '201212093509', '2020-12-12', '21:33:00', 6, 3, '2021-06-07', '55'),
	('T_201212093509VTg', '252', '201212093509', '2020-12-12', '21:33:00', 5, 3, '2020-12-18', ''),
	('T_201212093509Wy7', '325', '201212093509', '2020-12-12', '21:33:00', 1, 3, '2020-12-10', '79999'),
	('T_201212093509x0j', '539', '201212093509', '2020-12-12', '21:33:00', 11, 3, '1970-01-01', '4'),
	('T_201212093509yc6', '305', '201212093509', '2020-12-12', '21:33:00', 1, 3, '2021-06-06', '55'),
	('T_201212093509ZB1', '594', '201212093509', '2020-12-12', '21:33:00', 11, 3, '1970-01-01', '4'),
	('T_2101110113171zg', '543', '210111011317', '2021-01-11', '14:12:00', 3, 3, '2021-10-28', 'A20'),
	('T_2101110113174SL', '389', '210111011317', '2021-01-11', '14:12:00', 3, 3, '2021-01-28', 'A13'),
	('T_210111011317A2W', '445', '210111011317', '2021-01-11', '14:12:00', 3, 3, '2021-01-09', 'A17'),
	('T_210111011317B43', '605', '210111011317', '2021-01-11', '14:12:00', 3, 3, '2021-03-11', 'A7'),
	('T_210111011317bzs', '601', '210111011317', '2021-01-11', '14:12:00', 3, 3, '2021-06-23', 'A4'),
	('T_210111011317Dbc', '607', '210111011317', '2021-01-11', '14:12:00', 3, 3, '2021-05-10', 'A9'),
	('T_210111011317g4B', '604', '210111011317', '2021-01-11', '14:12:00', 3, 3, '2021-05-13', 'A6'),
	('T_210111011317gVZ', '609', '210111011317', '2021-01-11', '14:12:00', 3, 3, '2021-01-06', 'A11'),
	('T_210111011317jFf', '603', '210111011317', '2021-01-11', '14:12:00', 3, 3, '2021-05-06', 'A5'),
	('T_210111011317Lti', '493', '210111011317', '2021-01-11', '14:12:00', 3, 3, '2021-07-23', 'A19'),
	('T_210111011317LzB', '447', '210111011317', '2021-01-11', '14:12:00', 3, 3, '2021-09-23', 'A18'),
	('T_210111011317meY', '446', '210111011317', '2021-01-11', '14:12:00', 3, 3, '2021-02-06', 'A16'),
	('T_210111011317NDl', '606', '210111011317', '2021-01-11', '14:12:00', 3, 3, '2021-02-10', 'A8'),
	('T_210111011317nky', '608', '210111011317', '2021-01-11', '14:12:00', 3, 3, '2021-01-28', 'A10'),
	('T_210111011317Oza', '387', '210111011317', '2021-01-11', '14:12:00', 3, 3, '2021-02-04', 'A14'),
	('T_210111011317qEo', '599', '210111011317', '2021-01-11', '14:12:00', 3, 3, '2021-04-15', 'A3'),
	('T_210111011317ros', '600', '210111011317', '2021-01-11', '14:12:00', 3, 3, '2021-04-16', 'A2'),
	('T_210111011317T2m', '598', '210111011317', '2021-01-11', '14:12:00', 3, 3, '2020-12-31', '88'),
	('T_210111011317ueL', '602', '210111011317', '2021-01-11', '14:12:00', 3, 3, '2021-01-12', 'A12'),
	('T_210111011317wXV', '388', '210111011317', '2021-01-11', '14:12:00', 3, 3, '2021-02-05', 'A15'),
	('T_2101110324110NP', '608', '210111032411', '2021-01-11', '16:19:00', 2, 3, '2021-01-28', 'A10'),
	('T_2101110324110oj', '285', '210111032411', '2021-01-11', '16:19:00', 5, 3, '2021-06-07', '55'),
	('T_2101110324110s7', '248', '210111032411', '2021-01-11', '16:19:00', 5, 3, '1970-01-01', 'B6'),
	('T_21011103241135J', '559', '210111032411', '2021-01-11', '16:19:00', 5, 3, '2021-01-17', 'AA10'),
	('T_2101110324115LI', '606', '210111032411', '2021-01-11', '16:19:00', 2, 3, '2021-02-10', 'A8'),
	('T_2101110324115zg', '381', '210111032411', '2021-01-11', '16:19:00', 5, 3, '1970-01-01', 'B23'),
	('T_2101110324116qV', '389', '210111032411', '2021-01-11', '16:19:00', 2, 3, '2021-01-28', 'A13'),
	('T_210111032411738', '493', '210111032411', '2021-01-11', '16:19:00', 2, 3, '2021-07-23', 'A19'),
	('T_210111032411a4n', '388', '210111032411', '2021-01-11', '16:19:00', 2, 3, '2021-02-05', 'A15'),
	('T_210111032411Ahf', '529', '210111032411', '2021-01-11', '16:19:00', 5, 3, '1970-01-01', 'B35'),
	('T_210111032411bvF', '598', '210111032411', '2021-01-11', '16:19:00', 2, 3, '2020-12-31', '88'),
	('T_210111032411dzG', '448', '210111032411', '2021-01-11', '16:19:00', 5, 3, '1970-01-01', 'B29'),
	('T_210111032411eMg', '567', '210111032411', '2021-01-11', '16:19:00', 5, 3, '2021-01-24', 'AA5'),
	('T_210111032411et2', '449', '210111032411', '2021-01-11', '16:19:00', 5, 3, '1970-01-01', 'B30'),
	('T_210111032411fG3', '603', '210111032411', '2021-01-11', '16:19:00', 2, 3, '2021-05-06', 'A5'),
	('T_210111032411gP7', '293', '210111032411', '2021-01-11', '16:19:00', 5, 3, '1970-01-01', 'B11'),
	('T_210111032411gSh', '601', '210111032411', '2021-01-11', '16:19:00', 2, 3, '2021-06-23', 'A4'),
	('T_210111032411Guf', '486', '210111032411', '2021-01-11', '16:19:00', 5, 3, '1970-01-01', 'B32'),
	('T_210111032411H4u', '600', '210111032411', '2021-01-11', '16:19:00', 2, 3, '2021-04-16', 'A2'),
	('T_210111032411HCk', '406', '210111032411', '2021-01-11', '16:19:00', 5, 3, '1970-01-01', 'B26'),
	('T_210111032411Hl3', '570', '210111032411', '2021-01-11', '16:19:00', 5, 3, '2021-01-20', 'AA8'),
	('T_210111032411hxl', '274', '210111032411', '2021-01-11', '16:19:00', 5, 3, '1970-01-01', 'B3'),
	('T_210111032411HXt', '299', '210111032411', '2021-01-11', '16:19:00', 5, 3, '1970-01-01', 'B12'),
	('T_210111032411iC2', '604', '210111032411', '2021-01-11', '16:19:00', 2, 3, '2021-05-13', 'A6'),
	('T_210111032411ITr', '305', '210111032411', '2021-01-11', '16:19:00', 5, 3, '2021-06-06', '55'),
	('T_210111032411JAf', '341', '210111032411', '2021-01-11', '16:19:00', 5, 3, '1970-01-01', 'B22'),
	('T_210111032411JMy', '321', '210111032411', '2021-01-11', '16:19:00', 5, 3, '1970-01-01', 'B19'),
	('T_210111032411KAH', '563', '210111032411', '2021-01-11', '16:19:00', 5, 3, '2021-01-21', 'AA1'),
	('T_210111032411l0g', '322', '210111032411', '2021-01-11', '16:19:00', 5, 3, '1970-01-01', 'B20'),
	('T_210111032411m9U', '602', '210111032411', '2021-01-11', '16:19:00', 2, 3, '2021-01-12', 'A12'),
	('T_210111032411N3x', '410', '210111032411', '2021-01-11', '16:19:00', 5, 3, '1970-01-01', 'B27'),
	('T_210111032411NIc', '553', '210111032411', '2021-01-11', '16:19:00', 5, 3, '1970-01-01', 'B41'),
	('T_210111032411nrS', '287', '210111032411', '2021-01-11', '16:19:00', 5, 3, '1970-01-01', 'B8'),
	('T_210111032411nxE', '252', '210111032411', '2021-01-11', '16:19:00', 5, 3, '2020-12-18', ''),
	('T_210111032411nzP', '445', '210111032411', '2021-01-11', '16:19:00', 2, 3, '2021-01-09', 'A17'),
	('T_210111032411oHD', '564', '210111032411', '2021-01-11', '16:19:00', 5, 3, '2021-01-28', 'AA2'),
	('T_210111032411Ojr', '510', '210111032411', '2021-01-11', '16:19:00', 5, 3, '1970-01-01', 'B37'),
	('T_210111032411oWk', '507', '210111032411', '2021-01-11', '16:19:00', 5, 3, '1970-01-01', 'B36'),
	('T_210111032411p5C', '607', '210111032411', '2021-01-11', '16:19:00', 2, 3, '2021-05-10', 'A9'),
	('T_210111032411pbD', '528', '210111032411', '2021-01-11', '16:19:00', 5, 3, '1970-01-01', 'B34'),
	('T_210111032411pdw', '304', '210111032411', '2021-01-11', '16:19:00', 5, 3, '1970-01-01', 'B16'),
	('T_210111032411q3L', '323', '210111032411', '2021-01-11', '16:19:00', 5, 3, '1970-01-01', 'B17'),
	('T_210111032411q4W', '566', '210111032411', '2021-01-11', '16:19:00', 5, 3, '2021-01-30', 'AA4'),
	('T_210111032411qbj', '583', '210111032411', '2021-01-11', '16:19:00', 5, 3, '2020-12-05', '55'),
	('T_210111032411qDX', '450', '210111032411', '2021-01-11', '16:19:00', 5, 3, '1970-01-01', 'B31'),
	('T_210111032411R4W', '565', '210111032411', '2021-01-11', '16:19:00', 5, 3, '2021-01-29', 'AA3'),
	('T_210111032411r8G', '615', '210111032411', '2021-01-11', '16:19:00', 5, 3, '1970-01-01', 'B2'),
	('T_210111032411rhM', '324', '210111032411', '2021-01-11', '16:19:00', 5, 3, '1970-01-01', 'B18'),
	('T_210111032411sgc', '387', '210111032411', '2021-01-11', '16:19:00', 2, 3, '2021-02-04', 'A14'),
	('T_210111032411sXL', '312', '210111032411', '2021-01-11', '16:19:00', 5, 3, '1970-01-01', 'B14'),
	('T_210111032411tDH', '599', '210111032411', '2021-01-11', '16:19:00', 2, 3, '2021-04-15', 'A3'),
	('T_210111032411tg7', '550', '210111032411', '2021-01-11', '16:19:00', 5, 3, '1970-01-01', 'B40'),
	('T_210111032411tTp', '543', '210111032411', '2021-01-11', '16:19:00', 2, 3, '2021-10-28', 'A20'),
	('T_210111032411U4y', '609', '210111032411', '2021-01-11', '16:19:00', 2, 3, '2021-01-06', 'A11'),
	('T_210111032411uLk', '382', '210111032411', '2021-01-11', '16:19:00', 5, 3, '1970-01-01', 'B24'),
	('T_210111032411USc', '546', '210111032411', '2021-01-11', '16:19:00', 5, 3, '1970-01-01', 'B39'),
	('T_210111032411uwT', '383', '210111032411', '2021-01-11', '16:19:00', 5, 3, '1970-01-01', 'B25'),
	('T_210111032411Uzq', '250', '210111032411', '2021-01-11', '16:19:00', 5, 3, '1970-01-01', 'B15'),
	('T_210111032411vag', '568', '210111032411', '2021-01-11', '16:19:00', 5, 3, '2021-01-25', 'AA6'),
	('T_210111032411VGm', '447', '210111032411', '2021-01-11', '16:19:00', 2, 3, '2021-09-23', 'A18'),
	('T_210111032411vLj', '313', '210111032411', '2021-01-11', '16:19:00', 5, 3, '1970-01-01', 'B13'),
	('T_210111032411WQ5', '485', '210111032411', '2021-01-11', '16:19:00', 5, 3, '1970-01-01', 'B33'),
	('T_210111032411x0Z', '569', '210111032411', '2021-01-11', '16:19:00', 5, 3, '2021-01-27', 'AA7'),
	('T_210111032411xeY', '511', '210111032411', '2021-01-11', '16:19:00', 5, 3, '1970-01-01', 'B38'),
	('T_210111032411YgP', '251', '210111032411', '2021-01-11', '16:19:00', 5, 3, '1970-01-01', 'B21'),
	('T_210111032411yis', '605', '210111032411', '2021-01-11', '16:19:00', 2, 3, '2021-03-11', 'A7'),
	('T_210111032411yVH', '411', '210111032411', '2021-01-11', '16:19:00', 5, 3, '1970-01-01', 'B28'),
	('T_210111032411Zb7', '288', '210111032411', '2021-01-11', '16:19:00', 5, 3, '1970-01-01', 'B9'),
	('T_210111032411ZpM', '249', '210111032411', '2021-01-11', '16:19:00', 5, 3, '2020-12-24', ''),
	('T_210111032411zY9', '446', '210111032411', '2021-01-11', '16:19:00', 2, 3, '2021-02-06', 'A16'),
	('T_210111032411zZE', '597', '210111032411', '2021-01-11', '16:19:00', 5, 3, '2021-01-18', 'AA9'),
	('T_2101120750468xl', '273', '210112075046', '2021-01-12', '20:50:00', 5, 3, '2021-05-19', 'C5'),
	('T_210112075046d9Z', '136', '210112075046', '2021-01-12', '20:50:00', 5, 3, '2021-03-18', 'C7'),
	('T_210112075046kNv', '277', '210112075046', '2021-01-12', '20:50:00', 5, 3, '2021-01-26', 'C9'),
	('T_210112075046kVQ', '579', '210112075046', '2021-01-12', '20:50:00', 5, 3, '2021-09-02', 'C1'),
	('T_210112075046lHP', '120', '210112075046', '2021-01-12', '20:50:00', 5, 3, '2021-03-18', 'C3'),
	('T_210112075046lLG', '148', '210112075046', '2021-01-12', '20:50:00', 5, 3, '2021-03-18', 'C4'),
	('T_210112075046Msp', '137', '210112075046', '2021-01-12', '20:50:00', 5, 3, '2021-01-08', 'C8'),
	('T_210112075046nmD', '262', '210112075046', '2021-01-12', '20:50:00', 5, 3, '2021-03-25', 'C6'),
	('T_210112075046PyG', '131', '210112075046', '2021-01-12', '20:50:00', 5, 3, '2021-08-20', 'C10'),
	('T_210112075046SBG', '578', '210112075046', '2021-01-12', '20:50:00', 5, 3, '2021-08-12', 'C2');
/*!40000 ALTER TABLE `d_stok` ENABLE KEYS */;

-- membuang struktur untuk table isbt_data.m_armada
CREATE TABLE IF NOT EXISTS `m_armada` (
  `arm_id` int(11) NOT NULL,
  `arm_nopol` varchar(15) NOT NULL,
  `arm_jenis` varchar(50) NOT NULL,
  `arm_jtstnk` date DEFAULT NULL,
  `arm_jtkir` date DEFAULT NULL,
  `arm_jther` date DEFAULT NULL,
  PRIMARY KEY (`arm_id`)
) ENGINE=InnoDB DEFAULT CHARSET=latin1;

-- Membuang data untuk tabel isbt_data.m_armada: ~1 rows (lebih kurang)
/*!40000 ALTER TABLE `m_armada` DISABLE KEYS */;
REPLACE INTO `m_armada` (`arm_id`, `arm_nopol`, `arm_jenis`, `arm_jtstnk`, `arm_jtkir`, `arm_jther`) VALUES
	(1, 'N 999 EP', 'COLT', '2019-05-01', '2019-05-02', '2019-05-03');
/*!40000 ALTER TABLE `m_armada` ENABLE KEYS */;

-- membuang struktur untuk table isbt_data.m_customer
CREATE TABLE IF NOT EXISTS `m_customer` (
  `cus_id` int(11) NOT NULL,
  `cus_nama` varchar(50) NOT NULL,
  `cus_pemilik` varchar(50) DEFAULT NULL,
  `cus_telp` varchar(15) NOT NULL,
  `cus_email` varchar(50) NOT NULL,
  `cus_rekening` varchar(30) NOT NULL,
  `cus_bank` varchar(10) NOT NULL,
  `cus_alamat` varchar(300) NOT NULL,
  `cus_dae_id` int(11) NOT NULL,
  `cus_harga` varchar(15) NOT NULL,
  `cus_iskios` int(11) NOT NULL DEFAULT '0',
  PRIMARY KEY (`cus_id`)
) ENGINE=InnoDB DEFAULT CHARSET=latin1;

-- Membuang data untuk tabel isbt_data.m_customer: ~40 rows (lebih kurang)
/*!40000 ALTER TABLE `m_customer` DISABLE KEYS */;
REPLACE INTO `m_customer` (`cus_id`, `cus_nama`, `cus_pemilik`, `cus_telp`, `cus_email`, `cus_rekening`, `cus_bank`, `cus_alamat`, `cus_dae_id`, `cus_harga`, `cus_iskios`) VALUES
	(1, 'PAK SYAHIR', NULL, '', '', '', '', 'JLN. BENGALON', 3, 'hargagrosir', 0),
	(2, 'TK. ADIT TANI', NULL, '082354333535', '', '', '', 'JLN. BENGALON', 9, 'hargagrosir', 0),
	(3, 'BPK. ADI', '', '08539336008', '', '', '', 'JLN. POROS SAMARINDA BONTANG', 3, 'hargagrosir', 1),
	(4, 'TK. ANGGI (FUSO)', '', '', '', '', '', 'JLN. SANGKULIRANG', 9, 'hargagrosir', 1),
	(5, 'TK. GUNUNG KOMBENG', '', '', '', '', '', 'JLN. YOS SUDARSO, SAMARINDA', 1, 'hargagrosir', 1),
	(6, 'BPK. AMAT HUSAIN', '', '082350660900', '', '', '', 'JLN. JAKARTA', 1, 'hargagrosir', 1),
	(7, 'BPK. ALI SUMARDI', 'ALI SUMARDI', '085247778254', '', '', 'BRI/MANDIR', 'JLN. BULUNGAN', 10, 'hargagrosir', 1),
	(8, 'MUHAMAD NASIR', '', '082157350768', '', '', '', 'JLN. BUKUNGAN', 9, 'hargagrosir', 1),
	(9, 'TK. ANGGI WAHAU ', '', '081258115292', '', '', '', 'JLN. WAHAU', 6, 'hargagrosir', 1),
	(10, 'TK. AGRO JAYA', '', '', '', '', '', 'JLN. SEGIRI', 1, 'hargagrosir', 1),
	(11, 'TOKO. ADI WIJAYA ', 'PAK SOFYAN ', '081350833666', '', '', '', 'JLN. MELAK', 4, 'hargagrosir', 1),
	(12, 'UD. ASROFIN JAYA', 'AWANG', '', '', '', '', 'JLN. JOYOMULYO RT. 36 KEL. LEMPAKE', 1, 'hargagrosir', 1),
	(13, 'BPK. BAYU ', NULL, '', '', '', '', 'JLN. SEMPAJA', 1, 'hargagrosir', 0),
	(14, 'BPK. H. BEDU', NULL, '085251606420', '', '', '', 'JLN. PASAR TELIHAN ', 5, 'hargagrosir', 0),
	(15, 'TOKO. BERNI', '', '', '', '', '', 'JLN. GUNUNG KAPUR KEL. LEMPKE', 1, 'hargagrosir', 1),
	(16, 'TOKO. BENI', '', '08214851418', '', '', '', 'JLN. SUNGAI LANTUNG', 1, 'hargagrosir', 1),
	(17, 'TOKO. BINTANG PERMATA TANI', '', '', '', '', '', 'JLN. SEGIRI', 1, 'hargagrosir', 1),
	(18, 'BPK. RIZAL', '', '08125815372', '', '', '', 'JLN. STASIUN 3 KEL. TELUK BAYUR KAB. BERAU ', 10, 'hargagrosir', 1),
	(19, 'BPK. DWI', NULL, '', '', '', '', 'JLN. TENGGARONG', 2, 'hargagrosir', 0),
	(20, 'BPK. ELLY', NULL, '', '', '', '', 'JLN. SENTOSA', 1, 'hargagrosir', 0),
	(21, 'BPK. SUNYOTO', NULL, '', '', '', '', 'JLN. TANAH DATAR', 3, 'hargagrosir', 0),
	(22, 'TK. DUA PUTRI', '', '082199609072', '', '', '', 'JLN. WAHAU', 9, 'hargagrosir', 1),
	(23, 'IBU. ETI', NULL, '082155426905', '', '', '', 'JLN. TANAH MERAH', 1, 'hargagrosir', 0),
	(24, 'TOKO. CAHAYA TANI', '', '081254779774', '', '', '', 'JLN. TENGGARONG L2', 3, 'hargagrosir', 1),
	(25, 'CILONG', '', '082274726283', '', '', '', 'KEMBANG JANGGUT', 1, 'hargagrosir', 1),
	(26, 'TOKO DIRGA TANI', '', '085246700760', '', '', '', 'JL. MUARA KAMAN SP3', 11, 'hargagrosir', 1),
	(27, 'PAK DAHLAN', '', '', '', '', '', 'SAMBERA', 1, 'hargagrosir', 1),
	(28, 'TOKO DUNIA TANI', '', '081253091500', '', '', '', 'PPU BABULU', 8, 'hargagrosir', 1),
	(29, 'PAK GIANT', NULL, '', '', '', '', 'JL. MUARA KAMAN', 11, 'hargagrosir', 0),
	(30, 'TOKO GALIH', 'IBU SITI', '', '', '', '', 'TANAH MERAH', 1, 'hargagrosir', 1),
	(31, 'TN. AGUNG', '', '081347434546', '', '', '', 'KEMBANG JANGGUT', 1, 'hargagrosir', 1),
	(32, 'TOKO SUBUR TANI', 'HERU', '085250946522', '', '', '', 'JL. POROS SEBULU SP1', 1, 'hargagrosir', 1),
	(33, 'TOKO HARKAT TANI', '', '', '', '', '', 'PPU PENAJAM', 8, 'hargagrosir', 1),
	(34, 'IBU HASNAH', 'HASNAH', '081350230537', '', '', '', 'JL. KARTINI RT.11 DESA GAS ALAM (BADAK 8)', 1, 'hargagrosir', 1),
	(35, 'PAK IKHRAM', '', '085246737944', '', '', '', 'MUARA BADAK', 1, 'hargagrosir', 1),
	(36, 'INDO TANI FARM ', '', '', '', '', '', 'SEGIRI', 1, 'hargagrosir', 1),
	(37, 'TN. JON BONE', 'PAK JON', '081254164648', '', '', '', 'JL. MUARANGKAYU', 12, 'hargagrosir', 1),
	(38, 'PAK KARNOTO', NULL, '081346633994', '', '', '', 'SAMARINDA', 1, 'hargagrosir', 0),
	(39, 'TOKO KARYA PERDANA MANDIRI', '', '0811587261', '', '', '', 'TENGGARONG', 11, 'hargagrosir', 1),
	(40, 'LUTFHI', '', '081257129456', '', '', '', 'KEMBANG JANGGUT', 1, 'hargagrosir', 1);
/*!40000 ALTER TABLE `m_customer` ENABLE KEYS */;

-- membuang struktur untuk table isbt_data.m_daerah
CREATE TABLE IF NOT EXISTS `m_daerah` (
  `dae_id` int(11) NOT NULL,
  `dae_nama` varchar(50) NOT NULL,
  PRIMARY KEY (`dae_id`)
) ENGINE=InnoDB DEFAULT CHARSET=latin1;

-- Membuang data untuk tabel isbt_data.m_daerah: ~11 rows (lebih kurang)
/*!40000 ALTER TABLE `m_daerah` DISABLE KEYS */;
REPLACE INTO `m_daerah` (`dae_id`, `dae_nama`) VALUES
	(1, 'SAMARINDA'),
	(2, 'SANGGATA'),
	(4, 'MELAK'),
	(5, 'BONTANG'),
	(6, 'MUARA WAHAU'),
	(7, 'PENAJAM'),
	(8, 'BALIKPAPAN'),
	(9, 'KUTAI TIMUR'),
	(10, 'BERAU'),
	(11, 'TENGGARONG'),
	(12, 'BADAK');
/*!40000 ALTER TABLE `m_daerah` ENABLE KEYS */;

-- membuang struktur untuk table isbt_data.m_gudang
CREATE TABLE IF NOT EXISTS `m_gudang` (
  `gdg_id` int(11) NOT NULL,
  `gdg_nama` varchar(50) NOT NULL,
  `gdg_alamat` varchar(300) DEFAULT NULL,
  `gdg_isjual` int(11) NOT NULL DEFAULT '0',
  `gdg_produk_kategori` text COMMENT 'json kategori',
  PRIMARY KEY (`gdg_id`)
) ENGINE=InnoDB DEFAULT CHARSET=latin1;

-- Membuang data untuk tabel isbt_data.m_gudang: ~3 rows (lebih kurang)
/*!40000 ALTER TABLE `m_gudang` DISABLE KEYS */;
REPLACE INTO `m_gudang` (`gdg_id`, `gdg_nama`, `gdg_alamat`, `gdg_isjual`, `gdg_produk_kategori`) VALUES
	(1, 'GUDANG 1 (PERTANIAN DAN OBAT-OBATAN)', 'JL.SEI.SIRING BLOK B No.70, SAMARINDA - BONTANG', 0, '["1","2","3","5","6","7","8","9","10","11","12","14","15","16","17","19","20","21","22","23"]'),
	(2, 'GUDANG 2', '', 0, '["6"]'),
	(3, 'TOKO', 'JL. SEI SIRING BY PASS BANDARA APT.PRANOTO (SAMARINDA)\r\n', 1, '["1","2","3","5","6","7","8","9","10","11","12","14","15","16","17","19","20","21","22","23"]');
/*!40000 ALTER TABLE `m_gudang` ENABLE KEYS */;

-- membuang struktur untuk table isbt_data.m_penanggung_jawab
CREATE TABLE IF NOT EXISTS `m_penanggung_jawab` (
  `pj_id` int(11) NOT NULL,
  `pj_nama` varchar(50) NOT NULL,
  PRIMARY KEY (`pj_id`)
) ENGINE=InnoDB DEFAULT CHARSET=latin1;

-- Membuang data untuk tabel isbt_data.m_penanggung_jawab: ~2 rows (lebih kurang)
/*!40000 ALTER TABLE `m_penanggung_jawab` DISABLE KEYS */;
REPLACE INTO `m_penanggung_jawab` (`pj_id`, `pj_nama`) VALUES
	(1, 'penanggung jawab 1'),
	(2, 'penanggung jawab 2');
/*!40000 ALTER TABLE `m_penanggung_jawab` ENABLE KEYS */;

-- membuang struktur untuk table isbt_data.m_produk
CREATE TABLE IF NOT EXISTS `m_produk` (
  `prd_id` int(11) NOT NULL,
  `prd_kode` varchar(30) DEFAULT NULL,
  `prd_nama` varchar(100) NOT NULL,
  `prd_satuan` varchar(15) DEFAULT NULL,
  `prd_hargabeli` double NOT NULL DEFAULT '0',
  `prd_hargaecer` double NOT NULL DEFAULT '0',
  `prd_hargagrosir` double NOT NULL DEFAULT '0',
  `prd_hargamember` double NOT NULL DEFAULT '0',
  `prd_hargakhusus` double NOT NULL DEFAULT '0',
  `prd_isppn` int(11) NOT NULL DEFAULT '0',
  `prd_ktg_id` int(11) NOT NULL,
  `prd_sup_id` int(11) NOT NULL,
  PRIMARY KEY (`prd_id`)
) ENGINE=InnoDB DEFAULT CHARSET=latin1;

-- Membuang data untuk tabel isbt_data.m_produk: ~605 rows (lebih kurang)
/*!40000 ALTER TABLE `m_produk` DISABLE KEYS */;
REPLACE INTO `m_produk` (`prd_id`, `prd_kode`, `prd_nama`, `prd_satuan`, `prd_hargabeli`, `prd_hargaecer`, `prd_hargagrosir`, `prd_hargamember`, `prd_hargakhusus`, `prd_isppn`, `prd_ktg_id`, `prd_sup_id`) VALUES
	(5, 'GAS-007', 'OBAT RUMPUT GASPEL', 'BTL', 0, 0, 0, 0, 0, 0, 4, 2),
	(6, 'AGM50', 'AGRIMEC 50ML X 100', 'BTL', 82940, 90000, 87000, 87000, 87000, 1, 3, 26),
	(7, 'AGM100', 'AGRIMEC 100ML X 50', 'BTL', 157850, 165000, 163000, 163000, 162000, 1, 3, 26),
	(8, 'AMS50', 'AMISTARTOP 50ML X 100', 'BTL', 49500, 55000, 53000, 53000, 52000, 1, 2, 26),
	(9, 'AMS100', 'AMISTARTOP 100ML X 50', 'BTL', 95700, 100000, 100000, 100000, 98000, 1, 2, 26),
	(10, 'AMS250', 'AMISTARTOP 250ML X 20', 'BTL', 231000, 135000, 235000, 235000, 234000, 1, 2, 26),
	(12, 'ANV250', 'ANVIL 250ML X 40', 'BTL', 59338, 65000, 63000, 63000, 63000, 1, 2, 26),
	(13, 'ALK100', 'ALIKA 100ML X 50', 'BTL', 55990, 60000, 58000, 58000, 58000, 1, 3, 26),
	(14, 'ALK250', 'ALIKA 250ML X 20', 'BTL', 127339, 135000, 132000, 132000, 132000, 1, 3, 26),
	(15, 'ARM80', 'ARMURE 80ML X 50', 'BTL', 38896, 45000, 42000, 42000, 42000, 1, 2, 26),
	(16, 'ARM250', 'ARMURE 250ML X 40', 'BTL', 112200, 120000, 118000, 118000, 118000, 1, 2, 26),
	(17, 'BM500', 'BION M 500GR X 20', 'BKS', 178200, 190000, 185000, 185000, 185000, 1, 2, 26),
	(18, 'CRN100', 'CURACRON 100ML X 50', 'BTL', 29150, 35000, 31000, 31000, 31000, 1, 3, 26),
	(19, 'CRN250', 'CURACRON 250ML X 40', 'BTL', 68200, 75000, 72000, 72000, 72000, 1, 3, 26),
	(20, 'CRN500', 'CURACRON 500ML X 20', 'BTL', 134200, 145000, 140000, 1400000, 138000, 1, 3, 26),
	(21, 'CLR500', 'CALARIS 500ML X 20', 'KTK', 148500, 155000, 155000, 155000, 155000, 1, 1, 26),
	(22, 'CLR1L', 'CALARIS 1LTR X 10', 'KTK', 285010, 305000, 305000, 305000, 305000, 1, 1, 26),
	(23, 'CRS', 'CRUISER 12,5ML X 20', 'BTL', 25850, 30000, 28000, 28000, 28000, 1, 3, 26),
	(24, 'FL50', 'FILIA 50ML X 100', 'BTL', 25064, 30000, 28000, 28000, 28000, 1, 2, 26),
	(25, 'FL250', 'FILIA 250ML X 20', 'BTL', 113520, 120000, 118000, 118000, 117000, 1, 2, 26),
	(26, 'GRM250', 'GRAMOXONE 250ML X 40', 'BTL', 19937, 25000, 22000, 22000, 22000, 1, 1, 26),
	(27, 'GRM500', 'GRAMOXONE 500ML X 20', 'BTL', 33990, 38000, 35000, 35000, 35000, 1, 1, 26),
	(28, 'GRM1L', 'GRAMOXONE 1LTR X 20', 'BTL', 61.875, 68, 64, 64, 64, 1, 1, 26),
	(29, 'GRM5L', 'GRAMOXONE 5LTR X 4', 'BTL', 284625, 295000, 290000, 290000, 290000, 1, 1, 26),
	(30, 'GRM20', 'GRAMOXONE 20LTR', 'GALON', 1006500, 1060000, 1030000, 1030000, 1030000, 1, 1, 26),
	(31, 'MTD50', 'MATADOR 50ML X 100', 'BTL', 14410, 18000, 18000, 18000, 18000, 1, 3, 26),
	(32, 'MTD100', 'MATADOR 80ML X 100', 'BTL', 20570, 25000, 25000, 25000, 25000, 1, 3, 26),
	(33, 'MTD250', 'MATADOR 250ML X 40', 'BTL', 57750, 65000, 62000, 62000, 62000, 1, 3, 26),
	(34, 'KLR1', 'KLERAT 1KG X 10', 'KLG', 51150, 60000, 55000, 55000, 55000, 1, 21, 26),
	(35, 'KLR5', 'KLERAT 5KG X 4', 'PAK', 206250, 240000, 220000, 220000, 220000, 1, 21, 26),
	(36, 'PGS80', 'PEGASUS 80ML X 50', 'BTL', 67500, 75000, 75000, 75000, 75000, 1, 3, 26),
	(37, 'PCLM', 'PROCLAIM 25GR X 20', 'BKS', 127380, 140000, 135000, 135000, 135000, 1, 3, 26),
	(38, 'LGR', 'LOGRAN X 50', 'BKS', 5775, 10000, 8000, 8000, 8000, 1, 3, 26),
	(39, 'RDM100', 'RIDOMILD 100GR X 100', 'BKS', 32010, 37000, 35000, 35000, 35000, 1, 2, 26),
	(40, 'RDM250', 'RIDOMILD 250GR X 40', 'BKS', 76780, 85000, 82000, 82000, 82000, 1, 2, 26),
	(41, 'RDM500', 'RIDOMILD 500GR X 20', 'BKS', 150150, 165000, 160000, 160000, 160000, 1, 2, 26),
	(42, 'VRTC50', 'VIRTACO 50ML X 100', 'BTL', 104170, 110000, 110000, 110000, 110000, 1, 3, 26),
	(43, 'VRTC100', 'VIRTACO 100ML X 50', 'BTL', 204985, 210000, 210000, 210000, 210000, 1, 3, 26),
	(44, 'PLNM', 'PLENUM 100GR ', 'BKS', 166000, 175000, 170000, 170000, 170000, 1, 3, 26),
	(45, 'SCR80', 'SCORE 80ML X 50', 'BTL', 53460, 60000, 57000, 57000, 57000, 1, 2, 26),
	(46, 'SCR250', 'SCORE 250ML X 40', 'BTL', 160050, 165000, 165000, 165000, 164000, 1, 2, 26),
	(47, 'GBR', 'GIBRO SACHET X 40', 'BKS', 3305, 6000, 4500, 4500, 4500, 1, 12, 26),
	(48, 'GBRT', 'GIBRO TABLET X 10', 'TBLT', 22000, 30000, 25000, 25000, 25000, 1, 12, 26),
	(49, 'BSM250', 'BASMILANG 250ML X 20', 'BTL', 19000, 23000, 22000, 22000, 22000, 1, 1, 20),
	(50, 'BSM500', 'BASMILANG 500ML X 20', 'BTL', 28000, 35000, 33000, 33000, 33000, 1, 1, 20),
	(51, 'BSM1L', 'BASMILANG 1LTR X 20', 'BTL', 52000, 56000, 56000, 57000, 56000, 1, 1, 20),
	(52, 'BSM5L', 'BASMILANG 5LTR X 4', 'JRGN', 260000, 280000, 270000, 270000, 270000, 1, 1, 20),
	(53, 'BSM20L', 'BASMILANG 20LTR', 'GALON', 1005000, 1120000, 1100000, 1100000, 1100000, 1, 1, 20),
	(54, 'GMP1', 'GEMPUR 1LTR x 20', 'BTL', 46500, 55000, 50000, 50000, 50000, 1, 1, 20),
	(55, 'GMP5', 'GEMPUR 5LTR X 4', 'JRGN', 225000, 250000, 245000, 245000, 245000, 1, 1, 20),
	(56, 'GMP20', 'GEMPUR 20LTR ', 'GALON', 860000, 950000, 950000, 950000, 950000, 1, 1, 20),
	(57, 'BTP1', 'BITOP 1LTR X 20', 'BTL', 54000, 60000, 57000, 57000, 57000, 1, 1, 20),
	(58, 'BTP5', 'BITOP 5LTR X 4', 'JRGN', 260000, 285000, 280000, 280000, 280000, 1, 1, 20),
	(59, 'BTP20', 'BITOP 20LTR', 'GALON', 1010000, 1150000, 1100000, 1100000, 1100000, 1, 1, 20),
	(60, 'LDS1', 'LINDAS 1LTR X 20', 'BTL', 34500, 40000, 38000, 38000, 38000, 1, 1, 20),
	(61, 'LDS5', 'LINDAS 5LTR X 4', 'JRGN', 165000, 195000, 185000, 185000, 185000, 1, 1, 20),
	(62, 'GRMQ1', 'GRAMAQUAT 1LTR X 20', 'BTL', 550000, 60000, 58000, 580000, 58000, 1, 1, 20),
	(63, 'GRMQ5', 'GRAMAQUAT 5LTR X 4', 'JRGN', 282000, 290000, 285000, 285000, 285000, 1, 1, 20),
	(64, 'SQ1', 'SQUAD 1LTR X 20', 'BTL', 44000, 50000, 47000, 47000, 47000, 1, 1, 20),
	(65, 'SQ5', 'SQUAD 5LTR X 4', 'JRGN', 210000, 220000, 215000, 215000, 215000, 1, 1, 20),
	(66, 'SQ20', 'SQUAD 20LTR ', 'GALON', 805000, 920000, 880000, 880000, 880000, 1, 1, 3),
	(67, 'STM4', 'STARMIN 400ML X 20', 'BTL', 28800, 35000, 32500, 32500, 32500, 1, 1, 20),
	(68, 'STM1', 'STARMIN 1LTR X 12', 'BTL', 66275, 750000, 70000, 70000, 70000, 1, 1, 20),
	(69, 'KYS5', 'KAYABASSS 500ML X 20', 'KTK', 125500, 135000, 130000, 130000, 130000, 1, 1, 20),
	(70, 'KBS1', 'KAYABAS 1LTR X 12', 'KTK', 227500, 245000, 235000, 235000, 230000, 1, 1, 20),
	(71, 'MRN', 'MAROON 500GR X 20', 'KTK', 83050, 88000, 85000, 85000, 85000, 1, 1, 20),
	(72, 'KMR', 'KIMIRU 200GR X 100', 'BKS', 16500, 30000, 28000, 28000, 25000, 1, 1, 20),
	(73, 'NMN100', 'NOMINE 100ML X 50', 'BTL', 70000, 90000, 80000, 80000, 80000, 1, 1, 20),
	(74, 'NMN250', 'NOMINE 250ML X 40', 'BTL', 172150, 190000, 185000, 185000, 185000, 1, 1, 20),
	(75, 'KN100', 'KANON 100ML X 50', 'BTL', 12000, 15000, 13500, 13500, 13500, 1, 3, 20),
	(76, 'KN400', 'KANON 400ML X 20', 'BTL', 38000, 45000, 42500, 42500, 42500, 1, 3, 20),
	(77, 'TTR100', 'TETRIN 100ML X 50', 'BTL', 9000, 15000, 12000, 12000, 12000, 1, 3, 20),
	(78, 'TTR400', 'TETRIN 400ML X 20', 'BTL', 33000, 40000, 36000, 36000, 36000, 1, 3, 20),
	(79, 'PRS', 'PROKSI 250ML X 20', 'BTL', 38500, 55000, 50000, 50000, 50000, 1, 3, 20),
	(80, 'APLD', 'APPLAUD 100GR X 100', 'BKS', 0, 0, 0, 0, 0, 0, 3, 0),
	(81, 'CB', 'CEBA 250ML X 20', 'BTL', 84000, 105000, 100000, 100000, 100000, 1, 3, 20),
	(82, 'ZL100', 'ZOLE 100ML X 50', 'BTL', 39000, 55000, 52000, 52000, 50000, 1, 2, 20),
	(83, 'ZL250', 'ZOLE 250ML X 20', 'BTL', 80000, 100000, 95000, 95000, 95000, 1, 2, 20),
	(84, 'TPC', 'TOPSIN 500ML X 20', 'BTL', 66500, 75000, 70000, 70000, 70000, 1, 2, 20),
	(85, 'TPB100', 'TOPSIN 100GR X 100', 'BKS', 15180, 20000, 18000, 18000, 18000, 1, 2, 20),
	(86, 'TPB500', 'TOPSIN 500GR X 20', 'BKS', 76000, 85000, 82000, 82000, 82000, 1, 2, 20),
	(87, 'MP100', 'MIPCIN 100GR X 100', 'BKS', 8000, 13000, 9000, 9000, 9000, 1, 3, 20),
	(88, 'MP500', 'MIPCIN 500GR X 20', 'BKS', 38500, 45000, 42500, 42500, 42500, 1, 3, 20),
	(89, 'RDL100', 'RUDAL 100ML X 50', 'BTL', 12000, 15000, 14000, 14000, 14000, 1, 3, 20),
	(90, 'RDL500', 'RUDAL 500ML X 20', 'BTL', 47200, 55000, 52000, 52000, 52000, 1, 3, 20),
	(91, 'BSZ', 'BASSAZINON 500MLX 20', 'BTL', 98750, 105000, 103000, 103000, 103000, 1, 3, 20),
	(92, 'PTRG', 'PETROGENOL 5ML X 20', 'BTL', 6000, 10000, 7500, 7500, 7500, 1, 3, 20),
	(93, 'KYB', 'KAYABIO 5KG X 4', 'BKS', 67500, 90000, 85000, 85000, 85000, 1, 5, 20),
	(94, 'MTF4', 'MONTAF 400ML X 20', 'BTL', 26000, 35000, 31000, 31000, 31000, 1, 3, 20),
	(95, 'MTF1', 'MONTAF 1LTR X 20', 'BTL', 62700, 70000, 68000, 68000, 68000, 1, 3, 20),
	(96, 'PTRV5', 'PETROVITA 500ML X 20', 'BTL', 11000, 20000, 15000, 15000, 15000, 1, 16, 20),
	(97, 'PTRV1', 'PETROVITA 1LTR X 12', 'BTL', 20625, 35000, 30000, 30000, 30000, 1, 16, 20),
	(98, 'WKZ', 'WOKOZIM 100ML X 50', 'BTL', 23900, 35000, 30000, 30000, 30000, 1, 12, 20),
	(99, 'PTRB', 'PETROKUM BLOK X 20', 'KTK', 35000, 45000, 40000, 40000, 40000, 1, 21, 20),
	(100, 'PTRP', 'PETROKUM PRILL X 20', 'KTK', 29500, 35000, 34000, 34000, 34000, 1, 21, 20),
	(101, 'BTR', 'BETTER 500ML X 20', 'BTL', 21313, 35000, 32000, 32000, 32000, 1, 12, 20),
	(102, 'ZBN', 'ZIBAN 400ML X 20', 'BTL', 70000, 85000, 80000, 80000, 80000, 1, 3, 20),
	(103, 'RB1', 'RAMBO 1LTR X 20', 'BTL', 54000, 58000, 58000, 58000, 58000, 1, 1, 15),
	(104, 'RB5', 'RAMBO 5LTR X 4', 'JRGN', 260000, 285000, 280000, 280000, 280000, 1, 1, 15),
	(105, 'RB20', 'RAMBO 20LTR', 'GALON', 0, 0, 0, 0, 0, 0, 1, 15),
	(106, 'RS1', 'RUSO 1LTR X 20', 'BTL', 47000, 55000, 53000, 53000, 53000, 1, 1, 15),
	(107, 'RS5', 'RUSO 5LTR X 4', 'JRGN', 230000, 255000, 250000, 250000, 250000, 1, 1, 15),
	(108, 'RS20', 'RUSO 20LTR', 'GALON', 0, 0, 0, 0, 0, 0, 1, 15),
	(109, 'RG1', 'ROGGER 1LTR X 20', 'BTL', 45000, 52000, 52000, 52000, 52000, 1, 1, 15),
	(110, 'RG5', 'ROGGER 5LTR X 4', 'JRGN', 205000, 245000, 220000, 220000, 220000, 1, 1, 15),
	(111, 'RBP1', 'RAMBO PEAK 1LTR X 20', 'BTL', 57000, 65000, 60000, 60000, 60000, 1, 1, 15),
	(112, 'RBP5', 'RAMBO PEAK 5LTR X 4', 'JRGN', 280000, 320000, 310000, 310000, 310000, 1, 1, 15),
	(113, 'RB20', 'RAMBO PEAK 20LTR ', 'GALON', 0, 0, 0, 0, 0, 0, 1, 15),
	(114, 'OP', 'OPTIMUS 1LTR X 20', 'BTL', 115500, 135000, 125000, 125000, 125000, 1, 1, 15),
	(115, 'NX1', 'NOXONE 1LTR X 20', 'BTL', 56999, 65000, 60000, 60000, 60000, 1, 1, 15),
	(116, 'NX5', 'NOXONE 5LTR X 4', 'JRGN', 275000, 290000, 285000, 285000, 285000, 1, 1, 15),
	(117, 'SRV1', 'SERVOXONE 1LTR X 20', 'BTL', 50000, 55000, 53500, 53500, 53500, 1, 1, 15),
	(118, 'SRV5', 'SERVOXONE 5LTR X 4', 'JRGN', 220000, 245000, 235000, 235000, 235000, 1, 1, 15),
	(119, 'SRV20', 'SERVOXONE 20LTR', 'GALON', 950000, 1050000, 1000000, 1000000, 1000000, 1, 1, 15),
	(120, 'AMND', 'AMANDY 400ML X 40', 'BTL', 33000, 38000, 35000, 35000, 35000, 1, 1, 15),
	(121, 'FTM5', 'FITOMIC 500ML X 40', 'BTL', 62000, 68000, 65000, 65000, 65000, 1, 16, 15),
	(122, 'FTM1', 'FITOMIC 1LTR X 20', 'BTL', 110000, 125000, 118000, 118000, 118000, 1, 16, 15),
	(123, 'TRS5', 'TRISULA 500ML X 20', 'BTL', 52000, 58000, 56000, 56000, 56000, 1, 3, 15),
	(124, 'TRS1', 'TRISULA 1LTR X 20', 'BTL', 87500, 98000, 95000, 95000, 95000, 1, 3, 15),
	(125, 'CPR', 'CYPERMAX 500ML X 20', 'BTL', 52500, 58000, 57000, 57000, 57000, 1, 3, 15),
	(126, 'WDR1', 'WINDER 100ML X 100', 'BTL', 30000, 38000, 33500, 33500, 33500, 1, 3, 15),
	(127, 'WDR2', 'WINDER 250ML X 50', 'BTL', 71000, 78000, 76000, 76000, 76000, 1, 3, 15),
	(128, 'CRM', 'CRUMBLE 100ML X 50', 'BTL', 77237, 85000, 80000, 80000, 80000, 1, 3, 15),
	(129, 'PRC', 'PROMECTIN 100ML X 50', 'BTL', 78100, 85000, 83000, 83000, 83000, 1, 3, 15),
	(130, 'VCTR', 'VICTORY MIX 400GR X 25', 'BKS', 63000, 70000, 68000, 68000, 68000, 1, 2, 15),
	(131, 'BPK', 'BOOM PADI K X 30', 'KTK', 77000, 88000, 84000, 84000, 84000, 1, 2, 15),
	(132, 'GRK', 'GRAND K KRISTAL 1KG X 20', 'BKS', 21000, 28000, 25000, 25000, 25000, 1, 5, 15),
	(133, 'GRM', 'GRAND K MERAH 2KG X 8', 'BKS', 32500, 38000, 35000, 35000, 35000, 1, 5, 15),
	(134, 'MK', 'MULTI KP 1KG X 20', 'BKS', 28000, 35000, 33000, 33000, 33000, 1, 5, 15),
	(135, 'MP', 'MULTI PADI 1KG X 20', 'BKS', 32500, 38000, 36000, 36000, 36000, 1, 5, 15),
	(136, 'BG1', 'BIGEST 10ML', 'BTL', 14500, 25000, 18000, 18000, 18000, 1, 12, 15),
	(137, 'BG5', 'BIGEST 50ML', 'BTL', 40299, 50000, 50000, 50000, 50000, 1, 12, 15),
	(138, 'PK', 'PAKET KRITING X 20', 'KTK', 70000, 80000, 75000, 75000, 75000, 1, 3, 15),
	(139, 'HM10', 'HARMONY 10GR X 24', 'BKS', 30000, 35000, 33000, 33000, 33000, 0, 14, 15),
	(140, 'HM20', 'HARMONY 20GR X 12', 'BKS', 49500, 65000, 60000, 60000, 60000, 0, 14, 15),
	(141, 'HC10', 'HERCULES 10GR X 12', 'BKS', 27900, 35000, 33500, 33500, 33500, 0, 14, 15),
	(142, 'HC20', 'HERCULES 20GR X 6', 'BKS', 49000, 55000, 54000, 54000, 54000, 0, 14, 15),
	(143, 'LB', 'LEBAT-3 X 40', 'BKS', 46500, 55000, 50000, 50000, 50000, 0, 14, 15),
	(144, 'BSK', 'BHASKARA 10GR X 24', 'BKS', 55000, 65000, 63000, 63000, 63000, 0, 14, 15),
	(145, 'CP', 'CAKRA PUTIH X 12', 'BKS', 24750, 35000, 30000, 30000, 30000, 0, 14, 15),
	(146, 'GE', 'GAMBAS ESENSA X 24', 'BKS', 25850, 30000, 28000, 28000, 28000, 0, 14, 15),
	(147, 'CL', 'CLASSIC 20GR X 6', 'BKS', 137500, 150000, 148000, 148000, 148000, 0, 14, 15),
	(148, 'AR', 'ARIMBI 10GR X 12', 'BKS', 139500, 160000, 158500, 158500, 158500, 0, 14, 15),
	(149, 'AM', 'AMIGO 20GR X 10', 'BKS', 32550, 37000, 35000, 35000, 35000, 0, 14, 24),
	(150, 'AMS', 'AMIGO SP X 20', 'BKS', 8720, 12000, 10000, 10000, 10000, 0, 14, 24),
	(151, 'RDS', 'RADEN SP X 20', 'BKS', 11990, 15000, 13000, 13000, 13000, 0, 14, 24),
	(152, 'RD50', 'RADEN 50BTR X 10', 'BKS', 26250, 30000, 28000, 28000, 28000, 0, 14, 24),
	(153, 'RD100', 'RADEN 100BTR X 5', 'BKS', 52500, 58000, 55000, 55000, 5000, 0, 14, 24),
	(154, 'LPS', 'LIPA SP X 20', 'BKS', 10100, 13000, 12000, 12000, 12000, 0, 14, 24),
	(155, 'LP50', 'LIPA 50BTR X 10', 'BKS', 26250, 30000, 28000, 28000, 28000, 0, 14, 24),
	(156, 'LP100', 'LIPA 100BTR X 5', 'BKS', 52500, 58000, 55000, 55000, 55000, 0, 14, 24),
	(157, 'GR', 'GRAND RAPIDS X 15', 'BKS', 0, 0, 0, 0, 0, 0, 14, 24),
	(158, 'LD', 'LADO SP X 20', 'BKS', 11990, 15000, 14000, 14000, 14000, 0, 14, 24),
	(159, 'LDR', 'LADO X 15', 'BKS', 133350, 145000, 140000, 140000, 140000, 0, 14, 24),
	(160, 'LB', 'LABA F1 X 15', 'BKS', 154350, 165000, 160000, 160000, 160000, 0, 14, 24),
	(161, 'DWS', 'DEWATA SP X 20', 'BKS', 0, 0, 0, 0, 0, 0, 14, 24),
	(162, 'DWT', 'DEWATA F1 X 15', 'BKS', 0, 0, 0, 0, 0, 0, 14, 24),
	(163, 'DW43', 'DEWATA 43 SP X 20', 'BKS', 11990, 15000, 13000, 13000, 13000, 0, 14, 24),
	(164, 'DW43', 'DEWATA 43 X 15', 'BKS', 58275, 65000, 62000, 62000, 62000, 0, 14, 24),
	(165, 'HCS', 'HOT CHILI SP X 20', 'BKS', 11990, 15000, 15000, 15000, 15000, 0, 14, 24),
	(166, 'HC', 'HOT CHILI X 15', 'BKS', 94500, 110000, 105000, 105000, 105000, 0, 14, 24),
	(167, 'PL', 'PILAR X 15', 'BKS', 0, 0, 0, 0, 0, 0, 14, 24),
	(168, 'BJ', 'BAJA F1 X 15', 'BKS', 173250, 185000, 180000, 180000, 180000, 0, 14, 24),
	(169, 'PN', 'PANEX X 15', 'BKS', 0, 0, 0, 0, 0, 0, 14, 24),
	(170, 'TS', 'TOSAKAN X 10', 'BKS', 12600, 15000, 14000, 14000, 14000, 0, 14, 24),
	(171, 'SH', 'SHINTA X 10', 'BKS', 11550, 15000, 13000, 13000, 13000, 0, 14, 24),
	(172, 'NL', 'NAULI X 15', 'BKS', 16000, 20000, 17000, 17000, 17000, 0, 14, 24),
	(173, 'DK', 'DAKOTA X 10', 'BKS', 8138, 15000, 12000, 12000, 12000, 0, 14, 24),
	(174, 'MTV', 'METAVY X 10', 'BKS', 50400, 55000, 53000, 53000, 53000, 0, 14, 24),
	(175, 'ZTY', 'ZATAVY X 10', 'BKS', 55650, 65000, 60000, 60000, 60000, 0, 14, 24),
	(176, 'YVT', 'YUVITA X 20', 'BKS', 59850, 65000, 64000, 64000, 64000, 0, 14, 24),
	(177, 'YVTS', 'YUVITA SP X 20', 'BKS', 17440, 20000, 19000, 19000, 19000, 0, 14, 24),
	(178, 'MST', 'MUSTANG F1 X 20', 'BKS', 27300, 35000, 30000, 30000, 30000, 0, 14, 24),
	(179, 'JN', 'JENO F1 X 20', 'BKS', 18900, 25000, 20000, 20000, 20000, 0, 14, 24),
	(180, 'MLN', 'MILANO F1 X 20', 'BKS', 25200, 30000, 28000, 28000, 28000, 0, 14, 24),
	(181, 'LGN', 'LAGUNA F1 X 20', 'BKS', 30450, 35000, 32000, 32000, 32000, 0, 14, 24),
	(182, 'BNZS', 'BONANZA SP X 5', 'BKS', 0, 0, 0, 0, 0, 0, 14, 24),
	(183, 'BNZ', 'BONANZA F1 X 20', 'BKS', 117000, 125000, 125000, 125000, 125000, 0, 14, 24),
	(184, 'BNZN', 'BONANZA NOW 1,800 BTR X 20', 'KLG', 98000, 110000, 105000, 105000, 105000, 0, 14, 24),
	(185, 'SCD', 'SECADA F1 X 20', 'BKS', 0, 0, 0, 0, 0, 0, 14, 24),
	(186, 'LRZ', 'LORENZA F1 X 20', 'BKS', 82500, 90000, 0, 90000, 0, 0, 14, 24),
	(187, 'KML', 'KUMALA F1 X 20', 'BKS', 7500, 12000, 10000, 10000, 10000, 0, 14, 24),
	(188, 'AT', 'ANGGUN TAVI X 15', 'BKS', 26250, 30000, 28000, 28000, 28000, 0, 14, 24),
	(189, 'AZR', 'AZURA F1 X 15', 'BKS', 23100, 28000, 25000, 25000, 25000, 0, 14, 24),
	(190, 'PR', 'PRIMA F1 X 15', 'BKS', 23100, 30000, 25000, 25000, 25000, 0, 14, 24),
	(191, 'PRM', 'PRIMAVERA F1 X 15', 'BKS', 25500, 30000, 28000, 28000, 28000, 0, 14, 24),
	(192, 'PRVS', 'PRIMAVERA SP X 20', 'BKS', 11990, 15000, 13000, 13000, 13000, 0, 14, 24),
	(193, 'LSS', ' SUPREMA SP X 20', 'BKS', 11990, 15000, 13000, 13000, 13000, 0, 14, 24),
	(194, 'LS9', ' SUPREMA 95 X 10', 'BKS', 24150, 30000, 26000, 26000, 26000, 0, 14, 24),
	(195, 'LS2', ' SUPREMA 225 X 5', 'BKS', 58800, 65000, 62000, 62000, 62000, 0, 14, 24),
	(196, 'LR', 'LABU RUMA X 10', 'BKS', 17850, 25000, 20000, 20000, 20000, 0, 14, 24),
	(197, 'LM', 'LABU MADU X 10', 'BKS', 57225, 65000, 62000, 62000, 62000, 0, 14, 24),
	(198, 'SS', 'SERVO SP X 20', 'BKS', 19075, 25000, 22000, 22000, 22000, 0, 14, 24),
	(199, 'S2', 'SERVO X 20', 'BKS', 174350, 185000, 185000, 185000, 185000, 0, 14, 24),
	(200, 'TM', 'TYMOTI F1 X 20', 'BKS', 0, 0, 0, 0, 0, 0, 14, 24),
	(201, 'AMR', 'AMARA X 5', 'BKS', 144900, 155000, 150000, 150000, 150000, 0, 14, 24),
	(202, 'LG', 'LEGYTA X10', 'BKS', 51425, 60000, 55000, 55000, 55000, 0, 14, 24),
	(203, 'GRC', 'GRACIA X 10', 'BKS', 168000, 175000, 175000, 175000, 175000, 0, 14, 24),
	(204, 'PRKS', 'PERKASA 500GR X 20', 'BKS', 48800, 58000, 53000, 53000, 53000, 0, 14, 24),
	(205, 'MX', 'MAXIPRO SP X 5', 'BKS', 8720, 13000, 13000, 13000, 13000, 0, 14, 24),
	(206, 'MX5', 'MAXIPRO 500GR X 20', 'BKS', 53000, 60000, 57000, 57000, 57000, 0, 14, 24),
	(207, 'KTS', 'KANTON TAVI SP X 10', 'BKS', 8720, 15000, 10000, 10000, 10000, 0, 14, 24),
	(208, 'KT', 'KANTON TAVI X 20', 'KLG', 117600, 125000, 120000, 120000, 120000, 0, 14, 24),
	(209, 'PT', 'PARADE TAVI X 20', 'KLG', 117600, 125000, 120000, 120000, 120000, 0, 14, 24),
	(210, 'VTC5', 'VITACHIX 5GR ', 'KTK', 40800, 50000, 50000, 50000, 50000, 1, 22, 16),
	(211, 'VTC10', 'VITACHIX 10GR ', 'KTK', 56100, 63000, 60000, 60000, 60000, 1, 22, 16),
	(212, 'TTCB', 'TETRA-CHLOR BOTOL', 'KTK', 130700, 135000, 135000, 135000, 135000, 1, 22, 16),
	(213, 'TTCS', 'TETRA-CHLOR SACHET', 'KTK', 79520, 85000, 85000, 85000, 85000, 1, 22, 16),
	(214, 'TTCB', 'TETRA-CHLOR SERBUK', 'KTK', 150000, 155000, 155000, 155000, 155000, 1, 22, 16),
	(215, 'DXY', 'DOXYVET 10GR', 'KTK', 73200, 80000, 80000, 80000, 80000, 1, 22, 16),
	(216, 'SP', 'SUPER POWER', 'KTK', 32880, 35000, 35000, 35000, 35000, 1, 22, 16),
	(217, 'EX', 'EXITOR', 'KTK', 112600, 117000, 117000, 117000, 117000, 1, 22, 16),
	(218, 'TRZ', 'TRYMEZIN 10GR', 'KTK', 114300, 120000, 120000, 120000, 120000, 1, 22, 16),
	(219, 'VTS', 'VITASTRESS 10GR', 'KTK', 55500, 60000, 60000, 60000, 60000, 1, 22, 16),
	(220, 'SPT', 'SUPER STRONG', 'KTK', 106800, 115000, 115000, 115000, 115000, 1, 22, 16),
	(221, 'NB', 'NEOBRO 10GR', 'KTK', 57870, 65000, 63000, 63000, 63000, 1, 22, 16),
	(222, 'TM1', 'TEMPAT MINUM 1LTR X 150', 'PCS', 7300, 10000, 8500, 8500, 8500, 1, 22, 16),
	(223, 'TM3', 'TEMPAT MINUM 3LTR X 40', 'PCS', 18800, 25000, 21000, 21000, 21000, 1, 22, 16),
	(224, 'TM5', 'TEMPAT MINUM 5LTR X 20', 'PCS', 0, 0, 0, 0, 0, 1, 22, 16),
	(225, 'TM1', 'TEMPAT MAKAN 1KG X 60', 'PCS', 10200, 15000, 12000, 12000, 12000, 1, 22, 16),
	(226, 'TM3', 'TEMPAT MAKAN 3KG', 'PCS', 17360, 25000, 20000, 20000, 20000, 1, 22, 16),
	(227, 'THR', 'THERAPY 10GR', 'KTK', 121000, 125000, 125000, 125000, 125000, 1, 22, 16),
	(228, 'LM5', 'LEMSAE 500ML X 30', 'BTL', 10500, 15000, 12500, 12500, 12500, 0, 19, 25),
	(229, 'LM1', 'LEMSAE 1LTR X 20', 'BTL', 18000, 25000, 20000, 20000, 20000, 0, 19, 25),
	(230, 'PRS1', 'PROMES 1LTR X 20', 'BTL', 20000, 25000, 22000, 22000, 22000, 0, 16, 25),
	(231, 'PRS5', 'PROMES 500ML X 30', 'BTL', 11000, 15000, 12500, 12500, 12500, 0, 16, 25),
	(232, 'GRP', 'GREENPANTAS 1LTR X 20', 'BTL', 13000, 20000, 18000, 18000, 18000, 0, 16, 25),
	(233, 'GRM', 'GREENPANTAS MERICA 1LTR X 20', 'BTL', 13000, 25000, 20000, 20000, 20000, 0, 16, 25),
	(234, 'GRP5', 'GREENPANTAS MERICA 500ML X 30', 'BTL', 8000, 15000, 13000, 13000, 13000, 0, 16, 25),
	(235, 'NPB', 'NPK PRIMA BALLIGROW 1LTR X20', 'BTL', 23000, 30000, 25000, 25000, 25000, 0, 16, 25),
	(236, 'CD', 'CALIFORNIA DUTA X 20', 'BKS', 22000, 30000, 25000, 25000, 25000, 0, 14, 6),
	(237, 'AJS', 'ANJASMARA 10GR X 20', 'BKS', 26000, 35000, 30000, 3000, 30000, 0, 14, 6),
	(238, 'MHM', 'MAHAMERU 10GR X 20', 'BKS', 22000, 30000, 25000, 25000, 25000, 0, 14, 6),
	(239, 'DJ', 'DJITU 10GR X 20', 'BKS', 135000, 145000, 140000, 140, 140000, 0, 14, 6),
	(240, 'AGR', 'AGRSITIK 1LTR X 12', 'BTL', 90000, 98000, 95000, 95000, 95000, 0, 19, 28),
	(241, 'DBC', 'DOBELMECTIN 100ML X 50', 'KTK', 45000, 55000, 52000, 52000, 52000, 1, 3, 7),
	(242, 'DBC2', 'DOBELMECTIN 250ML X 40', 'KTK', 110000, 130000, 125000, 125000, 125000, 1, 3, 7),
	(243, 'EMP', 'EMPIRE 100ML X 50', 'KTK', 70000, 80000, 78000, 78000, 78000, 1, 3, 7),
	(244, 'EMP2', 'EMPIRE 250ML X 40', 'KTK', 0, 0, 0, 0, 0, 0, 3, 7),
	(245, 'XT', 'X-TRAIL 100ML X 50', 'KTK', 0, 0, 0, 0, 0, 0, 3, 7),
	(246, 'VTZ', 'VOLTRAZE 100ML X 50', 'KTK', 57500, 70000, 65000, 65000, 65000, 1, 3, 7),
	(247, 'VTR2', 'VOLTRAZE 250ML X 40', 'KTK', 0, 0, 0, 0, 0, 0, 3, 7),
	(248, 'AVT', 'AVATAR 100ML X 36', 'BTL', 99000, 110000, 103000, 103000, 103000, 0, 1, 11),
	(249, 'AVT ', 'AVATAR 250ML X 18', 'BTL', 255000, 265000, 260000, 260000, 260000, 0, 1, 11),
	(250, 'CRN', 'CORONA 250ML X 18', 'KTK', 186000, 195000, 190000, 190000, 190000, 0, 3, 11),
	(251, 'DS', 'DENSE 200GR X 20', 'KTK', 37600, 45000, 42000, 42000, 42000, 1, 2, 11),
	(252, 'AST', 'ASTONISH 250ML X 48', 'BTL', 52550, 58000, 55000, 55000, 55000, 0, 16, 11),
	(253, 'JN', 'JON-UP 1LTR X 20', 'BTL', 0, 0, 0, 0, 0, 0, 1, 22),
	(254, 'ABC', 'ABACEL 100ML X 50', 'BTL', 28000, 40000, 35000, 35000, 35000, 0, 3, 30),
	(255, 'ABC2', 'ABACEL 250ML X 40', 'BTL', 65000, 85000, 80000, 80000, 80000, 0, 3, 30),
	(256, 'ABC5', 'ABACEL 500ML X 20', 'BTL', 122000, 155000, 150000, 150000, 150000, 0, 3, 30),
	(257, 'ABC1', 'ABACEL 1LTR X 10', 'BTL', 0, 0, 0, 0, 0, 0, 3, 30),
	(258, 'ACP', 'ACAPELA 100ML ', 'BTL', 80000, 90000, 85000, 85000, 85000, 1, 2, 12),
	(259, 'ACR', 'ACROBAT 40GR X 6', 'BKS', 0, 0, 0, 0, 0, 0, 2, 21),
	(260, 'AK', 'AKI ELEKTRIK', 'KTK', 160000, 175000, 170000, 170000, 170000, 1, 9, 27),
	(261, 'AU', 'ALAMI UMUM 500ML X 30', 'BTL', 0, 0, 0, 0, 0, 0, 16, 9),
	(262, 'ATB', 'ANTABOGA X 12', 'BKS', 48000, 55000, 52500, 52500, 52500, 0, 14, 15),
	(263, 'ANT2', 'ANTRACOL 250GR X 40', 'BKS', 32000, 40000, 37000, 37000, 36000, 1, 2, 13),
	(264, 'ANT5', 'ANTRACOL 500GR X 20', 'BKS', 63000, 70000, 67500, 67500, 67000, 1, 2, 13),
	(265, 'ANT1K', 'ANTRACOL 1KG X 12', 'BKS', 123000, 130000, 128000, 128000, 127000, 0, 2, 13),
	(266, 'ANW', 'ANWAVIN 500ML X 20', 'BTL', 90000, 100000, 95000, 95000, 95000, 1, 3, 18),
	(267, 'EP', 'EQUATION PRO X 5', 'BKS', 93000, 98000, 96000, 96000, 96000, 1, 2, 12),
	(268, 'AJ', 'ARIT J', 'PCS', 35000, 45000, 40000, 40000, 40000, 0, 7, 9),
	(269, 'AT', 'ARIT T', 'PCS', 30000, 40000, 35000, 35000, 35000, 0, 7, 9),
	(270, 'AD', 'ARIT D', 'PCS', 40000, 50000, 45000, 45000, 45000, 0, 7, 9),
	(271, 'AU', 'ASANDAH UMUM', 'BTL', 0, 0, 0, 0, 0, 0, 16, 9),
	(272, 'ALS', 'AS LURUS SOLO', 'PCS', 13900, 20000, 16000, 16000, 16000, 0, 9, 3),
	(273, 'ASK', 'ASOKA X 15', 'BKS', 0, 0, 0, 0, 0, 0, 14, 15),
	(274, 'AST', 'ASTONISH 100ML X 30', 'BTL', 22900, 35000, 30000, 30000, 30000, 0, 16, 11),
	(275, 'ATK', 'ATONIK 500ML X 20', 'BTL', 53500, 60000, 58000, 58000, 58000, 0, 16, 28),
	(277, 'BP', 'B2 PRO X 50', 'BKS', 13000, 25000, 18000, 18000, 18000, 0, 16, 15),
	(278, 'BYF', 'BAYFOLAN 500ML X 20', 'BTL', 26050, 30000, 28000, 28000, 28000, 1, 17, 28),
	(279, 'BBLS', 'BABLAS 1LTR X 20', 'BTL', 49500, 55000, 55000, 55000, 55000, 0, 1, 14),
	(280, 'BBL5', 'BABLAS 5LTR X 4', 'JRGN', 242500, 270000, 265000, 265000, 265000, 0, 1, 14),
	(281, 'BBL2', 'BABLAS 20LTR', 'GALON', 930000, 1000000, 990000, 990000, 990000, 0, 1, 14),
	(282, 'BMS', 'BIMASTAR 1LTR X 12', 'BTL', 46700, 51000, 50000, 50000, 50000, 1, 1, 26),
	(283, 'BMS5', 'BIMASTAR 5LTR X 4', 'JRGN', 208890, 225000, 220000, 220000, 220000, 1, 1, 26),
	(284, 'TO', 'TOMBOL ON-OFF ELEKTRIK', 'PCS', 10000, 20000, 15000, 15000, 15000, 0, 9, 27),
	(285, 'BLX', 'BENLOX 250GR X 20', 'KTK', 78000, 85000, 85000, 85000, 85000, 0, 2, 11),
	(286, 'BS', 'BASSA 400ML X 20', 'BTL', 31350, 40000, 35000, 35000, 35000, 1, 3, 20),
	(287, 'BSN', 'BESNOID 100GR X 50', 'BKS', 53000, 60000, 58000, 58000, 58000, 0, 3, 11),
	(288, 'BSN1', 'BESNOID 400GR X 20', 'BKS', 202300, 220000, 215000, 215000, 215000, 0, 3, 11),
	(289, 'BCT', 'BACTOMICIN 60GR X 25', 'BTL', 40000, 50000, 45000, 45000, 45000, 0, 15, 20),
	(290, 'BTR', 'BATARA F1 X 10', 'BKS', 55650, 65000, 60000, 60000, 60000, 0, 14, 24),
	(291, 'BLS', 'BAUT L SOLO', 'PCS', 875, 5000, 1500, 1500, 1500, 0, 9, 3),
	(293, 'CP1', 'CAPTURE 1LTR X 20', 'BTL', 76300, 85000, 79500, 79500, 79000, 0, 3, 11),
	(294, 'KEF', 'KNAPSAK ELEKTRIK FERTILIZER', 'SET', 625000, 675000, 650000, 650000, 650000, 0, 10, 27),
	(295, 'CB', 'CANGKUL BLITAR', 'PCS', 110000, 120000, 120000, 120000, 120000, 0, 7, 9),
	(296, 'CS', 'CABE SEMESTA X 15', 'BKS', 17500, 30000, 0, 23000, 0, 0, 14, 27),
	(297, 'CK', 'CANGKUL KECIL', 'PCS', 75000, 85000, 85000, 85000, 85000, 0, 7, 9),
	(298, 'LNT', 'LANNATE 250GR X 40', 'BKS', 37350, 42000, 42000, 40000, 42000, 1, 3, 12),
	(299, 'CP5', 'CAPTURE 500ML X 30', 'BTL', 41900, 45000, 43000, 43000, 43000, 0, 3, 11),
	(300, 'CE', 'CHARGER ELEKTRIK', 'PCS', 60000, 75000, 70000, 70000, 70000, 1, 9, 27),
	(301, 'CHX', 'CHIX 100ML X 50', 'BTL', 16000, 20000, 18000, 18000, 18000, 1, 3, 26),
	(302, 'CHX 2', 'CHIX 250ML X 20', 'BTL', 38000, 45000, 43000, 43000, 43000, 1, 3, 26),
	(303, 'CHX5', 'CHIX 500ML X 20', 'BTL', 71000, 78000, 75000, 75000, 75000, 1, 3, 26),
	(304, 'CT', 'CHLORMITE 500ML X 24', 'BTL', 78700, 85000, 83000, 83000, 83000, 1, 3, 11),
	(305, 'CH1', 'CHLORMITE 1LTR X 20', 'BTL', 135000, 145000, 140000, 140000, 140000, 0, 3, 11),
	(306, 'CPT', 'CHEPATE X 20', 'BKS', 0, 0, 0, 0, 0, 0, 3, 26),
	(307, 'SS', 'SABUK SOLO', 'PCS', 10100, 20000, 13000, 13000, 13000, 0, 9, 3),
	(308, 'C99', 'CALSIUM ROYAL99 X 20', 'KTK', 0, 0, 0, 0, 0, 0, 5, 9),
	(309, 'CSB', 'CALSIUM SUSU 1KG X 20', 'BKS', 17000, 25000, 22000, 22000, 22000, 0, 5, 9),
	(310, 'CLQ', 'CALSUS LIQUID X 20', 'BTL', 23000, 30000, 25000, 25000, 25000, 0, 5, 9),
	(311, 'CTR', 'CENTARON 1KG X 20', 'KTK', 122500, 140000, 135000, 135000, 135000, 1, 1, 27),
	(312, 'CRN', 'CARINO 100ML X 36', 'KTK', 34500, 40000, 38000, 38000, 38000, 0, 3, 11),
	(313, 'CRN', 'CORONA 100ML X 36', 'KTK', 77000, 85000, 80000, 80000, 80000, 0, 3, 11),
	(314, 'PC', 'PARE CROWN 10GR X 12', 'BKS', 18000, 25000, 22000, 22000, 22000, 0, 14, 15),
	(315, 'CNR', 'CANITRO 1KG X 20', 'BKS', 20350, 25000, 23000, 23000, 23000, 1, 16, 15),
	(316, 'CT', 'CANGKUL TANI', 'PCS', 140000, 150000, 150000, 150000, 150000, 0, 7, 9),
	(317, 'DCS5', 'DECIS 50ML X 100', 'BTL', 14000, 20000, 17000, 17000, 17000, 1, 3, 13),
	(318, 'DCS1', 'DECIS 100ML X 100', 'BTL', 25500, 30000, 28000, 28000, 28000, 1, 3, 13),
	(319, 'DCS2', 'DECIS 250ML X 40', 'BTL', 62000, 70000, 67500, 67500, 67500, 1, 3, 13),
	(320, 'DCS500', 'DECIS 500ML X 20', 'BTL', 121000, 130000, 125000, 125000, 125000, 1, 3, 13),
	(321, 'DM1', 'DEMOLISH 100ML X 36', 'KTK', 93250, 100000, 100000, 100000, 100000, 0, 3, 11),
	(322, 'DMS2', 'DEMOLISH 200ML X 18', 'KTK', 153000, 170000, 165000, 165000, 165000, 0, 3, 11),
	(323, 'DK', 'DANGKE 100GR X 100', 'KTK', 25500, 28000, 27000, 27000, 27000, 0, 3, 11),
	(324, 'DK2', 'DANGKE 250GR X 40', 'BKS', 56800, 61000, 59000, 59000, 59000, 0, 3, 11),
	(325, 'SGN', 'SIGANTUNG 10GR X 15', 'BKS', 20000, 30000, 28000, 28000, 28000, 0, 14, 33),
	(326, 'DT', 'DHITANE 200GR X 50', 'BKS', 23000, 30000, 26000, 26000, 26000, 1, 2, 13),
	(327, 'DTN', 'DHITANE 500GR X 20', 'BKS', 53000, 60000, 56000, 56000, 56000, 1, 2, 13),
	(328, 'DTN1', 'DHITANE 1KG X 20', 'BKS', 103000, 115000, 108000, 108000, 108000, 1, 2, 13),
	(329, 'DRS', 'DURSBAN 100ML X 50', 'BTL', 13500, 20000, 15000, 15000, 15000, 1, 3, 13),
	(330, 'DRS', 'DURSBAN 250ML X 20', 'BTL', 30000, 40000, 33000, 33000, 33000, 0, 3, 13),
	(331, 'DRS5', 'DURSBAN 500ML X 20', 'BTL', 49500, 55000, 53000, 53000, 53000, 1, 3, 13),
	(332, 'DLM', 'DOLOMIT 50KG', 'SAK', 37000, 50000, 50000, 55000, 50000, 0, 5, 28),
	(333, 'DMA', 'DMA-6 400ML X 20', 'BTL', 52000, 54000, 54000, 54000, 54000, 1, 1, 13),
	(334, 'DMN', 'DEMAND 100ML X 50', 'BTL', 60750, 65000, 65000, 65000, 64000, 1, 3, 26),
	(335, 'ELB', 'ELBOW PB-16', 'PCS', 15000, 25000, 20000, 20000, 20000, 0, 9, 3),
	(336, 'EMP', 'EM4 PERTANIAN 1LTR X 15', 'BTL', 17000, 25000, 20000, 20000, 20000, 0, 15, 28),
	(337, 'EMPP', 'EM4 PETERNAKAN 1LTR X 15', 'BTL', 15000, 20000, 18000, 18000, 18000, 0, 15, 28),
	(338, 'EP', 'ENGKOL PB-16', 'PCS', 35000, 45000, 40000, 40000, 40000, 0, 9, 3),
	(339, 'ETR', 'ETRHEL X 100', 'BTL', 37500, 45000, 40000, 40000, 40000, 0, 12, 13),
	(340, 'EXC', 'EXOTIC X 40', 'BKS', 85000, 100000, 95000, 90000, 95000, 0, 14, 8),
	(341, 'EXP', 'EXPLORE 250ML X 36', 'KTK', 100000, 110000, 105000, 105000, 105000, 0, 3, 11),
	(342, 'FRD1', 'FURADAN 1KG X 10', 'BKS', 18250, 25000, 21000, 21000, 21000, 1, 3, 13),
	(343, 'FRD2', 'FURADAN 2KG X 10', 'BKS', 34200, 40000, 37000, 37000, 37000, 1, 3, 13),
	(344, 'FS', 'FAUK SOLO', 'PCS', 8000, 15000, 14000, 14000, 14000, 0, 9, 3),
	(345, 'FSS', 'FLAT SPRAY SOLO', 'PCS', 0, 0, 0, 0, 0, 0, 9, 3),
	(346, 'FE', 'FILTER PB 16', 'PCS', 15000, 25000, 20000, 20000, 20000, 0, 9, 3),
	(348, 'GRT', 'GREENTAMA 500ML', 'BTL', 8000, 15000, 13000, 13000, 13000, 0, 16, 25),
	(349, 'GB1', 'GANDASIL B 100 X 144', 'BKS', 8500, 13000, 10000, 10000, 10000, 0, 16, 28),
	(350, 'GB5', 'GANDASIL B 500 X 24', 'BKS', 33500, 38000, 35000, 35000, 35000, 0, 16, 28),
	(351, 'GD1', 'GANDASIL D 100 X 144', 'BKS', 7500, 13000, 9500, 9500, 9500, 0, 17, 28),
	(352, 'GD5', 'GANDASIL D 500 X 24', 'BKS', 30000, 38000, 35000, 35000, 35000, 0, 17, 28),
	(353, 'GR1', 'GARLON 100ML X 50', 'BTL', 24475, 300000, 28000, 28000, 28000, 1, 1, 26),
	(354, 'GR1L', 'GARLON 1LTR X 10', 'BTL', 184000, 200000, 195000, 195000, 195000, 1, 1, 26),
	(355, 'GSK', 'GEMBOR SENG K ', 'PCS', 50000, 60000, 55000, 55000, 55000, 0, 7, 9),
	(356, 'GSB', 'GEMBOR SENG B', 'PCS', 75000, 85000, 80000, 80000, 80000, 0, 7, 9),
	(357, 'GB', 'GRAND BAYU 500GR', 'BKS', 0, 0, 0, 0, 0, 0, 14, 33),
	(358, 'GP', 'GEMBOR PLASTIK X 12', 'PCS', 34000, 50000, 45000, 45000, 45000, 0, 7, 28),
	(359, 'JGS', 'JAGUNG GILING SM 25KG', 'SAK', 160000, 180000, 180000, 180000, 170000, 0, 6, 28),
	(360, 'GMXN', 'GEMAXONE 1LTR X 20', 'BTL', 530000, 60000, 57000, 57000, 56000, 0, 1, 14),
	(361, 'GR4', 'GARLON 4LTR X 6', 'JRGN', 640000, 670000, 640000, 640000, 640000, 1, 1, 26),
	(362, 'GRM135', 'GRAMOXONE 135SL 1LTR  X 20', 'BTL', 61875, 65000, 63000, 63000, 63000, 1, 1, 26),
	(363, 'GRT5', 'GREENTONIK 500ML X 30', 'BTL', 8000, 15000, 9500, 9500, 9500, 0, 16, 28),
	(364, 'GRT1', 'GREENTONIK 1LTR X 24', 'BTL', 11250, 20000, 15000, 15000, 14000, 0, 16, 28),
	(365, 'HD', 'HIJAU DAUN 200GR X 50', 'BKS', 13000, 20000, 18000, 18000, 18000, 0, 17, 15),
	(366, 'JMB', 'JAMBORE X 40', 'BKS', 25000, 30000, 28000, 28000, 28000, 0, 14, 8),
	(367, 'JBM', 'JAGUNG BIJI MADURA 25KG', 'SAK', 195000, 210000, 205000, 210000, 205000, 0, 6, 28),
	(368, 'JS', 'JAT SPRAY X 24', 'PCS', 8000, 120000, 10000, 10000, 10000, 0, 7, 28),
	(369, 'JHP', 'JAGUNG HIBRIDA PERTIWI 3', 'BKS', 0, 0, 0, 0, 0, 0, 14, 8),
	(370, 'MR', 'MANIS RADJA X 40', 'BKS', 24000, 30000, 27000, 27000, 27000, 0, 14, 27),
	(371, 'CJ', 'CALIFORNIA JUPE X 25', 'BKS', 26000, 35000, 300000, 30000, 30000, 0, 14, 6),
	(372, 'JU', 'JUMP UP 1LTR X 20', 'BTL', 52500, 58000, 56000, 56000, 56000, 0, 1, 14),
	(373, 'KG', 'KARET GUCI PB-16', 'PCS', 0, 0, 0, 0, 0, 0, 9, 9),
	(374, 'KS', 'KUBIS SEHATI X 10', 'BKS', 0, 0, 0, 0, 0, 0, 14, 24),
	(375, 'KACL', 'KACEL SL 50KG', 'SAK', 0, 0, 0, 0, 0, 0, 5, 28),
	(376, 'KM', 'KCL MAHKOTA 50KG', 'SAK', 275000, 350000, 320000, 32000, 320000, 0, 5, 28),
	(377, 'KBS', 'KUDA2 / BEBEK SOLO', 'PCS', 5800, 10000, 8000, 8000, 8000, 0, 9, 3),
	(378, 'GG', 'GIGA F1 X 15', 'BKS', 0, 0, 0, 0, 0, 0, 14, 24),
	(379, 'KB', 'KANGKUNG BIKA X 20', 'BKS', 0, 0, 0, 0, 0, 0, 14, 8),
	(380, 'KL', 'KANGKUNG LOKAL 50KG', 'BKS', 37000, 40000, 39000, 39000, 39000, 0, 14, 9),
	(381, 'KL', 'KLENSECT 100ML X 100', 'BTL', 19500, 25000, 22000, 22000, 22000, 0, 3, 11),
	(382, 'KL2', 'KLENSECT 200ML X 48', 'BTL', 36500, 40000, 39000, 40000, 40000, 0, 3, 11),
	(383, 'KL5', 'KLENSECT 500ML X 24', 'BTL', 80100, 85000, 83000, 83000, 83000, 0, 3, 11),
	(384, 'KTS', 'KLEM TABUNG SOLO', 'PCS', 3800, 7000, 4500, 4500, 4500, 0, 9, 3),
	(385, 'KKS', 'KLEP KARET SOLO', 'PCS', 3500, 5000, 4000, 4000, 4000, 0, 9, 3),
	(386, 'KG', 'KARET GELANG ', 'BKS', 16250, 25000, 19000, 19000, 19000, 0, 7, 9),
	(387, 'MKPB', 'MULSA KUNCI PUTIH B', 'ROLL', 521000, 580000, 575000, 575000, 575000, 1, 7, 5),
	(388, 'MKPK', 'MULSA KUNCI PUTIH K', 'ROLL', 242000, 285000, 285000, 285000, 285000, 1, 7, 5),
	(389, 'MKHP', 'MULSA KUNCI HITAM PERAK', 'ROLL', 52000, 580000, 575000, 575000, 575000, 0, 7, 5),
	(390, 'MB', 'MULSA BELILA ', 'ROLL', 0, 0, 0, 0, 0, 0, 7, 27),
	(391, 'KL', 'KUNCI L', 'PCS', 2500, 5000, 3500, 3500, 3500, 0, 7, 3),
	(392, 'KM', 'KNO MERAH 2KG X 15', 'BKS', 38800, 45000, 43000, 43000, 43000, 1, 16, 22),
	(393, 'KP', 'KNO PUTIH 2KG X 15', 'BKS', 43500, 50000, 48000, 48000, 48000, 1, 16, 22),
	(394, 'KSC', 'KNAPSACK SPRAYER CHOTA LITE', 'SET', 0, 0, 0, 0, 0, 0, 10, 3),
	(395, 'KLR', 'KELERENG PB-16', 'PCS', 0, 0, 0, 0, 0, 0, 9, 9),
	(396, 'SS', 'STOPKRAN SOLO', 'PCS', 11700, 15000, 13000, 13000, 13000, 0, 9, 3),
	(397, 'KKE', 'KNAPSACK KRESNA ELEKTRIK', 'SET', 570000, 60000, 600000, 600000, 600000, 0, 10, 14),
	(398, 'KX', 'KUPROXAT 500ML X 20', 'BTL', 68200, 75000, 73000, 73000, 73000, 1, 3, 26),
	(399, 'LD2', 'LINDOMIN 200ML X 40', 'BTL', 19700, 25000, 22000, 22000, 22000, 1, 1, 26),
	(400, 'LD4', 'LINDOMIN 400ML X 20', 'BTL', 35460, 40000, 38000, 380000, 38000, 1, 1, 26),
	(401, 'LD1', 'LINDOMIN 1LTR X 12', 'BTL', 81750, 90000, 86000, 86000, 86000, 1, 1, 26),
	(402, 'LNT1', 'LANNATE 100GR X 100', 'BKS', 16650, 22000, 19500, 19500, 19500, 1, 3, 12),
	(403, 'LN2', 'LANNATE 15GR X 150', 'BKS', 3000, 5000, 4000, 4000, 4000, 1, 3, 12),
	(404, 'LN5', 'LANNATE 500GR X 20', 'BKS', 78500, 85000, 83000, 83000, 83000, 1, 3, 12),
	(405, 'EE', 'ELBOW ELEKTRIK', 'PCS', 5000, 15000, 10000, 10000, 10000, 0, 9, 27),
	(406, 'LCN', 'LACONIK 250ML X 18', 'BTL', 135500, 140000, 140000, 140000, 140000, 0, 3, 11),
	(407, 'LT', 'LEM TIKUS X 12', 'KTK', 14300, 20000, 15000, 15000, 15000, 0, 7, 9),
	(408, 'LGG', 'LINGGA', 'PCS', 17000, 25000, 25000, 25000, 25000, 0, 7, 9),
	(409, 'LJ', 'LAJU F1 X 15', 'BKS', 154350, 165000, 160000, 160000, 160000, 0, 14, 24),
	(410, 'LL', 'LEILI 100ML X 60', 'BTL', 23450, 30000, 25000, 25000, 25000, 0, 16, 11),
	(411, 'LL2', 'LEILI 250ML X 48', 'BTL', 54750, 65000, 60000, 60000, 60000, 0, 16, 11),
	(412, 'ML', 'MELON LEONY X 10', 'BKS', 167500, 180000, 175000, 175000, 175000, 0, 14, 33),
	(414, 'MMB', 'MAMIGRO B 500GR', 'BKS', 27000, 35000, 30000, 30000, 30000, 0, 16, 15),
	(415, 'MMGD', 'MAMIGRO D 500GR', 'BKS', 27000, 35000, 30000, 30000, 30000, 0, 17, 15),
	(416, 'MRS', 'MARSHAL 500ML X 24', 'BTL', 72500, 80000, 76000, 76000, 76000, 1, 3, 13),
	(417, 'MRT', 'MARUTI X 20', 'BKS', 50000, 58000, 55000, 55000, 55000, 0, 14, 8),
	(418, 'MNT', 'MANTRACOL 200GR X 50', 'BKS', 20000, 30000, 28000, 28000, 28000, 0, 2, 30),
	(419, 'MNT5', 'MANTRACOL 500GR X 16', 'BKS', 47000, 60000, 55000, 55000, 55000, 0, 2, 30),
	(420, 'MNT1', 'MANTRACOL 1KG X 12', 'BKS', 94000, 105000, 105000, 105000, 105000, 0, 2, 30),
	(421, 'MTF', 'METAFURON 5GR X 20', 'BKS', 3400, 5000, 4000, 4000, 4000, 1, 1, 26),
	(422, 'MTF2', 'METAFURON 250GR X 8', 'BTL', 50000, 60000, 60000, 60000, 60000, 1, 1, 26),
	(423, 'NH1', 'NPK HANTU 1LTR X 20', 'BTL', 90000, 105000, 100000, 100000, 100000, 0, 12, 9),
	(424, 'ZH', 'ZPT HANTU 1LTR X 20', 'BTL', 90000, 105000, 100000, 100000, 100000, 0, 12, 9),
	(425, 'NMD', 'NOMAD 1LTR X 20', 'BTL', 48000, 55000, 54000, 540000, 53000, 1, 1, 20),
	(426, 'NMD2', 'NOMAD 20LTR', 'GALON', 0, 0, 0, 0, 0, 0, 1, 20),
	(428, 'NP', 'NEW PRIMAXONE 1LTR X 20', 'BTL', 75000, 85000, 80000, 80000, 80000, 1, 1, 27),
	(429, '161616', 'NPK YARAMILA 16-16-16 50KG', 'SAK', 450000, 490000, 485000, 485000, 485000, 1, 5, 13),
	(430, 'NTR', 'NUTRISI 1LTR X 20', 'BTL', 24000, 40000, 30000, 30000, 30000, 0, 12, 9),
	(431, 'NO', 'NOZEL ORANGE', 'PCS', 2600, 4000, 3000, 3000, 3000, 0, 9, 3),
	(432, 'NC', 'NOZEL NEW CB-16', 'PCS', 12500, 25000, 230000, 23000, 23000, 0, 9, 27),
	(433, 'SE', 'STOPKRAN ELEKTRIK', 'PCS', 12500, 25000, 17000, 18000, 17000, 0, 9, 27),
	(434, 'STPP', 'STOPKRAN PB-16', 'PCS', 31300, 45000, 40000, 40000, 40000, 0, 9, 3),
	(435, 'KP', 'KACANG PERTIWI X 40', 'BKS', 80000, 90000, 90000, 90000, 90000, 0, 14, 8),
	(436, 'PQ1', 'PILARQUAT 1LTR X 20', 'BTL', 34000, 45000, 40000, 40000, 40000, 1, 1, 27),
	(437, 'PQ5', 'PILARQUAT 5LTR X 4', 'JRGN', 160000, 215000, 190000, 190000, 190000, 1, 1, 27),
	(438, 'PM', 'PENJEPIT MULSA', 'PCS', 15500, 20000, 18000, 18000, 18000, 0, 7, 9),
	(439, 'PS', 'PENJEPIT SOLO', 'PCS', 1000, 3000, 3000, 3000, 3000, 0, 9, 3),
	(441, 'WB', 'WONOKOYO BR1 50KG', 'SAK', 367000, 380000, 380000, 380000, 375000, 0, 6, 32),
	(442, 'BR2', 'WONOKOYO BR2 50KG', 'SAK', 367000, 380000, 385000, 380000, 375000, 0, 6, 32),
	(443, 'P5', 'PLASTIK 5CM', 'PCS', 9000, 12000, 10000, 10000, 10000, 0, 7, 9),
	(444, 'P6', 'PLASTIK 6CM', 'PCS', 9000, 13000, 11000, 11000, 11000, 0, 7, 9),
	(445, 'PB1520', 'POLIBEK 15 X 20', 'PAK', 0, 0, 0, 0, 0, 0, 7, 5),
	(446, 'PB1015', 'POLIBEK 10 X 15', 'PAK', 0, 0, 0, 0, 0, 0, 7, 5),
	(447, 'PB3035 ', 'POLIBEK 30 X 35', 'PAK', 0, 0, 0, 0, 0, 0, 7, 5),
	(448, 'PN1', 'PENALTY 100ML X 36', 'KTK', 31000, 35000, 33000, 33000, 33000, 0, 3, 11),
	(449, 'PN2', 'PENALTY 200ML X 36', 'KTK', 58500, 65000, 60000, 60000, 60000, 0, 3, 11),
	(450, 'PN5', 'PENALTY 500ML X 12', 'BTL', 137000, 145000, 142000, 142000, 142000, 0, 3, 11),
	(451, 'PD', 'POINT DUATANI 500ML', 'BTL', 0, 0, 0, 0, 0, 0, 16, 9),
	(452, 'PD1', 'POINT DUATANI 1LTR', 'BTL', 0, 0, 0, 0, 0, 0, 16, 9),
	(453, 'PL', 'POTRAY LUBANG 50 X 100', 'PCS', 16000, 20000, 18000, 18000, 18000, 0, 7, 9),
	(454, 'PL7', 'POTRAY LUBANG 72 X 100', 'PCS', 16000, 20000, 18000, 18000, 18000, 0, 7, 9),
	(455, 'SL', 'PUPUK PEMBENAH TANAH SL 50KG', 'SAK', 0, 0, 0, 0, 0, 0, 5, 28),
	(456, 'PRM', 'PRIMAXONE 20LTR ', 'GALON', 900000, 1000000, 985000, 985000, 985000, 1, 1, 27),
	(457, 'PRM5', 'PRIMAXONE 5LTR X 4', 'JRGN', 233000, 265000, 260000, 260000, 260000, 1, 1, 27),
	(458, 'PRM1', 'PRIMAXONE 1LTR X 20', 'BTL', 48000, 55000, 53000, 53000, 53000, 1, 1, 27),
	(459, 'PRV', 'PREVATHON 100ML X 40', 'BTL', 64500, 75000, 700000, 70000, 70000, 1, 3, 12),
	(460, 'PRV2', 'PREVATHON 250ML X 24', 'BTL', 124000, 130000, 128000, 128000, 128000, 1, 3, 12),
	(461, 'PRG', 'PARAGON X 40', 'BKS', 90000, 100000, 95000, 95000, 95000, 0, 14, 8),
	(462, 'PRT', 'PROTHEPON 100ML X 50', 'BTL', 28000, 35000, 32000, 32000, 32000, 1, 12, 15),
	(463, 'PRV5', 'PREVATHON 500ML X 20', 'BTL', 0, 0, 0, 0, 0, 0, 3, 12),
	(464, 'PSN', 'PESONA 20GR X 6', 'BKS', 56000, 65000, 60000, 60000, 60000, 0, 14, 15),
	(465, 'PA', 'PLASTIK ATAP 100 X 25', 'PCS', 0, 0, 0, 0, 0, 0, 7, 9),
	(466, 'FSTN', 'FOSTIN 400ML X 20', 'BTL', 70000, 80000, 78000, 78000, 78000, 0, 3, 14),
	(467, 'FSTN1', 'FOSTIN 1LTR X 12', 'BTL', 160000, 170000, 165000, 165000, 165000, 0, 3, 14),
	(468, 'PTK', 'PARE PETAKU 20GR', 'BKS', 0, 0, 0, 0, 0, 0, 14, 15),
	(469, 'SP', 'SIERAD PETELOR T204', 'SAK', 0, 0, 0, 0, 0, 0, 6, 31),
	(470, 'PE', 'POTENSIO ELEKTRIK', 'PCS', 27500, 35000, 35000, 35000, 35000, 0, 9, 27),
	(471, 'PEM', 'PUMP ELEKTRIK', 'PCS', 140000, 150000, 150000, 150000, 150000, 0, 9, 27),
	(472, 'PRMX1', 'PRIMA X 1LTR X 20', 'BTL', 43500, 55000, 50000, 50000, 50000, 1, 1, 27),
	(473, 'PRM5', 'PRIMA X 5LTR X 4', 'JRGN', 210000, 250000, 245000, 245000, 245000, 1, 1, 27),
	(474, 'PRM20', 'PRIMA X 20LTR', 'GALON', 800000, 980000, 950000, 950000, 950000, 1, 1, 27),
	(475, 'RZT', 'RIZOTIN 100ML X 50', 'BTL', 15700, 18000, 17000, 17000, 17000, 1, 3, 28),
	(476, 'RZT5', 'RIZOTIN 500ML X 20', 'BTL', 44000, 55000, 48000, 48000, 48000, 1, 3, 28),
	(477, 'RDP1', 'ROUNDUP 1LTR X 12', 'BTL', 76000, 80000, 79000, 79000, 78000, 1, 1, 13),
	(478, 'RDP5', 'ROUNDUP 4 LTR X 4', 'JRGN', 283400, 290000, 288500, 288500, 288500, 1, 1, 13),
	(479, 'RDP20', 'ROUNDUP 20LTR', 'GALON', 1230000, 1280000, 1275000, 1275000, 1275000, 1, 1, 13),
	(480, 'RG5', 'REGENT 50ML X 80', 'BTL', 16750, 20000, 18000, 18000, 18000, 1, 3, 13),
	(481, 'RG1', 'REGENT 100ML X 48', 'BTL', 31600, 40000, 34000, 34000, 34000, 1, 3, 13),
	(482, 'RGT2', 'REGENT 250ML X 24', 'BTL', 78500, 85000, 83000, 83000, 83000, 1, 3, 13),
	(483, 'RGT500', 'REGENT 500ML X 10', 'BTL', 150000, 160000, 155000, 155000, 155000, 1, 3, 13),
	(484, 'RTH', 'RATIH HIJAU 10GR X 12', 'BKS', 31500, 40000, 35000, 35000, 35000, 0, 14, 15),
	(485, 'RP5', 'RAPTOR 500ML X 20', 'BTL', 38000, 45000, 40000, 40000, 40000, 0, 12, 11),
	(486, 'RP1', 'RAPTOR 1LTR X 12', 'BTL', 70000, 80000, 75000, 75000, 75000, 0, 12, 11),
	(487, 'RMPS', 'RUMPAS X 100', 'BTL', 37000, 45000, 42000, 42000, 42000, 1, 1, 13),
	(488, 'RTC', 'RATCEL 10GR X 100', 'BKS', 1700, 5000, 2000, 3500, 3500, 0, 21, 30),
	(489, 'RC', 'RATCEL 100GR X 100', 'KLG', 16000, 20000, 18000, 18000, 18000, 0, 21, 30),
	(490, 'RU', 'RATIH UNGU X 12', 'BKS', 30000, 40000, 38000, 38000, 38000, 0, 14, 15),
	(491, 'SPB', 'SELANG PB-16', 'PCS', 32400, 45000, 40000, 40000, 40000, 0, 9, 3),
	(492, 'SEK', 'SABUK ELEKTRIK', 'PCS', 0, 0, 0, 0, 0, 0, 9, 27),
	(493, 'SDI', 'SELANG DRIP INFUS', 'KTK', 100000, 135000, 130000, 130000, 130000, 0, 7, 5),
	(494, 'SE', 'SELANG ELEKTRIK', 'PCS', 15000, 25000, 20000, 20000, 20000, 0, 9, 27),
	(495, 'SSO', 'SELANG SOLO', 'PCS', 9700, 15000, 12000, 12000, 12000, 0, 9, 3),
	(496, 'SV100', 'SEVIN 100GR X 100', 'BKS', 26000, 30000, 27500, 27500, 27500, 0, 3, 4),
	(497, 'SV500', 'SEVIN 500GR X 40', 'BKS', 98000, 110000, 102000, 102000, 102000, 0, 3, 4),
	(498, 'SK', 'SAWI KUMALA X 15', 'BKS', 7500, 12000, 10000, 10000, 10000, 0, 14, 8),
	(499, 'SLDR', 'SILINDER SOLO', 'PCS', 9200, 15000, 12000, 12000, 12000, 0, 9, 3),
	(500, 'SHS', 'SAMBUNGAN H SOLO', 'PCS', 2000, 5000, 4000, 4000, 4000, 0, 9, 3),
	(501, 'ABG', 'SEMANGKA ABG 10GR', 'BKS', 0, 0, 0, 0, 0, 0, 14, 27),
	(502, 'GRN', 'GARNIS 10GR X 10', 'BKS', 0, 0, 0, 0, 0, 0, 14, 24),
	(503, 'SPR', 'SPRINT X 30', 'BTL', 9000, 13000, 12000, 12000, 12000, 0, 16, 28),
	(504, 'SP2', 'SPONTAN 200ML X 20', 'BTL', 26000, 33000, 28000, 28000, 28000, 0, 3, 4),
	(505, 'SP5', 'SPONTAN 500ML X 20', 'BTL', 45000, 50000, 48000, 48000, 48000, 0, 3, 4),
	(506, 'SP1L', 'SPONTAN 1LTR X 12', 'BTL', 83500, 90000, 87500, 87500, 86500, 0, 3, 4),
	(507, 'SPRD', 'SPREADER 500ML X 24', 'BTL', 61000, 65000, 65000, 65000, 65000, 0, 19, 11),
	(508, 'SPTRO', 'PUPUK PEMBENAH TANAH SP-TRO 36 50KG', 'SAK', 102000, 135000, 130000, 130000, 130000, 0, 5, 28),
	(510, 'SPRTX', 'SUPRETOX 1LTR X 20', 'BTL', 55700, 60000, 59000, 59000, 59000, 0, 1, 11),
	(511, 'SPRTX4', 'SUPRETOX 4LTR X 6', 'JRGN', 211000, 230000, 225000, 225000, 225000, 0, 1, 11),
	(512, 'SEKK', 'SPUYER ELEKTRIK KEPALA KUNING', 'PCS', 7500, 15000, 10000, 10000, 10000, 0, 9, 27),
	(513, 'SEH', 'SPUYER ELEKTRIK HITAM', 'PCS', 5000, 10000, 7000, 7000, 7000, 0, 9, 27),
	(514, 'SB', 'SPUYER BESI PB-16', 'PCS', 23000, 35000, 30000, 30000, 30000, 0, 9, 3),
	(515, 'KNC', 'KNAPSACK NEW CB-16', 'SET', 260000, 300000, 290000, 290000, 290000, 0, 10, 27),
	(516, 'KLT', 'KNAPSACK LAZARUS TRIO', 'SET', 560000, 650000, 620000, 620000, 620000, 0, 10, 27),
	(517, 'SRD', 'SIERAD 1 B214 50KG', 'SAK', 215000, 250000, 240000, 240000, 245000, 0, 6, 31),
	(518, 'SRD2', 'SIERAD 2 B214 50KG', 'SAK', 215000, 250000, 240000, 240000, 240000, 0, 6, 31),
	(519, 'SRD', 'SERENDY 25GR X 20', 'BKS', 22500, 30000, 27000, 27000, 27000, 1, 1, 26),
	(520, 'ETS', 'ELBOW TUTUP SOLO', 'PCS', 2500, 6000, 3000, 3000, 3000, 0, 9, 3),
	(521, 'SET', 'STIK ELEKTRIK', 'PCS', 15000, 25000, 20000, 20000, 20000, 0, 9, 27),
	(522, 'SSO', 'STIK SOLO', 'PCS', 6800, 20000, 12000, 12000, 12000, 0, 9, 3),
	(523, 'SPB', 'STIK PB-16 PANJANG BENGKOK', 'PCS', 325000, 55000, 45000, 45000, 45000, 0, 9, 3),
	(524, 'SL', 'STIK PB-16 LURUS', 'PCS', 32500, 50000, 40000, 40000, 40000, 0, 9, 3),
	(525, 'TVB', 'TALI VIAR BIRU ', 'ROLL', 22500, 30000, 25000, 25000, 25000, 0, 7, 9),
	(526, 'STR', 'STARLON 100ML X 50', 'BTL', 21870, 30000, 25000, 25000, 25000, 1, 1, 26),
	(527, 'STR1', 'STARLON 1LTR X 12', 'BTL', 164010, 175000, 170000, 170000, 170000, 1, 1, 26),
	(528, 'SPM1', 'SUPREMO 1LTR X 20', 'BTL', 60500, 65000, 63000, 63000, 63000, 0, 1, 11),
	(529, 'SPM4', 'SUPREMO 4LT X 6', 'JRGN', 232000, 245000, 240000, 240000, 240000, 0, 1, 11),
	(530, 'TMX', 'TEMIX X 60', 'BKS', 0, 0, 0, 0, 0, 0, 21, 9),
	(531, 'TSS', 'TALI SALARON SAMSON X 60', 'ROLL', 11000, 15000, 14000, 14000, 14000, 0, 20, 28),
	(532, 'KSE', 'KNAPSACK SPAYER ELEKTRIK', 'SET', 525000, 600000, 575000, 575000, 575000, 0, 10, 27),
	(533, 'KSP16', 'KNAPSACK SPRAYER PB-16', 'SET', 490000, 530000, 520000, 520000, 510000, 0, 10, 18),
	(534, 'KSS425', 'KNAPSACK SPRAYER SOLO 425', 'SET', 276000, 325000, 300000, 300000, 300000, 0, 10, 28),
	(535, '23', 'TERPAL 2 X 3', 'PCS', 30000, 35000, 35000, 35000, 35000, 0, 11, 9),
	(536, '34', 'TERPAL 3 X 4', 'PCS', 60000, 70000, 70000, 70000, 65000, 0, 11, 9),
	(537, '45', 'TERPAL 4 X 5', 'PCS', 95000, 105000, 105000, 105000, 105000, 0, 11, 9),
	(538, '46', 'TERPAL 4 X 6', 'PCS', 120000, 130000, 130000, 130000, 130000, 0, 11, 9),
	(539, '57', 'TERPAL 5 X 7', 'PCS', 175000, 185000, 185000, 185000, 185000, 0, 11, 9),
	(540, '56', 'TERPAL 5 X 6', 'PCS', 150000, 160000, 160000, 160000, 160000, 0, 11, 9),
	(541, '68', 'TERPAL 6 X 8', 'PCS', 240000, 250000, 250000, 25000, 250000, 0, 11, 9),
	(542, 'TGD', 'TI-GOLD 25GR X 20', 'BKS', 16800, 25000, 18000, 18000, 18000, 1, 1, 26),
	(543, 'TSS', 'TALI SALARON 1KG', 'KG', 37500, 50000, 42000, 42000, 42000, 0, 7, 5),
	(544, 'TM', 'TIMUN MIRA 25GR X 12', 'BKS', 50000, 58000, 55000, 55000, 55000, 0, 14, 8),
	(545, 'MNS', 'MONAS X 10', 'BKS', 43500, 55000, 50000, 50000, 50000, 0, 14, 33),
	(546, 'TCU', 'TENCHU 100GR X 5', 'BKS', 125000, 138000, 135000, 135000, 135000, 0, 3, 11),
	(547, 'TXT', 'TOXIFUT X 40', 'KTK', 21000, 28000, 24000, 24000, 24000, 1, 3, 28),
	(548, 'TSS', 'TUTUP SILINDER SOLO', 'PCS', 4400, 15000, 8000, 8000, 8000, 0, 9, 3),
	(549, 'TR', 'TALI RAFIA 1KG', 'ROLL', 20000, 25000, 25000, 25000, 25000, 0, 7, 9),
	(550, 'TRD', 'TRENDY 5GR X 20', 'BKS', 4350, 6000, 5000, 5000, 5000, 1, 1, 11),
	(551, 'TBS', 'TUAS BENGKOK SOLO', 'PCS', 17100, 25000, 19000, 19000, 19000, 0, 9, 3),
	(552, 'UNS', 'UREA NON SUBSIDI 50KG', 'SAK', 245000, 270000, 265000, 265000, 265000, 0, 5, 13),
	(553, 'VNT', 'VENATOR 500ML X 20', 'KTK', 143000, 155000, 150000, 150000, 150000, 0, 1, 11),
	(554, 'VRN', 'VIARON 1KG X 10', 'KTK', 140000, 150000, 150000, 150000, 145000, 1, 1, 14),
	(555, 'VS', 'VISTON SOLO', 'PCS', 12000, 15000, 14000, 14000, 14000, 0, 9, 3),
	(556, 'VT', 'VOLIUM TARGO 100ML X 50', 'BTL', 74030, 85000, 78000, 78000, 78000, 1, 3, 26),
	(557, 'WHD', 'WARING HITAM DOLPHIN', 'ROLL', 470000, 500000, 500000, 500000, 500000, 0, 7, 28),
	(559, 'JMR ', 'JAGUNG JAMARA SP X 5', 'PCS', 6600, 15000, 12000, 12000, 12000, 0, 14, 34),
	(560, '001', 'PHONSKA PLUS @ 25KG', 'SAK', 167000, 185000, 180000, 180000, 180000, 0, 5, 1),
	(561, '02', 'NPK MUTIARA 1 KG X 24', 'PCS', 9800, 15000, 12000, 12000, 12000, 0, 5, 35),
	(562, '02', 'NPK MUTIARA 50 KG', 'SAK', 418000, 465000, 465000, 465000, 455000, 0, 5, 35),
	(563, '03', 'JAGUNG JAMARA 250 GR X 20', 'PCS', 63000, 75000, 70000, 70000, 70000, 0, 14, 34),
	(564, '04', 'SEMANGKA ELVANO 300 BTR X 10', 'PCS', 98000, 120000, 120000, 120000, 120000, 0, 14, 34),
	(565, '05', 'CALIFORNIA ELZA F1 X 20 ', 'PCS', 16000, 25000, 20000, 20000, 20000, 0, 14, 34),
	(566, '05', 'NAGIN F1 X 10', 'PCS', 35500, 55000, 40000, 40000, 40000, 0, 14, 34),
	(567, '06', 'DAUN SILEDRI SIGO 10 GR X 10', 'PCS', 16000, 25000, 20000, 20000, 20000, 0, 14, 34),
	(568, '06', 'CABE ALIP 10 GR X 15', 'PCS', 15000, 25000, 20000, 20000, 20000, 0, 14, 34),
	(569, '08', 'LABU PREMATOR F1 10 GR X 10', 'PCS', 18000, 25000, 23000, 23000, 23000, 0, 14, 34),
	(570, '09', 'CABE GENDIS 10 GR X 15', 'PCS', 13000, 20000, 18000, 18000, 18000, 0, 14, 34),
	(571, '09', 'CABE TARUNA F1 X 15', 'PCS', 23150, 30000, 28000, 28000, 28000, 0, 14, 24),
	(572, '10', 'TOMAT GUSTAVI 1750 BTR X 20 ', 'PCS', 176400, 185000, 185000, 185000, 185000, 0, 14, 24),
	(573, '11', 'JAGUNG BONANZA 9 FI X 20', 'PCS', 82950, 95000, 90000, 90000, 90000, 0, 14, 24),
	(574, '12', 'BONANZA 9 FI SP X 5', 'PCS', 0, 0, 0, 0, 0, 0, 14, 24),
	(575, '12', 'KACANG KATRINA X 20', 'PCS', 79000, 90000, 85000, 85000, 85000, 0, 14, 18),
	(576, '13', 'TERONG KENARI X 15', 'PCS', 11000, 15000, 13000, 13000, 13000, 0, 14, 18),
	(577, '13', 'MONA FI 10 GR X 15', 'PCS', 99750, 110000, 105000, 105000, 105000, 0, 14, 24),
	(578, '14', 'KANGKUNG BISI 1 KG X 20', 'PCS', 35000, 45000, 42500, 42500, 42000, 0, 14, 15),
	(579, '14', 'KACANG BH 500 GR X 40', 'PCS', 23000, 35000, 30000, 30000, 30000, 0, 14, 15),
	(580, '14', 'JUMP UP 5 LTR X 4', 'JRGN', 257500, 280000, 275000, 275000, 270000, 0, 1, 18),
	(581, '16', 'PRIMAXONE ULTRA 300 SL X 20', 'PCS', 52000, 60000, 57000, 57000, 56000, 1, 1, 27),
	(582, '18', 'JUMP UP 5 LTR X 4', 'JRGN', 257500, 280000, 275000, 275000, 275000, 0, 1, 18),
	(583, '20', 'BIO 88 Tanaman 1ltr x 15', 'btl', 46000, 50000, 50000, 50000, 50000, 0, 17, 11),
	(584, '21', 'GANGGANG CANGKUL', 'PCS', 20000, 25000, 25000, 25000, 25000, 0, 7, 9),
	(585, '22', 'PARANG MALAYSIA', 'PCS', 55000, 85000, 80000, 80000, 80000, 0, 7, 9),
	(586, '24', 'CONFIDOR 100 GR', 'pcs', 29900, 40000, 35000, 35000, 35000, 0, 3, 19),
	(587, '24', 'PAKAN IKAN PIE 02 X 30 KG', 'SAK', 185000, 200000, 200000, 200000, 200000, 0, 23, 28),
	(588, '26', 'PAKAN IKAN PIE 03 X 30 KG', 'SAK', 185000, 200000, 200000, 200000, 200000, 0, 23, 28),
	(589, '25', 'PAKAN IKAN PIE 04 X 30 KG', 'SAK', 185000, 185000, 185000, 185000, 185000, 0, 23, 28),
	(590, '26', 'MALINDO 8202 50 KG', 'SAK', 370000, 385000, 385000, 385000, 380000, 0, 6, 17),
	(591, '27', 'KNAPSACK SPRAYER BANZAI', 'SET', 525000, 600000, 575000, 575000, 575000, 0, 10, 27),
	(592, '26', 'TALI SAMSON X 60', 'ROL', 10000, 20000, 14000, 14000, 14000, 1, 7, 26),
	(593, '32', 'ZPT HANTU 500 ML X 20', 'PCS', 50000, 60000, 55000, 55000, 55000, 0, 12, 9),
	(594, '33', 'NPK HANTU 500 ML', 'PCS', 50000, 60000, 55000, 55000, 55000, 0, 12, 9),
	(595, '34', 'EM 4 PERIKANAN X 15', 'PCS', 17000, 25000, 2000, 20000, 20000, 0, 15, 28),
	(596, '30', 'ATONIK 250 X 30', 'PCS', 28000, 35000, 32000, 32000, 32000, 0, 16, 28),
	(597, '38', 'BAYAMA 10 GR X 10', 'PCS', 7500, 12000, 9000, 9000, 9000, 0, 14, 34),
	(598, '39', 'POLIBEK 18 X 20 ', 'PACK', 0, 0, 0, 0, 0, 0, 7, 5),
	(599, '40', 'POLIBEK 20 X 20', 'PACK', 0, 0, 0, 0, 0, 0, 7, 5),
	(600, '40', 'POLIBEK 20 X 25', 'PACK', 0, 0, 0, 0, 0, 0, 7, 5),
	(601, '41', 'POLIBEK 20 X 30', 'PACK', 0, 0, 0, 0, 0, 0, 7, 5),
	(602, '89', 'POLIBEK 25 X 25', 'PACK', 0, 0, 0, 0, 0, 0, 7, 5),
	(603, '42', 'POLIBEK 25 X 30', 'PACK', 0, 0, 0, 0, 0, 0, 7, 5),
	(604, '43', 'POLIBEK 30 X 30', 'PACK', 0, 0, 0, 0, 0, 0, 7, 5),
	(605, '44', 'POLIBEK 30 X 35', 'PACK', 0, 0, 0, 0, 0, 0, 7, 5),
	(606, '45', 'POLIBEK 35 X 35', 'PACK', 0, 0, 0, 0, 0, 0, 7, 5),
	(607, '46', 'POLIBEK 30 X 40', 'PACK', 0, 0, 0, 0, 0, 0, 7, 5),
	(608, '47', 'POLIBEK 40 X 50', 'PACK', 0, 0, 0, 0, 0, 0, 7, 5),
	(609, '48', 'POLIBEK 40 X 40', 'PACK', 0, 0, 0, 0, 0, 0, 7, 5),
	(610, '231', 'GRAMAQUAT 20 LTR', 'GALON', 1017500, 1060000, 1040000, 1040000, 104000, 1, 1, 20),
	(611, '232', 'FENITE 100 ML X 50', 'PCS', 90000, 115000, 110000, 110000, 110000, 1, 3, 20),
	(612, '233', 'FENITE 200 ML X 20', 'PCS', 173000, 210000, 205000, 205000, 205000, 1, 3, 20),
	(613, '234', 'GALLAN 500 ML X 20', 'BTL', 99850, 110000, 110000, 105000, 110000, 1, 1, 13),
	(614, '235', 'ROUNDUP 200 ML X 20', 'BTL', 19000, 25000, 22000, 22000, 22000, 0, 1, 13),
	(615, '236', 'SUPREMO 500 ML X 50', 'BTL', 33000, 38000, 34500, 34500, 34500, 0, 1, 11),
	(616, '234', 'CONVEY 40ML / 1 LTR X 10', 'KOTAK', 275000, 295000, 295000, 295000, 295000, 1, 1, 22),
	(617, '235', 'CONVEY 2ML / 500 ML X 20', 'KOTAK', 164000, 180000, 175000, 175000, 175000, 1, 1, 22),
	(618, '889', 'pupuk', 'kg', 0, 0, 0, 0, 0, 0, 6, 1);
/*!40000 ALTER TABLE `m_produk` ENABLE KEYS */;

-- membuang struktur untuk table isbt_data.m_produk_kategori
CREATE TABLE IF NOT EXISTS `m_produk_kategori` (
  `ktg_id` int(11) NOT NULL,
  `ktg_nama` varchar(50) NOT NULL,
  PRIMARY KEY (`ktg_id`)
) ENGINE=InnoDB DEFAULT CHARSET=latin1;

-- Membuang data untuk tabel isbt_data.m_produk_kategori: ~20 rows (lebih kurang)
/*!40000 ALTER TABLE `m_produk_kategori` DISABLE KEYS */;
REPLACE INTO `m_produk_kategori` (`ktg_id`, `ktg_nama`) VALUES
	(1, 'HERBISIDA'),
	(2, 'FUNGISIDA'),
	(3, 'INSEKTISIDA'),
	(5, 'PUPUK '),
	(6, 'PAKAN TERNAK'),
	(7, 'ALAT PERTANIAN '),
	(8, 'PLASTIK'),
	(9, 'SPARPAT TANGKI'),
	(10, 'TANGKI'),
	(11, 'TERPAL'),
	(12, 'ZAT PENGATUR TUMBUH'),
	(14, 'BENIH'),
	(15, 'BAKTERISIDA'),
	(16, 'PUPUK BUAH'),
	(17, 'PUPUK DAUN'),
	(19, 'PEREKAT'),
	(20, 'TALI PERTANIAN'),
	(21, 'RODENTISIDA'),
	(22, 'OBAT AYAM'),
	(23, 'PAKAN IKAN');
/*!40000 ALTER TABLE `m_produk_kategori` ENABLE KEYS */;

-- membuang struktur untuk table isbt_data.m_rekening
CREATE TABLE IF NOT EXISTS `m_rekening` (
  `rek_id` int(11) NOT NULL,
  `rek_nomor` varchar(30) NOT NULL,
  PRIMARY KEY (`rek_id`)
) ENGINE=InnoDB DEFAULT CHARSET=latin1;

-- Membuang data untuk tabel isbt_data.m_rekening: ~1 rows (lebih kurang)
/*!40000 ALTER TABLE `m_rekening` DISABLE KEYS */;
REPLACE INTO `m_rekening` (`rek_id`, `rek_nomor`) VALUES
	(1, '1480011365783');
/*!40000 ALTER TABLE `m_rekening` ENABLE KEYS */;

-- membuang struktur untuk table isbt_data.m_sistem
CREATE TABLE IF NOT EXISTS `m_sistem` (
  `sis_id` int(11) NOT NULL,
  `sis_kode` varchar(50) NOT NULL,
  `sis_about` varchar(50) NOT NULL,
  `sis_deskripsi` varchar(100) NOT NULL,
  PRIMARY KEY (`sis_id`)
) ENGINE=InnoDB DEFAULT CHARSET=latin1;

-- Membuang data untuk tabel isbt_data.m_sistem: ~11 rows (lebih kurang)
/*!40000 ALTER TABLE `m_sistem` DISABLE KEYS */;
REPLACE INTO `m_sistem` (`sis_id`, `sis_kode`, `sis_about`, `sis_deskripsi`) VALUES
	(1, 'inf_perusahaan', 'info', 'TOKO INDAH TANI'),
	(2, 'inf_telepon', 'info', '0541-28191190'),
	(3, 'inf_alamat', 'info', 'JL. SAMARINDA'),
	(4, 'inf_kecamatan', 'info', 'LEMPAKE'),
	(5, 'inf_kabupaten', 'info', 'SAMARINDA'),
	(6, 'inf_hp', 'info', '081258173625'),
	(7, 'inf_owner', 'info', 'BASUKI'),
	(8, 'inf_deskripsi', 'info', 'BERDAGANG, SARANA PRODUKSI PERTANIAN DAN PETERNAKAN'),
	(11, 'ppn', 'sistem', '10'),
	(12, 'counter_nota', 'sistem', '9'),
	(13, 'counter_tahun', 'sistem', '2021');
/*!40000 ALTER TABLE `m_sistem` ENABLE KEYS */;

-- membuang struktur untuk table isbt_data.m_supplier
CREATE TABLE IF NOT EXISTS `m_supplier` (
  `sup_id` int(11) NOT NULL,
  `sup_nama` varchar(50) NOT NULL,
  `sup_pj` varchar(50) NOT NULL,
  `sup_alamat` varchar(300) NOT NULL,
  `sup_telp` varchar(15) NOT NULL,
  PRIMARY KEY (`sup_id`)
) ENGINE=InnoDB DEFAULT CHARSET=latin1;

-- Membuang data untuk tabel isbt_data.m_supplier: ~35 rows (lebih kurang)
/*!40000 ALTER TABLE `m_supplier` DISABLE KEYS */;
REPLACE INTO `m_supplier` (`sup_id`, `sup_nama`, `sup_pj`, `sup_alamat`, `sup_telp`) VALUES
	(1, 'PT. PETROKIMIA GRESIK ', 'BPK. ADI', 'JLN. SURABAYA, JAWA TIMUR ', ''),
	(2, 'PT. NEW HOPE', '', 'JL. SURABAYA', ''),
	(3, 'PT. SPARTA', '', 'JL. LAMPUNG', '08117202899'),
	(4, 'PT. AGRICON', 'PAK AGUS', 'BEKASI', ''),
	(5, 'APOLLO STAR PLASTIC', 'PAK CANDRA', 'MALANG JAWA TIMUR', ''),
	(6, 'BUNGA MATAHARI', 'MAS NANANG', 'BALIKPAPAN', ''),
	(7, 'CV. GOLDEN FARM INDONESIA', '', 'JL. KLAMPIS INDAH 1 NO.60 SURABAYA', '082283222777'),
	(8, 'BENIH PERTIWI', 'PAK PUTU', 'BALIKPAPAN', '081350032104'),
	(9, 'CNI', '', 'SAMARINDA', ''),
	(10, 'CV. AGRO JAYA', '', 'JL. SAMARINDA', ''),
	(11, 'DGW (DELTA GIRI WACANA)', 'PAK AMIN', 'SAMARINDA', ''),
	(12, 'DUPHONT', '', 'SAMARINDA', ''),
	(13, 'GOAUTAMA ', 'PAK ELVI', 'SAMARINDA', ''),
	(14, 'PT. SARI KRESNA KIMIA', 'H. SAPRUDIN', 'BENGKURING, SEMPAJA', '085246182113'),
	(15, 'KAPAL TERBANG', 'PAK DANIS', 'JL. BANJARMASIN', '085322270888'),
	(16, 'MEDION', '', 'SAMARINDA', ''),
	(17, 'PT. MALINDO', '', 'SURABAYA, JAWA TIMUR', ''),
	(18, 'UD. TANI JAYA LESTARI', '', 'JL. PADAT KARYA, GANG RINGROAD NO.15C', '085250725752'),
	(19, 'PT. PANCA AGRO NIAGA LESTARI', '', 'KOMPLEK BLUE DOT CENTRE NO. D\r\nJL. GELONG BARU UTAMA TOMANG \r\nJAKARTA BARAT', '021-5573629'),
	(20, 'PT. PETROKIMIA KAYAKU', 'BPK ADI', 'GRESIK, SURABAYA JAWA TIMUR', '08113627096'),
	(21, 'PRIMA KARYA', '', 'JL. RINGROAD JAKARTA', ''),
	(22, 'PAK DAVID SAPROTAN UTAMA', 'DAVID', 'SAMARINDA', ''),
	(23, 'PT. CHROEN POKPHAN INDONESIA', '', 'SAMARINDA', ''),
	(24, 'PANAH MERAH', 'PAK IRFANTO', 'BANDUNG JAWA BARAT', ''),
	(25, 'PRIMAGRO', 'MAS NANANG', 'BALIKPAPAN', ''),
	(26, 'PT. SURYA MANUNGGAL AGROSEJATI', 'PAK KUSWANDI', 'JL. DI PANJAITAN SAMARINDA', ''),
	(27, 'CV. TANI ABADI BORNEO', 'PAK HERU', 'JL. ARTERI SUPADIO Gg. JUTEK RT.02 RW.01 SUNGAI RAYA', '082158121949'),
	(28, 'PT. GANDASAKTI', 'PAK ERWIN', 'SURABAYA JAWA TIMUR', ''),
	(29, 'PT. PETROSIDA GRESIK', '', 'GRESIK JAWA TIMUR', ''),
	(30, 'PT. EXEL MEG INDO', '', 'JAKARTA', ''),
	(31, 'PT. SIERAD PRODUCE TBK', '', 'SIDOARJO', '081348205748'),
	(32, 'PT. WONOKOYO JAYA CORP', '', 'SURABAYA JAWA TIMUR', ''),
	(33, 'BINTANG ASIA', 'H. SAPRUDIN', 'BENGKURING ', ''),
	(34, 'CAP DUA RANTAI', 'BPK. SAYUTI', 'JLN. JEMBER', '081262018211'),
	(35, 'PT. MERAUKE TETAP JAYA', 'BPK. JOHAN', 'JLN. JAKARTA', '');
/*!40000 ALTER TABLE `m_supplier` ENABLE KEYS */;

-- membuang struktur untuk table isbt_data.zx_xvrty
CREATE TABLE IF NOT EXISTS `zx_xvrty` (
  `usr_id` int(11) NOT NULL,
  `usr_nama` varchar(50) NOT NULL,
  `usr_username` varchar(32) NOT NULL,
  `usr_password` varchar(32) NOT NULL,
  `usr_level` int(11) NOT NULL,
  `usr_gdg_id` int(11) DEFAULT NULL,
  `usr_dae_id` int(11) DEFAULT NULL,
  PRIMARY KEY (`usr_id`),
  KEY `I_USER` (`usr_username`,`usr_password`) USING BTREE
) ENGINE=InnoDB DEFAULT CHARSET=latin1;

-- Membuang data untuk tabel isbt_data.zx_xvrty: ~8 rows (lebih kurang)
/*!40000 ALTER TABLE `zx_xvrty` DISABLE KEYS */;
REPLACE INTO `zx_xvrty` (`usr_id`, `usr_nama`, `usr_username`, `usr_password`, `usr_level`, `usr_gdg_id`, `usr_dae_id`) VALUES
	(1, 'Admin', 'admin', 'admin', 0, 3, NULL),
	(3, 'Keu', 'keu', 'keu', 3, 3, NULL),
	(6, 'ALKHU', 'kasir', 'kasir', 5, 3, 1),
	(8, 'BASUKI', 'adm', 'adm', 1, 3, NULL),
	(9, 'Chandra', 'adm2', 'adm2', 5, 3, NULL),
	(10, 'Bayu', 'adm1', 'adm1', 4, 3, NULL),
	(11, 'kasir tes', 'tes', 'tes', 5, 3, 6),
	(12, 'kasir 008', 'kasir008', 'kasir008', 5, 3, 11);
/*!40000 ALTER TABLE `zx_xvrty` ENABLE KEYS */;

/*!40101 SET SQL_MODE=IFNULL(@OLD_SQL_MODE, '') */;
/*!40014 SET FOREIGN_KEY_CHECKS=IF(@OLD_FOREIGN_KEY_CHECKS IS NULL, 1, @OLD_FOREIGN_KEY_CHECKS) */;
/*!40101 SET CHARACTER_SET_CLIENT=@OLD_CHARACTER_SET_CLIENT */;
/*!40111 SET SQL_NOTES=@OLD_SQL_NOTES */;
