-- phpMyAdmin SQL Dump
-- version 4.5.1
-- http://www.phpmyadmin.net
--
-- Host: 127.0.0.1
-- Generation Time: 23 Mei 2020 pada 05.47
-- Versi Server: 10.1.19-MariaDB
-- PHP Version: 5.6.28

SET SQL_MODE = "NO_AUTO_VALUE_ON_ZERO";
SET time_zone = "+00:00";


/*!40101 SET @OLD_CHARACTER_SET_CLIENT=@@CHARACTER_SET_CLIENT */;
/*!40101 SET @OLD_CHARACTER_SET_RESULTS=@@CHARACTER_SET_RESULTS */;
/*!40101 SET @OLD_COLLATION_CONNECTION=@@COLLATION_CONNECTION */;
/*!40101 SET NAMES utf8mb4 */;

--
-- Database: `isbt_data`
--

-- --------------------------------------------------------

--
-- Struktur dari tabel `d_kas`
--

CREATE TABLE `d_kas` (
  `kas_id` varchar(20) NOT NULL,
  `kas_rekening` varchar(30) NOT NULL,
  `kas_uraian` varchar(200) NOT NULL,
  `kas_keterangan` varchar(300) DEFAULT NULL,
  `kas_tanggal` date NOT NULL,
  `kas_jam` time NOT NULL,
  `kas_debet` double DEFAULT NULL,
  `kas_kredit` double DEFAULT NULL,
  `kas_jenis` varchar(20) NOT NULL
) ENGINE=InnoDB DEFAULT CHARSET=latin1;

--
-- Dumping data untuk tabel `d_kas`
--

INSERT INTO `d_kas` (`kas_id`, `kas_rekening`, `kas_uraian`, `kas_keterangan`, `kas_tanggal`, `kas_jam`, `kas_debet`, `kas_kredit`, `kas_jenis`) VALUES
('BLI200215012251', '1480011365783', 'Pembelian [Kredit] ke CNI CALSIUM SUSU 1KG X 20 113 BKS , GEMBOR SENG B 30 PCS , GEMBOR SENG K  176 PCS , KANGKUNG LOKAL 50KG 345 BKS , NPK HANTU 1LTR X 20 19 BTL , NUTRISI 1LTR X 20 20 BTL , PLASTIK ', NULL, '2020-02-15', '14:17:00', NULL, 0, 'beli'),
('BLI200215012913', '1480011365783', 'Pembelian [Kredit] ke CV. GOLDEN FARM INDONESIA DOBELMECTIN 100ML X 50 10 KTK , DOBELMECTIN 250ML X 40 29 KTK , EMPIRE 100ML X 50 22 KTK , VOLTRAZE 100ML X 50 41 KTK ', NULL, '2020-02-15', '14:26:00', NULL, 0, 'beli'),
('BLI200215014035', '1480011365783', 'Pembelian [Kredit] ke CV. TANI ABADI BORNEO PRIMAXONE ULTRA 300 SL X 20 130 PCS , AKI ELEKTRIK 20 KTK , CHARGER ELEKTRIK 43 PCS , CABE SEMESTA X 15 556 BKS , CENTARON 1KG X 20 35 KTK , KNAPSACK NEW CB', NULL, '2020-02-15', '14:29:00', NULL, 0, 'beli'),
('BLI200215020046', '1480011365783', 'Pembelian [Kredit] ke DGW (DELTA GIRI WACANA) BIO 88 Tanaman 1ltr x 15 30 btl , SUPREMO 500 ML X 50 106 BTL , ASTONISH 100ML X 30 59 BTL , ASTONISH 250ML X 48 114 BTL , AVATAR 250ML X 18 23 BTL , AVAT', NULL, '2020-02-15', '14:40:00', NULL, 0, 'beli'),
('BLI200215021807', '1480011365783', 'Pembelian [Kredit] ke CV. TANI ABADI BORNEO PRIMA X 20LTR 6 GALON ', NULL, '2020-02-15', '15:00:00', NULL, 0, 'beli'),
('BLI200215022011', '1480011365783', 'Pembelian [Kredit] ke CNI TALI RAFIA 1KG 10 ROLL ', NULL, '2020-02-15', '15:18:00', NULL, 0, 'beli'),
('BLI200215025322', '1480011365783', 'Pembelian ke CNI TERPAL 4 X 5 5 PCS , TERPAL 2 X 3 12 PCS , TERPAL 3 X 4 1 PCS , TERPAL 5 X 6 3 PCS ', NULL, '2020-02-15', '15:50:00', NULL, 1345000, 'beli'),
('BLI200215025502', '1480011365783', 'Pembelian [Kredit] ke CV. TANI ABADI BORNEO PRIMA X 20LTR 6 GALON ', NULL, '2020-02-15', '15:53:00', NULL, 0, 'beli'),
('BLI200215025852', '1480011365783', 'Pembelian [Kredit] ke DUPHONT ACAPELA 100ML  14 BTL , LANNATE 500GR X 20 159 BKS , PREVATHON 100ML X 40 170 BTL , PREVATHON 250ML X 24 251 BTL ', NULL, '2020-02-15', '15:55:00', NULL, 0, 'beli'),
('BLI200215031511', '1480011365783', 'Pembelian [Kredit] ke GOAUTAMA  NPK YARAMILA 16-16-16 50KG 40 SAK , GALLAN 500 ML X 20 141 BTL , ROUNDUP 200 ML X 20 28 BTL , ANTRACOL 1KG X 12 65 BKS , ANTRACOL 250GR X 40 107 BKS , ANTRACOL 500GR X ', NULL, '2020-02-15', '15:58:00', NULL, 0, 'beli'),
('BLI200215031831', '1480011365783', 'Pembelian ke CNI ASANDAH UMUM 156 BTL ', NULL, '2020-02-15', '16:15:00', NULL, 1560000, 'beli'),
('BLI200215041931', '1480011365783', 'Pembelian [Kredit] ke KAPAL TERBANG KACANG BH 500 GR X 40 295 PCS , AMANDY 400ML X 40 162 BTL , ARIMBI 10GR X 12 462 BKS , ANTABOGA X 12 413 BKS , BOOM PADI K X 30 15 KTK , BHASKARA 10GR X 24 73 BKS ,', NULL, '2020-02-15', '16:18:00', NULL, 0, 'beli'),
('BLI200215114835', '1480011365783', 'Pembelian [Kredit] ke PT. SURYA MANUNGGAL AGROSEJATI TALI SAMSON X 60 1 ROL ', NULL, '2020-02-15', '12:44:00', NULL, 0, 'beli'),
('BLI200215122352', '1480011365783', 'Pembelian [Kredit] ke BENIH PERTIWI EXOTIC X 40 194 BKS , JAMBORE X 40 43 BKS , KACANG PERTIWI X 40 35 BKS , SAWI KUMALA X 15 342 BKS , TIMUN MIRA 25GR X 12 21 BKS ', NULL, '2020-02-15', '13:19:00', NULL, 0, 'beli'),
('BLI200215122540', '1480011365783', 'Pembelian [Kredit] ke APOLLO STAR PLASTIC MULSA KUNCI PUTIH B 15 ROLL , SELANG DRIP INFUS 49 KTK ', NULL, '2020-02-15', '13:23:00', NULL, 0, 'beli'),
('BLI200215122746', '1480011365783', 'Pembelian [Kredit] ke BINTANG ASIA MELON LEONY X 10 108 BKS , MONAS X 10 73 BKS , SIGANTUNG 10GR X 15 141 BKS ', NULL, '2020-02-15', '13:25:00', NULL, 0, 'beli'),
('BLI200215122919', '1480011365783', 'Pembelian [Kredit] ke BUNGA MATAHARI ANJASMARA 10GR X 20 194 BKS , DJITU 10GR X 20 89 BKS , MAHAMERU 10GR X 20 81 BKS ', NULL, '2020-02-15', '13:27:00', NULL, 0, 'beli'),
('BLI200215123434', '1480011365783', 'Pembelian ke CAP DUA RANTAI JAGUNG JAMARA 250 GR X 20 49 PCS , SEMANGKA ELVANO 300 BTR X 10 8 PCS , CALIFORNIA ELZA F1 X 20  31 PCS , NAGIN F1 X 10 382 PCS , DAUN SILEDRI SIGO 10 GR X 10 40 PCS , CABE', NULL, '2020-02-15', '13:30:00', NULL, 31870300, 'beli'),
('BLI200423111656', '1480011365783', 'Pembelian ke BENIH PERTIWI ', NULL, '2020-04-24', '00:16:00', NULL, 0, 'beli'),
('JL200424075658', '1480011365783', 'Penjualan ke Customer Umum JAGUNG JAMARA 250 GR X 20 1 PCS , SEMANGKA ELVANO 300 BTR X 10 1 PCS ', NULL, '2020-04-24', '20:56:00', 195000, NULL, 'jual'),
('JL200424080604', '1480011365783', 'Penjualan ke Customer Umum JAGUNG JAMARA 250 GR X 20 1 PCS , SEMANGKA ELVANO 300 BTR X 10 1 PCS ', NULL, '2020-04-24', '21:05:00', 195000, NULL, 'jual'),
('JL200522030537', '1480011365783', 'Penjualan ke Customer BPK. ALI SUMARDI JAGUNG JAMARA 250 GR X 20 1 PCS , SEMANGKA ELVANO 300 BTR X 10 1 PCS , NAGIN F1 X 10 1 PCS , CALIFORNIA ELZA F1 X 20  1 PCS , CABE ALIP 10 GR X 15 1 PCS , DAUN S', NULL, '2020-05-22', '16:05:00', 313000, NULL, 'jual'),
('JL200522030957', '1480011365783', 'Penjualan ke Customer BPK. ALI SUMARDI JAGUNG JAMARA 250 GR X 20 1 PCS ', NULL, '2020-05-22', '16:05:00', 70000, NULL, 'jual');

-- --------------------------------------------------------

--
-- Struktur dari tabel `d_nota`
--

CREATE TABLE `d_nota` (
  `nota_id` varchar(15) NOT NULL,
  `nota_asal` int(11) NOT NULL,
  `nota_tujuan` int(11) NOT NULL,
  `nota_tanggal` date NOT NULL,
  `nota_jam` time NOT NULL,
  `nota_diskon` double NOT NULL DEFAULT '0',
  `nota_ppn` double NOT NULL DEFAULT '0',
  `nota_total` double NOT NULL DEFAULT '0',
  `nota_cb` varchar(50) NOT NULL,
  `nota_pj` varchar(50) NOT NULL,
  `nota_iskredit` int(11) NOT NULL DEFAULT '0',
  `nota_isverifikasi` int(11) NOT NULL DEFAULT '0',
  `nota_jenis` varchar(10) NOT NULL COMMENT 'BELI;JUAL;PINDAH',
  `nota_ref_id` varchar(15) DEFAULT NULL
) ENGINE=InnoDB DEFAULT CHARSET=latin1;

--
-- Dumping data untuk tabel `d_nota`
--

INSERT INTO `d_nota` (`nota_id`, `nota_asal`, `nota_tujuan`, `nota_tanggal`, `nota_jam`, `nota_diskon`, `nota_ppn`, `nota_total`, `nota_cb`, `nota_pj`, `nota_iskredit`, `nota_isverifikasi`, `nota_jenis`, `nota_ref_id`) VALUES
('200215012251', 9, 1, '2020-02-15', '14:17:00', 0, 0, 0, 'NURDIN ADINATA', 'rani', 1, 1, 'BELI', NULL),
('200215012913', 7, 1, '2020-02-15', '14:26:00', 0, 0, 0, 'NURDIN ADINATA', 'rani', 1, 1, 'BELI', NULL),
('200215014035', 27, 1, '2020-02-15', '14:29:00', 0, 10, 0, 'NURDIN ADINATA', 'rani', 1, 1, 'BELI', NULL),
('200215020046', 11, 1, '2020-02-15', '14:40:00', 0, 0, 0, 'NURDIN ADINATA', 'rani', 1, 1, 'BELI', NULL),
('200215021807', 27, 1, '2020-02-15', '15:00:00', 0, 0, 0, 'NURDIN ADINATA', 'rani', 1, 1, 'BELI', NULL),
('200215022011', 9, 1, '2020-02-15', '15:18:00', 0, 0, 0, 'NURDIN ADINATA', 'rani', 1, 1, 'BELI', NULL),
('200215025322', 9, 1, '2020-02-15', '15:50:00', 0, 0, 1345000, 'NURDIN ADINATA', 'rani', 0, 1, 'BELI', NULL),
('200215025502', 27, 1, '2020-02-15', '15:53:00', 0, 10, 0, 'NURDIN ADINATA', 'rani', 1, 1, 'BELI', NULL),
('200215025852', 12, 1, '2020-02-15', '15:55:00', 0, 0, 0, 'NURDIN ADINATA', 'rani', 1, 1, 'BELI', NULL),
('200215031511', 13, 1, '2020-02-15', '15:58:00', 0, 10, 0, 'NURDIN ADINATA', 'rani', 1, 1, 'BELI', NULL),
('200215031831', 9, 1, '2020-02-15', '16:15:00', 0, 0, 1560000, 'NURDIN ADINATA', 'rani', 0, 1, 'BELI', NULL),
('200215041931', 15, 1, '2020-02-15', '16:18:00', 0, 10, 0, 'NURDIN ADINATA', 'rani', 1, 1, 'BELI', NULL),
('200215114835', 26, 1, '2020-02-15', '12:44:00', 0, 0, 0, 'NURDIN ADINATA', 'norani', 1, 1, 'BELI', NULL),
('200215122352', 8, 1, '2020-02-15', '13:19:00', 0, 0, 0, 'NURDIN ADINATA', 'nurdin adinata', 1, 1, 'BELI', NULL),
('200215122540', 5, 1, '2020-02-15', '13:23:00', 0, 0, 0, 'NURDIN ADINATA', 'nurdin adinata', 1, 1, 'BELI', NULL),
('200215122746', 33, 1, '2020-02-15', '13:25:00', 0, 0, 0, 'NURDIN ADINATA', 'nurdin adinata', 1, 1, 'BELI', NULL),
('200215122919', 6, 1, '2020-02-15', '13:27:00', 0, 0, 0, 'NURDIN ADINATA', 'nurdin adinata', 1, 1, 'BELI', NULL),
('200215123434', 34, 1, '2020-02-15', '13:30:00', 0, 0, 31870300, 'NURDIN ADINATA', 'nurdin adinata', 0, 1, 'BELI', NULL),
('200219024821', 1, 3, '2020-02-19', '03:47:00', 0, 0, 0, 'NURDIN ADINATA', 'MAS NATA', 0, 1, 'PINDAH', NULL),
('200219024954', 1, 3, '2020-02-19', '03:48:00', 0, 0, 0, 'NURDIN ADINATA', 'MAS NATA', 0, 1, 'PINDAH', NULL),
('200219025059', 1, 3, '2020-02-19', '03:49:00', 0, 0, 0, 'NURDIN ADINATA', 'MAS NATA', 0, 1, 'PINDAH', NULL),
('200219025203', 1, 3, '2020-02-19', '03:51:00', 0, 0, 0, 'NURDIN ADINATA', 'MAS NATA', 0, 1, 'PINDAH', NULL),
('200219025255', 1, 3, '2020-02-19', '03:52:00', 0, 0, 0, 'NURDIN ADINATA', 'MAS NATA', 0, 1, 'PINDAH', NULL),
('200219025352', 1, 3, '2020-02-19', '03:52:00', 0, 0, 0, 'NURDIN ADINATA', 'MAS NATA', 0, 1, 'PINDAH', NULL),
('200417104617', 1, 3, '2020-04-17', '11:45:00', 0, 0, 0, 'NURDIN ADINATA', 'MAS NATA', 0, 1, 'PINDAH', NULL),
('200417104743', 1, 3, '2020-04-17', '11:46:00', 0, 0, 0, 'NURDIN ADINATA', 'MAS NATA', 0, 1, 'PINDAH', NULL),
('200417104858', 1, 3, '2020-04-17', '11:47:00', 0, 0, 0, 'NURDIN ADINATA', 'MAS NATA', 0, 1, 'PINDAH', NULL),
('200417105009', 1, 3, '2020-04-17', '11:48:00', 0, 0, 0, 'NURDIN ADINATA', 'MAS NATA', 0, 1, 'PINDAH', NULL),
('200417105129', 1, 3, '2020-04-17', '11:50:00', 0, 0, 0, 'NURDIN ADINATA', 'MAS NATA', 0, 1, 'PINDAH', NULL),
('200417105252', 1, 3, '2020-04-17', '11:51:00', 0, 0, 0, 'NURDIN ADINATA', 'MAS NATA', 0, 1, 'PINDAH', NULL),
('200417105410', 1, 3, '2020-04-17', '11:52:00', 0, 0, 0, 'NURDIN ADINATA', 'MAS NATA', 0, 1, 'PINDAH', NULL),
('200417105526', 1, 3, '2020-04-17', '11:54:00', 0, 0, 0, 'NURDIN ADINATA', 'MAS NATA', 0, 1, 'PINDAH', NULL),
('200417105649', 1, 3, '2020-04-17', '11:55:00', 0, 0, 0, 'NURDIN ADINATA', 'MAS NATA', 0, 1, 'PINDAH', NULL),
('200417105758', 1, 3, '2020-04-17', '11:56:00', 0, 0, 0, 'NURDIN ADINATA', 'MAS NATA', 0, 1, 'PINDAH', NULL),
('200417105932', 1, 3, '2020-04-17', '11:57:00', 0, 0, 0, 'NURDIN ADINATA', 'MAS NATA', 0, 1, 'PINDAH', NULL),
('200417105958', 1, 3, '2020-04-17', '11:59:00', 0, 0, 0, 'NURDIN ADINATA', 'MAS NATA', 0, 1, 'PINDAH', NULL),
('200423111656', 8, 1, '2020-04-24', '00:16:00', 0, 0, 0, 'NURDIN ADINATA', 'rani', 0, 1, 'BELI', NULL),
('200424075658', 3, 0, '2020-04-24', '20:56:00', 0, 0, 195000, 'ALKHU', 'ALKHU', 0, 1, 'JUAL', NULL),
('200424080604', 3, 0, '2020-04-24', '21:05:00', 0, 0, 195000, 'ALKHU', 'ALKHU', 0, 1, 'JUAL', NULL),
('200522030537', 3, 7, '2020-05-22', '16:05:00', 0, 0, 313000, 'ALKHU', 'ALKHU', 0, 1, 'JUAL', NULL),
('200522030957', 3, 7, '2020-05-22', '16:05:00', 0, 0, 70000, 'ALKHU', 'ALKHU', 0, 1, 'JUAL', NULL);

-- --------------------------------------------------------

--
-- Struktur dari tabel `d_nota_detail`
--

CREATE TABLE `d_nota_detail` (
  `dtn_id` varchar(20) NOT NULL,
  `dtn_prd_id` varchar(20) NOT NULL,
  `dtn_hargabeli` double NOT NULL DEFAULT '0',
  `dtn_hargajual` double NOT NULL DEFAULT '0',
  `dtn_jumlah` double NOT NULL DEFAULT '0',
  `dtn_nota_id` varchar(15) NOT NULL
) ENGINE=InnoDB DEFAULT CHARSET=latin1;

--
-- Dumping data untuk tabel `d_nota_detail`
--

INSERT INTO `d_nota_detail` (`dtn_id`, `dtn_prd_id`, `dtn_hargabeli`, `dtn_hargajual`, `dtn_jumlah`, `dtn_nota_id`) VALUES
('2002150122512tvob', '423', 90000, 0, 19, '200215012251'),
('2002150122516QCsS', '356', 75000, 0, 30, '200215012251'),
('20021501225172QKW', '380', 37000, 0, 345, '200215012251'),
('200215012251i1ebH', '309', 17000, 0, 113, '200215012251'),
('200215012251IkFyg', '453', 16000, 0, 32, '200215012251'),
('200215012251lVAUF', '424', 90000, 0, 16, '200215012251'),
('200215012251Mvmc4', '443', 9000, 0, 98, '200215012251'),
('200215012251sOzw8', '355', 50000, 0, 176, '200215012251'),
('200215012251xZtiT', '454', 16000, 0, 181, '200215012251'),
('200215012251yArUv', '430', 24000, 0, 20, '200215012251'),
('200215012251yoctV', '525', 22500, 0, 153, '200215012251'),
('200215012913CA1xn', '242', 110000, 0, 29, '200215012913'),
('200215012913d1KXo', '241', 45000, 0, 10, '200215012913'),
('200215012913sUv3l', '246', 57500, 0, 41, '200215012913'),
('200215012913UzAJS', '243', 70000, 0, 22, '200215012913'),
('20021501403505FWX', '512', 7500, 0, 5, '200215014035'),
('2002150140351FDSv', '300', 60000, 0, 43, '200215014035'),
('2002150140357kCNw', '433', 12500, 0, 14, '200215014035'),
('2002150140359EBiq', '437', 160000, 0, 155, '200215014035'),
('2002150140359FzrQ', '296', 17500, 0, 556, '200215014035'),
('200215014035bJvSl', '515', 260000, 0, 21, '200215014035'),
('200215014035BZR8l', '472', 43500, 0, 546, '200215014035'),
('200215014035CGb6H', '260', 160000, 0, 20, '200215014035'),
('200215014035CVwF7', '428', 48000, 0, 243, '200215014035'),
('200215014035EwtD2', '494', 15000, 0, 20, '200215014035'),
('200215014035Fnel9', '521', 15000, 0, 31, '200215014035'),
('200215014035IOj7L', '370', 24000, 0, 325, '200215014035'),
('200215014035JI7Qt', '436', 34000, 0, 718, '200215014035'),
('200215014035LSkyw', '473', 210000, 0, 102, '200215014035'),
('200215014035orm4g', '458', 48000, 0, 2093, '200215014035'),
('200215014035p2NqR', '311', 122500, 0, 35, '200215014035'),
('200215014035PrYoR', '457', 233000, 0, 633, '200215014035'),
('200215014035T2nCr', '471', 140000, 0, 17, '200215014035'),
('200215014035v0Rfb', '470', 27500, 0, 5, '200215014035'),
('200215014035w6YRK', '581', 52000, 0, 130, '200215014035'),
('200215014035WRiV8', '432', 12500, 0, 10, '200215014035'),
('200215014035ygeBw', '284', 10000, 0, 7, '200215014035'),
('20021502004606KkY', '305', 135000, 0, 58, '200215020046'),
('2002150200462rgyA', '529', 222000, 0, 165, '200215020046'),
('2002150200463EjDG', '250', 186000, 0, 57, '200215020046'),
('2002150200464liIH', '583', 46000, 0, 30, '200215020046'),
('2002150200466RLPy', '615', 31500, 0, 106, '200215020046'),
('2002150200468RUHk', '341', 100000, 0, 59, '200215020046'),
('2002150200469i5Lc', '249', 255000, 0, 23, '200215020046'),
('200215020046AIXZh', '411', 54750, 0, 92, '200215020046'),
('200215020046bSNac', '528', 57500, 0, 216, '200215020046'),
('200215020046CTXUR', '288', 202300, 0, 59, '200215020046'),
('200215020046EtYnX', '321', 93250, 0, 276, '200215020046'),
('200215020046f71dW', '448', 30900, 0, 70, '200215020046'),
('200215020046imTc0', '449', 56500, 0, 91, '200215020046'),
('200215020046ISrYh', '251', 37600, 0, 6, '200215020046'),
('200215020046J6AYF', '383', 80100, 0, 250, '200215020046'),
('200215020046JkUwG', '322', 153000, 0, 55, '200215020046'),
('200215020046Jqxea', '485', 35300, 0, 294, '200215020046'),
('200215020046jY1nG', '293', 76300, 0, 7, '200215020046'),
('200215020046K7zNI', '274', 22900, 0, 59, '200215020046'),
('200215020046Q2qtn', '510', 53000, 0, 240, '200215020046'),
('200215020046QErnX', '381', 18000, 0, 211, '200215020046'),
('200215020046QUCTk', '507', 60800, 0, 4, '200215020046'),
('200215020046r5sq9', '511', 202000, 0, 8, '200215020046'),
('200215020046rK4m9', '553', 143000, 0, 103, '200215020046'),
('200215020046SdCri', '410', 23450, 0, 120, '200215020046'),
('200215020046sSMkg', '313', 77000, 0, 26, '200215020046'),
('200215020046UbuYq', '287', 53000, 0, 195, '200215020046'),
('200215020046uSskD', '382', 33500, 0, 296, '200215020046'),
('200215020046UY3uc', '550', 4350, 0, 5, '200215020046'),
('200215020046Vj2y1', '323', 225000, 0, 1611, '200215020046'),
('200215020046vP8O9', '248', 99000, 0, 14, '200215020046'),
('200215020046wmsI9', '406', 132850, 0, 60, '200215020046'),
('200215020046y60oi', '285', 78000, 0, 85, '200215020046'),
('200215020046ZbtNd', '252', 52550, 0, 114, '200215020046'),
('200215020046Zl205', '299', 41900, 0, 33, '200215020046'),
('200215021807Bw7KI', '474', 800000, 0, 6, '200215021807'),
('200215022011izXwd', '549', 20000, 0, 10, '200215022011'),
('2002150253223Ztic', '536', 60000, 0, 1, '200215025322'),
('200215025322G3fXl', '540', 150000, 0, 3, '200215025322'),
('200215025322OU7iJ', '537', 95000, 0, 5, '200215025322'),
('200215025322rEnDq', '535', 30000, 0, 12, '200215025322'),
('200215025502Jf4Ss', '474', 800000, 0, 6, '200215025502'),
('2002150258529WgOs', '459', 64500, 0, 170, '200215025852'),
('200215025852H8eY0', '258', 80000, 0, 14, '200215025852'),
('200215025852IrX2F', '404', 78500, 0, 159, '200215025852'),
('200215025852W0ECj', '460', 124000, 0, 251, '200215025852'),
('2002150315119XWbP', '479', 1230000, 0, 9, '200215031511'),
('200215031511aGkSy', '263', 32000, 0, 107, '200215031511'),
('200215031511AMsdL', '329', 13500, 0, 164, '200215031511'),
('200215031511c2pWX', '326', 23000, 0, 253, '200215031511'),
('200215031511cb0TW', '339', 37500, 0, 73, '200215031511'),
('200215031511DuL0d', '328', 103000, 0, 243, '200215031511'),
('200215031511dw674', '265', 123000, 0, 65, '200215031511'),
('200215031511Fl5ZJ', '482', 78500, 0, 84, '200215031511'),
('200215031511I26lf', '478', 283400, 0, 64, '200215031511'),
('200215031511jcTP5', '343', 34200, 0, 203, '200215031511'),
('200215031511jfZDi', '477', 76000, 0, 850, '200215031511'),
('200215031511jVGwA', '614', 19000, 0, 28, '200215031511'),
('200215031511kzj17', '552', 245000, 0, 27, '200215031511'),
('200215031511LlDAR', '331', 49500, 0, 124, '200215031511'),
('200215031511n18uX', '342', 18250, 0, 152, '200215031511'),
('200215031511nc1N8', '333', 52000, 0, 279, '200215031511'),
('200215031511oakuC', '613', 99850, 0, 141, '200215031511'),
('200215031511peaTm', '264', 63000, 0, 311, '200215031511'),
('200215031511PUwYD', '483', 150000, 0, 96, '200215031511'),
('200215031511Qmenc', '487', 37000, 0, 261, '200215031511'),
('200215031511qTAvU', '481', 31600, 0, 288, '200215031511'),
('200215031511qUwW9', '330', 30000, 0, 85, '200215031511'),
('200215031511s2ri9', '319', 62000, 0, 190, '200215031511'),
('200215031511TjJg2', '480', 16750, 0, 485, '200215031511'),
('200215031511vJ9SK', '429', 450000, 0, 40, '200215031511'),
('200215031511vz9SP', '318', 25500, 0, 770, '200215031511'),
('200215031511Ww9du', '317', 14000, 0, 2315, '200215031511'),
('200215031511z3cT7', '416', 72500, 0, 158, '200215031511'),
('200215031511Zr5q0', '327', 53000, 0, 179, '200215031511'),
('2002150318316LqoV', '271', 10000, 0, 156, '200215031831'),
('2002150419310m6RU', '128', 77237, 0, 43, '200215041931'),
('2002150419311gDbE', '117', 50000, 0, 230, '200215041931'),
('2002150419313Mifq', '140', 49500, 0, 2399, '200215041931'),
('2002150419314IYRb', '127', 71000, 0, 125, '200215041931'),
('200215041931aLNfw', '146', 25850, 0, 403, '200215041931'),
('200215041931CWGkS', '134', 28000, 0, 70, '200215041931'),
('200215041931eO1ky', '133', 32500, 0, 53, '200215041931'),
('200215041931Ff9vI', '109', 45000, 0, 146, '200215041931'),
('200215041931g9kcZ', '139', 30000, 0, 551, '200215041931'),
('200215041931gKirb', '104', 260000, 0, 38, '200215041931'),
('200215041931gr6vH', '103', 54000, 0, 559, '200215041931'),
('200215041931j52B6', '464', 56000, 0, 24, '200215041931'),
('200215041931kSfd4', '142', 49000, 0, 181, '200215041931'),
('200215041931M78H5', '144', 55000, 0, 73, '200215041931'),
('200215041931mC8Ev', '120', 33000, 0, 162, '200215041931'),
('200215041931myoFY', '107', 230000, 0, 30, '200215041931'),
('200215041931n0iVl', '147', 137500, 0, 315, '200215041931'),
('200215041931NmPld', '148', 139500, 0, 462, '200215041931'),
('200215041931NSqWv', '115', 56999, 0, 454, '200215041931'),
('200215041931oDtGY', '141', 27900, 0, 136, '200215041931'),
('200215041931pbMZr', '262', 48000, 0, 413, '200215041931'),
('200215041931R4XMf', '112', 280000, 0, 38, '200215041931'),
('200215041931Rd3Ml', '143', 46500, 0, 506, '200215041931'),
('200215041931RlvmL', '122', 110000, 0, 40, '200215041931'),
('200215041931RO8wV', '125', 52500, 0, 91, '200215041931'),
('200215041931Sa9n0', '579', 23000, 0, 295, '200215041931'),
('200215041931tHI0c', '116', 275000, 0, 57, '200215041931'),
('200215041931tUuv9', '110', 205000, 0, 10, '200215041931'),
('200215041931UXmP4', '126', 30000, 0, 299, '200215041931'),
('200215041931V5PXS', '365', 13000, 0, 83, '200215041931'),
('200215041931VE7sv', '145', 24750, 0, 580, '200215041931'),
('200215041931Xwfp7', '111', 57000, 0, 186, '200215041931'),
('200215041931Yb2oU', '129', 78100, 0, 96, '200215041931'),
('200215041931YFU2X', '138', 70000, 0, 184, '200215041931'),
('200215041931YzDSJ', '462', 28000, 0, 175, '200215041931'),
('200215041931ZqhIt', '131', 77000, 0, 15, '200215041931'),
('200215114835NK2Xl', '592', 10000, 0, 1, '200215114835'),
('200215122352dvmFX', '340', 85000, 0, 194, '200215122352'),
('200215122352ha8m3', '435', 80000, 0, 35, '200215122352'),
('200215122352HIg2D', '366', 25000, 0, 43, '200215122352'),
('200215122352JBVYR', '498', 7500, 0, 342, '200215122352'),
('200215122352YX6Oo', '544', 50000, 0, 21, '200215122352'),
('2002151225409360Y', '493', 100000, 0, 49, '200215122540'),
('200215122540GQWas', '387', 521000, 0, 15, '200215122540'),
('200215122746K1vBz', '545', 43500, 0, 73, '200215122746'),
('200215122746l6T8N', '412', 167500, 0, 108, '200215122746'),
('200215122746Z9ny6', '325', 20000, 0, 141, '200215122746'),
('200215122919iZPDN', '238', 22000, 0, 81, '200215122919'),
('200215122919LZKqg', '237', 26000, 0, 194, '200215122919'),
('200215122919SK7Lr', '239', 135000, 0, 89, '200215122919'),
('200215123434cB95T', '564', 98000, 0, 8, '200215123434'),
('200215123434cuZy7', '565', 16000, 0, 31, '200215123434'),
('200215123434HkWwv', '566', 35500, 0, 382, '200215123434'),
('200215123434I09Xf', '559', 6600, 0, 883, '200215123434'),
('200215123434ndT8S', '569', 18000, 0, 92, '200215123434'),
('200215123434ouCZR', '570', 13000, 0, 147, '200215123434'),
('200215123434qsMza', '567', 16000, 0, 40, '200215123434'),
('200215123434QT1ci', '597', 7500, 0, 235, '200215123434'),
('200215123434Ri2Uy', '568', 15000, 0, 143, '200215123434'),
('200215123434uwCiX', '563', 63000, 0, 49, '200215123434'),
('200424075658HwKIL', '564', 98000, 120000, 1, '200424075658'),
('200424075658QMPWJ', '563', 63000, 75000, 1, '200424075658'),
('20042408060484FQe', '563', 63000, 75000, 1, '200424080604'),
('200424080604zcaOK', '564', 98000, 120000, 1, '200424080604'),
('2005220305371Og3d', '564', 98000, 120000, 1, '200522030537'),
('2005220305373CJxp', '563', 63000, 70000, 1, '200522030537'),
('200522030537dKITp', '567', 16000, 20000, 1, '200522030537'),
('200522030537GA7Uq', '565', 16000, 20000, 1, '200522030537'),
('200522030537mN6jB', '566', 35500, 40000, 1, '200522030537'),
('200522030537wheIQ', '568', 15000, 20000, 1, '200522030537'),
('200522030537ZtHjR', '569', 18000, 23000, 1, '200522030537'),
('2005220309578gjUQ', '563', 63000, 70000, 1, '200522030957'),
('D_2002190248210qA', '569', 0, 0, 92, '200219024821'),
('D_2002190248217Mf', '566', 0, 0, 382, '200219024821'),
('D_200219024821I86', '563', 0, 0, 49, '200219024821'),
('D_200219024821iT7', '567', 0, 0, 40, '200219024821'),
('D_200219024821n8w', '581', 0, 0, 130, '200219024821'),
('D_200219024821rEe', '565', 0, 0, 31, '200219024821'),
('D_200219024821sbj', '579', 0, 0, 295, '200219024821'),
('D_200219024821tpb', '568', 0, 0, 143, '200219024821'),
('D_200219024821UjG', '564', 0, 0, 8, '200219024821'),
('D_200219024821XNa', '570', 0, 0, 147, '200219024821'),
('D_200219024954eSq', '614', 0, 0, 28, '200219024954'),
('D_200219024954gt6', '583', 0, 0, 30, '200219024954'),
('D_200219024954gYU', '613', 0, 0, 141, '200219024954'),
('D_200219024954IOK', '597', 0, 0, 235, '200219024954'),
('D_200219024954o2O', '592', 0, 0, 1, '200219024954'),
('D_200219024954pvq', '535', 0, 0, 12, '200219024954'),
('D_200219024954tOc', '536', 0, 0, 1, '200219024954'),
('D_200219024954vxG', '537', 0, 0, 5, '200219024954'),
('D_200219024954ypk', '615', 0, 0, 106, '200219024954'),
('D_200219024954yPL', '429', 0, 0, 40, '200219024954'),
('D_200219025059aSX', '540', 0, 0, 3, '200219025059'),
('D_200219025059dG9', '264', 0, 0, 311, '200219025059'),
('D_200219025059FeI', '263', 0, 0, 107, '200219025059'),
('D_200219025059M25', '258', 0, 0, 14, '200219025059'),
('D_200219025059Tba', '274', 0, 0, 59, '200219025059'),
('D_200219025059uFh', '265', 0, 0, 65, '200219025059'),
('D_200219025059wDC', '148', 0, 0, 462, '200219025059'),
('D_200219025059wqZ', '237', 0, 0, 194, '200219025059'),
('D_200219025059yq8', '120', 0, 0, 162, '200219025059'),
('D_200219025059zES', '260', 0, 0, 20, '200219025059'),
('D_20021902520356d', '252', 0, 0, 114, '200219025203'),
('D_200219025203C9L', '288', 0, 0, 59, '200219025203'),
('D_200219025203EV5', '249', 0, 0, 23, '200219025203'),
('D_200219025203fiS', '262', 0, 0, 413, '200219025203'),
('D_200219025203GiI', '271', 0, 0, 156, '200219025203'),
('D_200219025203KAm', '285', 0, 0, 85, '200219025203'),
('D_200219025203nmG', '144', 0, 0, 73, '200219025203'),
('D_200219025203rdN', '248', 0, 0, 14, '200219025203'),
('D_200219025203xkz', '287', 0, 0, 195, '200219025203'),
('D_200219025203zYC', '131', 0, 0, 15, '200219025203'),
('D_2002190252554TC', '125', 0, 0, 91, '200219025255'),
('D_200219025255e3u', '145', 0, 0, 580, '200219025255'),
('D_200219025255EY0', '313', 0, 0, 26, '200219025255'),
('D_200219025255gq8', '128', 0, 0, 43, '200219025255'),
('D_200219025255ks2', '147', 0, 0, 315, '200219025255'),
('D_200219025255OCi', '300', 0, 0, 43, '200219025255'),
('D_200219025255r2K', '293', 0, 0, 7, '200219025255'),
('D_200219025255vXB', '250', 0, 0, 57, '200219025255'),
('D_200219025255XWI', '305', 0, 0, 58, '200219025255'),
('D_200219025255yQX', '299', 0, 0, 33, '200219025255'),
('D_2002190253523lo', '296', 0, 0, 556, '200219025352'),
('D_2002190253526Pc', '311', 0, 0, 35, '200219025352'),
('D_2002190253528gV', '239', 0, 0, 89, '200219025352'),
('D_200219025352ERT', '318', 0, 0, 770, '200219025352'),
('D_200219025352kgC', '309', 0, 0, 113, '200219025352'),
('D_200219025352lEW', '317', 0, 0, 2315, '200219025352'),
('D_200219025352r7n', '319', 0, 0, 190, '200219025352'),
('D_200219025352R9U', '242', 0, 0, 25, '200219025352'),
('D_200219025352TjY', '323', 0, 0, 1611, '200219025352'),
('D_200219025352Tza', '241', 0, 0, 10, '200219025352'),
('D_2004171046170qA', '242', 0, 0, 4, '200417104617'),
('D_200417104617eSq', '326', 0, 0, 253, '200417104617'),
('D_200417104617gt6', '329', 0, 0, 164, '200417104617'),
('D_200417104617gYU', '251', 0, 0, 6, '200417104617'),
('D_200417104617n8w', '322', 0, 0, 55, '200417104617'),
('D_200417104617pvq', '331', 0, 0, 124, '200417104617'),
('D_200417104617sbj', '333', 0, 0, 279, '200417104617'),
('D_200417104617XNa', '321', 0, 0, 276, '200417104617'),
('D_200417104617ypk', '327', 0, 0, 179, '200417104617'),
('D_200417104617yPL', '330', 0, 0, 85, '200417104617'),
('D_200417104743e3u', '122', 0, 0, 40, '200417104743'),
('D_200417104743IOK', '339', 0, 0, 73, '200417104743'),
('D_200417104743ks2', '343', 0, 0, 203, '200417104743'),
('D_200417104743o2O', '328', 0, 0, 243, '200417104743'),
('D_200417104743OCi', '341', 0, 0, 59, '200417104743'),
('D_200417104743r2K', '146', 0, 0, 403, '200417104743'),
('D_200417104743tOc', '243', 0, 0, 22, '200417104743'),
('D_200417104743vxG', '340', 0, 0, 194, '200417104743'),
('D_200417104743XWI', '342', 0, 0, 152, '200417104743'),
('D_200417104743yQX', '133', 0, 0, 53, '200417104743'),
('D_200417104858BhE', '380', 0, 0, 345, '200417104858'),
('D_200417104858eaG', '355', 0, 0, 176, '200417104858'),
('D_200417104858iGc', '142', 0, 0, 181, '200417104858'),
('D_200417104858KoB', '559', 0, 0, 883, '200417104858'),
('D_200417104858mPn', '366', 0, 0, 43, '200417104858'),
('D_200417104858Sga', '140', 0, 0, 2399, '200417104858'),
('D_200417104858SMn', '365', 0, 0, 83, '200417104858'),
('D_200417104858x8G', '356', 0, 0, 30, '200417104858'),
('D_200417104858xCW', '139', 0, 0, 551, '200417104858'),
('D_200417104858Y2z', '141', 0, 0, 136, '200417104858'),
('D_2004171050090CM', '382', 0, 0, 296, '200417105009'),
('D_2004171050091G7', '435', 0, 0, 35, '200417105009'),
('D_2004171050092nT', '410', 0, 0, 120, '200417105009'),
('D_200417105009873', '381', 0, 0, 211, '200417105009'),
('D_200417105009A5r', '404', 0, 0, 159, '200417105009'),
('D_200417105009adk', '515', 0, 0, 21, '200417105009'),
('D_200417105009LNQ', '406', 0, 0, 60, '200417105009'),
('D_200417105009O8w', '383', 0, 0, 250, '200417105009'),
('D_200417105009t5q', '143', 0, 0, 506, '200417105009'),
('D_200417105009x9Q', '411', 0, 0, 92, '200417105009'),
('D_2004171051294TC', '238', 0, 0, 81, '200417105129'),
('D_200417105129cEz', '545', 0, 0, 73, '200417105129'),
('D_200417105129EY0', '412', 0, 0, 108, '200417105129'),
('D_200417105129gq8', '134', 0, 0, 70, '200417105129'),
('D_200417105129HtZ', '416', 0, 0, 158, '200417105129'),
('D_200417105129MTL', '432', 0, 0, 10, '200417105129'),
('D_200417105129PJ6', '428', 0, 0, 243, '200417105129'),
('D_200417105129vXB', '387', 0, 0, 15, '200417105129'),
('D_200417105129x95', '370', 0, 0, 325, '200417105129'),
('D_200417105129YcA', '423', 0, 0, 19, '200417105129'),
('D_20041710525208i', '443', 0, 0, 98, '200417105252'),
('D_2004171052524dU', '138', 0, 0, 184, '200417105252'),
('D_2004171052524pf', '116', 0, 0, 57, '200417105252'),
('D_2004171052529EC', '453', 0, 0, 32, '200417105252'),
('D_200417105252cde', '470', 0, 0, 5, '200417105252'),
('D_200417105252DBh', '454', 0, 0, 181, '200417105252'),
('D_200417105252DJh', '471', 0, 0, 17, '200417105252'),
('D_200417105252f4Q', '448', 0, 0, 70, '200417105252'),
('D_200417105252GYC', '115', 0, 0, 454, '200417105252'),
('D_200417105252MXz', '430', 0, 0, 20, '200417105252'),
('D_2004171054101UI', '458', 0, 0, 2093, '200417105410'),
('D_2004171054102hu', '462', 0, 0, 175, '200417105410'),
('D_2004171054104da', '437', 0, 0, 155, '200417105410'),
('D_2004171054106Dq', '457', 0, 0, 633, '200417105410'),
('D_200417105410fC4', '436', 0, 0, 718, '200417105410'),
('D_200417105410fRI', '129', 0, 0, 96, '200417105410'),
('D_200417105410Gcd', '449', 0, 0, 91, '200417105410'),
('D_200417105410VUg', '472', 0, 0, 546, '200417105410'),
('D_200417105410Ypx', '474', 0, 0, 12, '200417105410'),
('D_200417105410zXv', '473', 0, 0, 102, '200417105410'),
('D_2004171055263Xh', '477', 0, 0, 850, '200417105526'),
('D_2004171055265Wh', '479', 0, 0, 9, '200417105526'),
('D_200417105526jpK', '103', 0, 0, 559, '200417105526'),
('D_200417105526LGM', '459', 0, 0, 170, '200417105526'),
('D_200417105526Ooq', '104', 0, 0, 38, '200417105526'),
('D_200417105526shu', '478', 0, 0, 64, '200417105526'),
('D_200417105526sRQ', '111', 0, 0, 186, '200417105526'),
('D_200417105526TjZ', '464', 0, 0, 24, '200417105526'),
('D_200417105526Vl6', '460', 0, 0, 251, '200417105526'),
('D_200417105526wml', '112', 0, 0, 38, '200417105526'),
('D_20041710564946z', '480', 0, 0, 485, '200417105649'),
('D_20041710564953X', '483', 0, 0, 96, '200417105649'),
('D_200417105649bBU', '110', 0, 0, 10, '200417105649'),
('D_200417105649DnR', '481', 0, 0, 288, '200417105649'),
('D_200417105649lmb', '487', 0, 0, 261, '200417105649'),
('D_200417105649mw7', '107', 0, 0, 30, '200417105649'),
('D_200417105649O1q', '109', 0, 0, 146, '200417105649'),
('D_200417105649Ppe', '485', 0, 0, 294, '200417105649'),
('D_200417105649vKp', '482', 0, 0, 84, '200417105649'),
('D_200417105649Wqa', '493', 0, 0, 49, '200417105649'),
('D_2004171057582dS', '507', 0, 0, 4, '200417105758'),
('D_2004171057588xa', '510', 0, 0, 240, '200417105758'),
('D_200417105758kan', '528', 0, 0, 216, '200417105758'),
('D_200417105758ldQ', '325', 0, 0, 141, '200417105758'),
('D_200417105758lx7', '433', 0, 0, 14, '200417105758'),
('D_200417105758N4O', '512', 0, 0, 5, '200417105758'),
('D_200417105758nOp', '498', 0, 0, 342, '200417105758'),
('D_200417105758PxS', '494', 0, 0, 20, '200417105758'),
('D_200417105758URT', '529', 0, 0, 165, '200417105758'),
('D_200417105758zYO', '521', 0, 0, 31, '200417105758'),
('D_20041710593204k', '284', 0, 0, 7, '200417105932'),
('D_2004171059321pP', '117', 0, 0, 230, '200417105932'),
('D_2004171059326TI', '511', 0, 0, 8, '200417105932'),
('D_200417105932DnT', '552', 0, 0, 27, '200417105932'),
('D_200417105932Hnx', '549', 0, 0, 10, '200417105932'),
('D_200417105932Ihq', '246', 0, 0, 41, '200417105932'),
('D_200417105932leC', '525', 0, 0, 153, '200417105932'),
('D_200417105932uBW', '553', 0, 0, 103, '200417105932'),
('D_200417105932xN5', '550', 0, 0, 5, '200417105932'),
('D_200417105932YCV', '544', 0, 0, 21, '200417105932'),
('D_2004171059583aE', '126', 0, 0, 299, '200417105958'),
('D_200417105958Dxy', '424', 0, 0, 16, '200417105958'),
('D_200417105958e5q', '127', 0, 0, 125, '200417105958');

-- --------------------------------------------------------

--
-- Struktur dari tabel `d_operasional`
--

CREATE TABLE `d_operasional` (
  `ope_id` varchar(20) NOT NULL,
  `ope_uraian` varchar(200) NOT NULL,
  `ope_biaya` double DEFAULT NULL,
  `ope_nota_id` varchar(15) NOT NULL
) ENGINE=InnoDB DEFAULT CHARSET=latin1;

-- --------------------------------------------------------

--
-- Struktur dari tabel `d_pembayaran`
--

CREATE TABLE `d_pembayaran` (
  `pmb_id` int(11) NOT NULL,
  `pmb_tanggal` date NOT NULL,
  `pmb_jam` time NOT NULL,
  `pmb_nominal` double NOT NULL DEFAULT '0',
  `pmb_nota_id` varchar(15) DEFAULT NULL,
  `pmb_sup_id` int(11) DEFAULT NULL
) ENGINE=InnoDB DEFAULT CHARSET=latin1;

-- --------------------------------------------------------

--
-- Struktur dari tabel `d_requestnota`
--

CREATE TABLE `d_requestnota` (
  `rnota_id` varchar(15) NOT NULL,
  `rnota_asal` int(11) NOT NULL,
  `rnota_tujuan` int(11) NOT NULL,
  `rnota_tanggal` date NOT NULL,
  `rnota_jam` time NOT NULL,
  `rnota_cb` varchar(50) NOT NULL,
  `rnota_pj` varchar(50) NOT NULL,
  `rnota_iskonfirmasi` int(11) NOT NULL DEFAULT '0'
) ENGINE=InnoDB DEFAULT CHARSET=latin1;

-- --------------------------------------------------------

--
-- Struktur dari tabel `d_requestnota_detail`
--

CREATE TABLE `d_requestnota_detail` (
  `dtrn_id` varchar(20) NOT NULL,
  `dtrn_prd_id` varchar(20) NOT NULL,
  `dtrn_jumlah` double NOT NULL DEFAULT '0',
  `dtrn_nota_id` varchar(15) NOT NULL
) ENGINE=InnoDB DEFAULT CHARSET=latin1;

-- --------------------------------------------------------

--
-- Struktur dari tabel `d_saldo`
--

CREATE TABLE `d_saldo` (
  `sld_id` int(11) NOT NULL,
  `sld_tahun` year(4) NOT NULL,
  `sld_rekening` varchar(30) NOT NULL,
  `sld_debet` double DEFAULT NULL,
  `sld_kredit` double DEFAULT NULL
) ENGINE=InnoDB DEFAULT CHARSET=latin1;

--
-- Dumping data untuk tabel `d_saldo`
--

INSERT INTO `d_saldo` (`sld_id`, `sld_tahun`, `sld_rekening`, `sld_debet`, `sld_kredit`) VALUES
(1, 2019, '000XXX', 800000000, NULL),
(2, 2019, '1480011365783', 800000000, NULL);

-- --------------------------------------------------------

--
-- Struktur dari tabel `d_stok`
--

CREATE TABLE `d_stok` (
  `stk_id` varchar(20) NOT NULL,
  `stk_prd_id` varchar(20) NOT NULL,
  `stk_nota_id` varchar(20) NOT NULL,
  `stk_tanggal` date NOT NULL,
  `stk_jam` time NOT NULL,
  `stk_jumlah` double NOT NULL,
  `stk_gdg_id` int(11) NOT NULL
) ENGINE=InnoDB DEFAULT CHARSET=latin1;

--
-- Dumping data untuk tabel `d_stok`
--

INSERT INTO `d_stok` (`stk_id`, `stk_prd_id`, `stk_nota_id`, `stk_tanggal`, `stk_jam`, `stk_jumlah`, `stk_gdg_id`) VALUES
('2002150122512tvob', '423', '200215012251', '2020-02-15', '14:17:00', 19, 1),
('2002150122516QCsS', '356', '200215012251', '2020-02-15', '14:17:00', 30, 1),
('20021501225172QKW', '380', '200215012251', '2020-02-15', '14:17:00', 345, 1),
('200215012251i1ebH', '309', '200215012251', '2020-02-15', '14:17:00', 113, 1),
('200215012251IkFyg', '453', '200215012251', '2020-02-15', '14:17:00', 32, 1),
('200215012251lVAUF', '424', '200215012251', '2020-02-15', '14:17:00', 16, 1),
('200215012251Mvmc4', '443', '200215012251', '2020-02-15', '14:17:00', 98, 1),
('200215012251sOzw8', '355', '200215012251', '2020-02-15', '14:17:00', 176, 1),
('200215012251xZtiT', '454', '200215012251', '2020-02-15', '14:17:00', 181, 1),
('200215012251yArUv', '430', '200215012251', '2020-02-15', '14:17:00', 20, 1),
('200215012251yoctV', '525', '200215012251', '2020-02-15', '14:17:00', 153, 1),
('200215012913CA1xn', '242', '200215012913', '2020-02-15', '14:26:00', 29, 1),
('200215012913d1KXo', '241', '200215012913', '2020-02-15', '14:26:00', 10, 1),
('200215012913sUv3l', '246', '200215012913', '2020-02-15', '14:26:00', 41, 1),
('200215012913UzAJS', '243', '200215012913', '2020-02-15', '14:26:00', 22, 1),
('20021501403505FWX', '512', '200215014035', '2020-02-15', '14:29:00', 5, 1),
('2002150140351FDSv', '300', '200215014035', '2020-02-15', '14:29:00', 43, 1),
('2002150140357kCNw', '433', '200215014035', '2020-02-15', '14:29:00', 14, 1),
('2002150140359EBiq', '437', '200215014035', '2020-02-15', '14:29:00', 155, 1),
('2002150140359FzrQ', '296', '200215014035', '2020-02-15', '14:29:00', 556, 1),
('200215014035bJvSl', '515', '200215014035', '2020-02-15', '14:29:00', 21, 1),
('200215014035BZR8l', '472', '200215014035', '2020-02-15', '14:29:00', 546, 1),
('200215014035CGb6H', '260', '200215014035', '2020-02-15', '14:29:00', 20, 1),
('200215014035CVwF7', '428', '200215014035', '2020-02-15', '14:29:00', 243, 1),
('200215014035EwtD2', '494', '200215014035', '2020-02-15', '14:29:00', 20, 1),
('200215014035Fnel9', '521', '200215014035', '2020-02-15', '14:29:00', 31, 1),
('200215014035IOj7L', '370', '200215014035', '2020-02-15', '14:29:00', 325, 1),
('200215014035JI7Qt', '436', '200215014035', '2020-02-15', '14:29:00', 718, 1),
('200215014035LSkyw', '473', '200215014035', '2020-02-15', '14:29:00', 102, 1),
('200215014035orm4g', '458', '200215014035', '2020-02-15', '14:29:00', 2093, 1),
('200215014035p2NqR', '311', '200215014035', '2020-02-15', '14:29:00', 35, 1),
('200215014035PrYoR', '457', '200215014035', '2020-02-15', '14:29:00', 633, 1),
('200215014035T2nCr', '471', '200215014035', '2020-02-15', '14:29:00', 17, 1),
('200215014035v0Rfb', '470', '200215014035', '2020-02-15', '14:29:00', 5, 1),
('200215014035w6YRK', '581', '200215014035', '2020-02-15', '14:29:00', 130, 1),
('200215014035WRiV8', '432', '200215014035', '2020-02-15', '14:29:00', 10, 1),
('200215014035ygeBw', '284', '200215014035', '2020-02-15', '14:29:00', 7, 1),
('20021502004606KkY', '305', '200215020046', '2020-02-15', '14:40:00', 58, 1),
('2002150200462rgyA', '529', '200215020046', '2020-02-15', '14:40:00', 165, 1),
('2002150200463EjDG', '250', '200215020046', '2020-02-15', '14:40:00', 57, 1),
('2002150200464liIH', '583', '200215020046', '2020-02-15', '14:40:00', 30, 1),
('2002150200466RLPy', '615', '200215020046', '2020-02-15', '14:40:00', 106, 1),
('2002150200468RUHk', '341', '200215020046', '2020-02-15', '14:40:00', 59, 1),
('2002150200469i5Lc', '249', '200215020046', '2020-02-15', '14:40:00', 23, 1),
('200215020046AIXZh', '411', '200215020046', '2020-02-15', '14:40:00', 92, 1),
('200215020046bSNac', '528', '200215020046', '2020-02-15', '14:40:00', 216, 1),
('200215020046CTXUR', '288', '200215020046', '2020-02-15', '14:40:00', 59, 1),
('200215020046EtYnX', '321', '200215020046', '2020-02-15', '14:40:00', 276, 1),
('200215020046f71dW', '448', '200215020046', '2020-02-15', '14:40:00', 70, 1),
('200215020046imTc0', '449', '200215020046', '2020-02-15', '14:40:00', 91, 1),
('200215020046ISrYh', '251', '200215020046', '2020-02-15', '14:40:00', 6, 1),
('200215020046J6AYF', '383', '200215020046', '2020-02-15', '14:40:00', 250, 1),
('200215020046JkUwG', '322', '200215020046', '2020-02-15', '14:40:00', 55, 1),
('200215020046Jqxea', '485', '200215020046', '2020-02-15', '14:40:00', 294, 1),
('200215020046jY1nG', '293', '200215020046', '2020-02-15', '14:40:00', 7, 1),
('200215020046K7zNI', '274', '200215020046', '2020-02-15', '14:40:00', 59, 1),
('200215020046Q2qtn', '510', '200215020046', '2020-02-15', '14:40:00', 240, 1),
('200215020046QErnX', '381', '200215020046', '2020-02-15', '14:40:00', 211, 1),
('200215020046QUCTk', '507', '200215020046', '2020-02-15', '14:40:00', 4, 1),
('200215020046r5sq9', '511', '200215020046', '2020-02-15', '14:40:00', 8, 1),
('200215020046rK4m9', '553', '200215020046', '2020-02-15', '14:40:00', 103, 1),
('200215020046SdCri', '410', '200215020046', '2020-02-15', '14:40:00', 120, 1),
('200215020046sSMkg', '313', '200215020046', '2020-02-15', '14:40:00', 26, 1),
('200215020046UbuYq', '287', '200215020046', '2020-02-15', '14:40:00', 195, 1),
('200215020046uSskD', '382', '200215020046', '2020-02-15', '14:40:00', 296, 1),
('200215020046UY3uc', '550', '200215020046', '2020-02-15', '14:40:00', 5, 1),
('200215020046Vj2y1', '323', '200215020046', '2020-02-15', '14:40:00', 1611, 1),
('200215020046vP8O9', '248', '200215020046', '2020-02-15', '14:40:00', 14, 1),
('200215020046wmsI9', '406', '200215020046', '2020-02-15', '14:40:00', 60, 1),
('200215020046y60oi', '285', '200215020046', '2020-02-15', '14:40:00', 85, 1),
('200215020046ZbtNd', '252', '200215020046', '2020-02-15', '14:40:00', 114, 1),
('200215020046Zl205', '299', '200215020046', '2020-02-15', '14:40:00', 33, 1),
('200215021807Bw7KI', '474', '200215021807', '2020-02-15', '15:00:00', 6, 1),
('200215022011izXwd', '549', '200215022011', '2020-02-15', '15:18:00', 10, 1),
('2002150253223Ztic', '536', '200215025322', '2020-02-15', '15:50:00', 1, 1),
('200215025322G3fXl', '540', '200215025322', '2020-02-15', '15:50:00', 3, 1),
('200215025322OU7iJ', '537', '200215025322', '2020-02-15', '15:50:00', 5, 1),
('200215025322rEnDq', '535', '200215025322', '2020-02-15', '15:50:00', 12, 1),
('200215025502Jf4Ss', '474', '200215025502', '2020-02-15', '15:53:00', 6, 1),
('2002150258529WgOs', '459', '200215025852', '2020-02-15', '15:55:00', 170, 1),
('200215025852H8eY0', '258', '200215025852', '2020-02-15', '15:55:00', 14, 1),
('200215025852IrX2F', '404', '200215025852', '2020-02-15', '15:55:00', 159, 1),
('200215025852W0ECj', '460', '200215025852', '2020-02-15', '15:55:00', 251, 1),
('2002150315119XWbP', '479', '200215031511', '2020-02-15', '15:58:00', 9, 1),
('200215031511aGkSy', '263', '200215031511', '2020-02-15', '15:58:00', 107, 1),
('200215031511AMsdL', '329', '200215031511', '2020-02-15', '15:58:00', 164, 1),
('200215031511c2pWX', '326', '200215031511', '2020-02-15', '15:58:00', 253, 1),
('200215031511cb0TW', '339', '200215031511', '2020-02-15', '15:58:00', 73, 1),
('200215031511DuL0d', '328', '200215031511', '2020-02-15', '15:58:00', 243, 1),
('200215031511dw674', '265', '200215031511', '2020-02-15', '15:58:00', 65, 1),
('200215031511Fl5ZJ', '482', '200215031511', '2020-02-15', '15:58:00', 84, 1),
('200215031511I26lf', '478', '200215031511', '2020-02-15', '15:58:00', 64, 1),
('200215031511jcTP5', '343', '200215031511', '2020-02-15', '15:58:00', 203, 1),
('200215031511jfZDi', '477', '200215031511', '2020-02-15', '15:58:00', 850, 1),
('200215031511jVGwA', '614', '200215031511', '2020-02-15', '15:58:00', 28, 1),
('200215031511kzj17', '552', '200215031511', '2020-02-15', '15:58:00', 27, 1),
('200215031511LlDAR', '331', '200215031511', '2020-02-15', '15:58:00', 124, 1),
('200215031511n18uX', '342', '200215031511', '2020-02-15', '15:58:00', 152, 1),
('200215031511nc1N8', '333', '200215031511', '2020-02-15', '15:58:00', 279, 1),
('200215031511oakuC', '613', '200215031511', '2020-02-15', '15:58:00', 141, 1),
('200215031511peaTm', '264', '200215031511', '2020-02-15', '15:58:00', 311, 1),
('200215031511PUwYD', '483', '200215031511', '2020-02-15', '15:58:00', 96, 1),
('200215031511Qmenc', '487', '200215031511', '2020-02-15', '15:58:00', 261, 1),
('200215031511qTAvU', '481', '200215031511', '2020-02-15', '15:58:00', 288, 1),
('200215031511qUwW9', '330', '200215031511', '2020-02-15', '15:58:00', 85, 1),
('200215031511s2ri9', '319', '200215031511', '2020-02-15', '15:58:00', 190, 1),
('200215031511TjJg2', '480', '200215031511', '2020-02-15', '15:58:00', 485, 1),
('200215031511vJ9SK', '429', '200215031511', '2020-02-15', '15:58:00', 40, 1),
('200215031511vz9SP', '318', '200215031511', '2020-02-15', '15:58:00', 770, 1),
('200215031511Ww9du', '317', '200215031511', '2020-02-15', '15:58:00', 2315, 1),
('200215031511z3cT7', '416', '200215031511', '2020-02-15', '15:58:00', 158, 1),
('200215031511Zr5q0', '327', '200215031511', '2020-02-15', '15:58:00', 179, 1),
('2002150318316LqoV', '271', '200215031831', '2020-02-15', '16:15:00', 156, 1),
('2002150419310m6RU', '128', '200215041931', '2020-02-15', '16:18:00', 43, 1),
('2002150419311gDbE', '117', '200215041931', '2020-02-15', '16:18:00', 230, 1),
('2002150419313Mifq', '140', '200215041931', '2020-02-15', '16:18:00', 2399, 1),
('2002150419314IYRb', '127', '200215041931', '2020-02-15', '16:18:00', 125, 1),
('200215041931aLNfw', '146', '200215041931', '2020-02-15', '16:18:00', 403, 1),
('200215041931CWGkS', '134', '200215041931', '2020-02-15', '16:18:00', 70, 1),
('200215041931eO1ky', '133', '200215041931', '2020-02-15', '16:18:00', 53, 1),
('200215041931Ff9vI', '109', '200215041931', '2020-02-15', '16:18:00', 146, 1),
('200215041931g9kcZ', '139', '200215041931', '2020-02-15', '16:18:00', 551, 1),
('200215041931gKirb', '104', '200215041931', '2020-02-15', '16:18:00', 38, 1),
('200215041931gr6vH', '103', '200215041931', '2020-02-15', '16:18:00', 559, 1),
('200215041931j52B6', '464', '200215041931', '2020-02-15', '16:18:00', 24, 1),
('200215041931kSfd4', '142', '200215041931', '2020-02-15', '16:18:00', 181, 1),
('200215041931M78H5', '144', '200215041931', '2020-02-15', '16:18:00', 73, 1),
('200215041931mC8Ev', '120', '200215041931', '2020-02-15', '16:18:00', 162, 1),
('200215041931myoFY', '107', '200215041931', '2020-02-15', '16:18:00', 30, 1),
('200215041931n0iVl', '147', '200215041931', '2020-02-15', '16:18:00', 315, 1),
('200215041931NmPld', '148', '200215041931', '2020-02-15', '16:18:00', 462, 1),
('200215041931NSqWv', '115', '200215041931', '2020-02-15', '16:18:00', 454, 1),
('200215041931oDtGY', '141', '200215041931', '2020-02-15', '16:18:00', 136, 1),
('200215041931pbMZr', '262', '200215041931', '2020-02-15', '16:18:00', 413, 1),
('200215041931R4XMf', '112', '200215041931', '2020-02-15', '16:18:00', 38, 1),
('200215041931Rd3Ml', '143', '200215041931', '2020-02-15', '16:18:00', 506, 1),
('200215041931RlvmL', '122', '200215041931', '2020-02-15', '16:18:00', 40, 1),
('200215041931RO8wV', '125', '200215041931', '2020-02-15', '16:18:00', 91, 1),
('200215041931Sa9n0', '579', '200215041931', '2020-02-15', '16:18:00', 295, 1),
('200215041931tHI0c', '116', '200215041931', '2020-02-15', '16:18:00', 57, 1),
('200215041931tUuv9', '110', '200215041931', '2020-02-15', '16:18:00', 10, 1),
('200215041931UXmP4', '126', '200215041931', '2020-02-15', '16:18:00', 299, 1),
('200215041931V5PXS', '365', '200215041931', '2020-02-15', '16:18:00', 83, 1),
('200215041931VE7sv', '145', '200215041931', '2020-02-15', '16:18:00', 580, 1),
('200215041931Xwfp7', '111', '200215041931', '2020-02-15', '16:18:00', 186, 1),
('200215041931Yb2oU', '129', '200215041931', '2020-02-15', '16:18:00', 96, 1),
('200215041931YFU2X', '138', '200215041931', '2020-02-15', '16:18:00', 184, 1),
('200215041931YzDSJ', '462', '200215041931', '2020-02-15', '16:18:00', 175, 1),
('200215041931ZqhIt', '131', '200215041931', '2020-02-15', '16:18:00', 15, 1),
('200215114835NK2Xl', '592', '200215114835', '2020-02-15', '12:44:00', 1, 1),
('200215122352dvmFX', '340', '200215122352', '2020-02-15', '13:19:00', 194, 1),
('200215122352ha8m3', '435', '200215122352', '2020-02-15', '13:19:00', 35, 1),
('200215122352HIg2D', '366', '200215122352', '2020-02-15', '13:19:00', 43, 1),
('200215122352JBVYR', '498', '200215122352', '2020-02-15', '13:19:00', 342, 1),
('200215122352YX6Oo', '544', '200215122352', '2020-02-15', '13:19:00', 21, 1),
('2002151225409360Y', '493', '200215122540', '2020-02-15', '13:23:00', 49, 1),
('200215122540GQWas', '387', '200215122540', '2020-02-15', '13:23:00', 15, 1),
('200215122746K1vBz', '545', '200215122746', '2020-02-15', '13:25:00', 73, 1),
('200215122746l6T8N', '412', '200215122746', '2020-02-15', '13:25:00', 108, 1),
('200215122746Z9ny6', '325', '200215122746', '2020-02-15', '13:25:00', 141, 1),
('200215122919iZPDN', '238', '200215122919', '2020-02-15', '13:27:00', 81, 1),
('200215122919LZKqg', '237', '200215122919', '2020-02-15', '13:27:00', 194, 1),
('200215122919SK7Lr', '239', '200215122919', '2020-02-15', '13:27:00', 89, 1),
('200215123434cB95T', '564', '200215123434', '2020-02-15', '13:30:00', 8, 1),
('200215123434cuZy7', '565', '200215123434', '2020-02-15', '13:30:00', 31, 1),
('200215123434HkWwv', '566', '200215123434', '2020-02-15', '13:30:00', 382, 1),
('200215123434I09Xf', '559', '200215123434', '2020-02-15', '13:30:00', 883, 1),
('200215123434ndT8S', '569', '200215123434', '2020-02-15', '13:30:00', 92, 1),
('200215123434ouCZR', '570', '200215123434', '2020-02-15', '13:30:00', 147, 1),
('200215123434qsMza', '567', '200215123434', '2020-02-15', '13:30:00', 40, 1),
('200215123434QT1ci', '597', '200215123434', '2020-02-15', '13:30:00', 235, 1),
('200215123434Ri2Uy', '568', '200215123434', '2020-02-15', '13:30:00', 143, 1),
('200215123434uwCiX', '563', '200215123434', '2020-02-15', '13:30:00', 49, 1),
('200424075658HwKIL', '564', '200424075658', '2020-04-24', '20:56:00', -1, 3),
('200424075658QMPWJ', '563', '200424075658', '2020-04-24', '20:56:00', -1, 3),
('20042408060484FQe', '563', '200424080604', '2020-04-24', '21:05:00', -1, 3),
('200424080604zcaOK', '564', '200424080604', '2020-04-24', '21:05:00', -1, 3),
('2005220305371Og3d', '564', '200522030537', '2020-05-22', '16:05:00', -1, 3),
('2005220305373CJxp', '563', '200522030537', '2020-05-22', '16:05:00', -1, 3),
('200522030537dKITp', '567', '200522030537', '2020-05-22', '16:05:00', -1, 3),
('200522030537GA7Uq', '565', '200522030537', '2020-05-22', '16:05:00', -1, 3),
('200522030537mN6jB', '566', '200522030537', '2020-05-22', '16:05:00', -1, 3),
('200522030537wheIQ', '568', '200522030537', '2020-05-22', '16:05:00', -1, 3),
('200522030537ZtHjR', '569', '200522030537', '2020-05-22', '16:05:00', -1, 3),
('2005220309578gjUQ', '563', '200522030957', '2020-05-22', '16:05:00', -1, 3),
('A_2002190248210qA', '569', '200219024821', '2020-02-19', '03:47:00', -92, 1),
('A_2002190248217Mf', '566', '200219024821', '2020-02-19', '03:47:00', -382, 1),
('A_200219024821I86', '563', '200219024821', '2020-02-19', '03:47:00', -49, 1),
('A_200219024821iT7', '567', '200219024821', '2020-02-19', '03:47:00', -40, 1),
('A_200219024821n8w', '581', '200219024821', '2020-02-19', '03:47:00', -130, 1),
('A_200219024821rEe', '565', '200219024821', '2020-02-19', '03:47:00', -31, 1),
('A_200219024821sbj', '579', '200219024821', '2020-02-19', '03:47:00', -295, 1),
('A_200219024821tpb', '568', '200219024821', '2020-02-19', '03:47:00', -143, 1),
('A_200219024821UjG', '564', '200219024821', '2020-02-19', '03:47:00', -8, 1),
('A_200219024821XNa', '570', '200219024821', '2020-02-19', '03:47:00', -147, 1),
('A_200219024954eSq', '614', '200219024954', '2020-02-19', '03:48:00', -28, 1),
('A_200219024954gt6', '583', '200219024954', '2020-02-19', '03:48:00', -30, 1),
('A_200219024954gYU', '613', '200219024954', '2020-02-19', '03:48:00', -141, 1),
('A_200219024954IOK', '597', '200219024954', '2020-02-19', '03:48:00', -235, 1),
('A_200219024954o2O', '592', '200219024954', '2020-02-19', '03:48:00', -1, 1),
('A_200219024954pvq', '535', '200219024954', '2020-02-19', '03:48:00', -12, 1),
('A_200219024954tOc', '536', '200219024954', '2020-02-19', '03:48:00', -1, 1),
('A_200219024954vxG', '537', '200219024954', '2020-02-19', '03:48:00', -5, 1),
('A_200219024954ypk', '615', '200219024954', '2020-02-19', '03:48:00', -106, 1),
('A_200219024954yPL', '429', '200219024954', '2020-02-19', '03:48:00', -40, 1),
('A_200219025059aSX', '540', '200219025059', '2020-02-19', '03:49:00', -3, 1),
('A_200219025059dG9', '264', '200219025059', '2020-02-19', '03:49:00', -311, 1),
('A_200219025059FeI', '263', '200219025059', '2020-02-19', '03:49:00', -107, 1),
('A_200219025059M25', '258', '200219025059', '2020-02-19', '03:49:00', -14, 1),
('A_200219025059Tba', '274', '200219025059', '2020-02-19', '03:49:00', -59, 1),
('A_200219025059uFh', '265', '200219025059', '2020-02-19', '03:49:00', -65, 1),
('A_200219025059wDC', '148', '200219025059', '2020-02-19', '03:49:00', -462, 1),
('A_200219025059wqZ', '237', '200219025059', '2020-02-19', '03:49:00', -194, 1),
('A_200219025059yq8', '120', '200219025059', '2020-02-19', '03:49:00', -162, 1),
('A_200219025059zES', '260', '200219025059', '2020-02-19', '03:49:00', -20, 1),
('A_20021902520356d', '252', '200219025203', '2020-02-19', '03:51:00', -114, 1),
('A_200219025203C9L', '288', '200219025203', '2020-02-19', '03:51:00', -59, 1),
('A_200219025203EV5', '249', '200219025203', '2020-02-19', '03:51:00', -23, 1),
('A_200219025203fiS', '262', '200219025203', '2020-02-19', '03:51:00', -413, 1),
('A_200219025203GiI', '271', '200219025203', '2020-02-19', '03:51:00', -156, 1),
('A_200219025203KAm', '285', '200219025203', '2020-02-19', '03:51:00', -85, 1),
('A_200219025203nmG', '144', '200219025203', '2020-02-19', '03:51:00', -73, 1),
('A_200219025203rdN', '248', '200219025203', '2020-02-19', '03:51:00', -14, 1),
('A_200219025203xkz', '287', '200219025203', '2020-02-19', '03:51:00', -195, 1),
('A_200219025203zYC', '131', '200219025203', '2020-02-19', '03:51:00', -15, 1),
('A_2002190252554TC', '125', '200219025255', '2020-02-19', '03:52:00', -91, 1),
('A_200219025255e3u', '145', '200219025255', '2020-02-19', '03:52:00', -580, 1),
('A_200219025255EY0', '313', '200219025255', '2020-02-19', '03:52:00', -26, 1),
('A_200219025255gq8', '128', '200219025255', '2020-02-19', '03:52:00', -43, 1),
('A_200219025255ks2', '147', '200219025255', '2020-02-19', '03:52:00', -315, 1),
('A_200219025255OCi', '300', '200219025255', '2020-02-19', '03:52:00', -43, 1),
('A_200219025255r2K', '293', '200219025255', '2020-02-19', '03:52:00', -7, 1),
('A_200219025255vXB', '250', '200219025255', '2020-02-19', '03:52:00', -57, 1),
('A_200219025255XWI', '305', '200219025255', '2020-02-19', '03:52:00', -58, 1),
('A_200219025255yQX', '299', '200219025255', '2020-02-19', '03:52:00', -33, 1),
('A_2002190253523lo', '296', '200219025352', '2020-02-19', '03:52:00', -556, 1),
('A_2002190253526Pc', '311', '200219025352', '2020-02-19', '03:52:00', -35, 1),
('A_2002190253528gV', '239', '200219025352', '2020-02-19', '03:52:00', -89, 1),
('A_200219025352ERT', '318', '200219025352', '2020-02-19', '03:52:00', -770, 1),
('A_200219025352kgC', '309', '200219025352', '2020-02-19', '03:52:00', -113, 1),
('A_200219025352lEW', '317', '200219025352', '2020-02-19', '03:52:00', -2315, 1),
('A_200219025352r7n', '319', '200219025352', '2020-02-19', '03:52:00', -190, 1),
('A_200219025352R9U', '242', '200219025352', '2020-02-19', '03:52:00', -25, 1),
('A_200219025352TjY', '323', '200219025352', '2020-02-19', '03:52:00', -1611, 1),
('A_200219025352Tza', '241', '200219025352', '2020-02-19', '03:52:00', -10, 1),
('A_2004171046170qA', '242', '200417104617', '2020-04-17', '11:45:00', -4, 1),
('A_200417104617eSq', '326', '200417104617', '2020-04-17', '11:45:00', -253, 1),
('A_200417104617gt6', '329', '200417104617', '2020-04-17', '11:45:00', -164, 1),
('A_200417104617gYU', '251', '200417104617', '2020-04-17', '11:45:00', -6, 1),
('A_200417104617n8w', '322', '200417104617', '2020-04-17', '11:45:00', -55, 1),
('A_200417104617pvq', '331', '200417104617', '2020-04-17', '11:45:00', -124, 1),
('A_200417104617sbj', '333', '200417104617', '2020-04-17', '11:45:00', -279, 1),
('A_200417104617XNa', '321', '200417104617', '2020-04-17', '11:45:00', -276, 1),
('A_200417104617ypk', '327', '200417104617', '2020-04-17', '11:45:00', -179, 1),
('A_200417104617yPL', '330', '200417104617', '2020-04-17', '11:45:00', -85, 1),
('A_200417104743e3u', '122', '200417104743', '2020-04-17', '11:46:00', -40, 1),
('A_200417104743IOK', '339', '200417104743', '2020-04-17', '11:46:00', -73, 1),
('A_200417104743ks2', '343', '200417104743', '2020-04-17', '11:46:00', -203, 1),
('A_200417104743o2O', '328', '200417104743', '2020-04-17', '11:46:00', -243, 1),
('A_200417104743OCi', '341', '200417104743', '2020-04-17', '11:46:00', -59, 1),
('A_200417104743r2K', '146', '200417104743', '2020-04-17', '11:46:00', -403, 1),
('A_200417104743tOc', '243', '200417104743', '2020-04-17', '11:46:00', -22, 1),
('A_200417104743vxG', '340', '200417104743', '2020-04-17', '11:46:00', -194, 1),
('A_200417104743XWI', '342', '200417104743', '2020-04-17', '11:46:00', -152, 1),
('A_200417104743yQX', '133', '200417104743', '2020-04-17', '11:46:00', -53, 1),
('A_200417104858BhE', '380', '200417104858', '2020-04-17', '11:47:00', -345, 1),
('A_200417104858eaG', '355', '200417104858', '2020-04-17', '11:47:00', -176, 1),
('A_200417104858iGc', '142', '200417104858', '2020-04-17', '11:47:00', -181, 1),
('A_200417104858KoB', '559', '200417104858', '2020-04-17', '11:47:00', -883, 1),
('A_200417104858mPn', '366', '200417104858', '2020-04-17', '11:47:00', -43, 1),
('A_200417104858Sga', '140', '200417104858', '2020-04-17', '11:47:00', -2399, 1),
('A_200417104858SMn', '365', '200417104858', '2020-04-17', '11:47:00', -83, 1),
('A_200417104858x8G', '356', '200417104858', '2020-04-17', '11:47:00', -30, 1),
('A_200417104858xCW', '139', '200417104858', '2020-04-17', '11:47:00', -551, 1),
('A_200417104858Y2z', '141', '200417104858', '2020-04-17', '11:47:00', -136, 1),
('A_2004171050090CM', '382', '200417105009', '2020-04-17', '11:48:00', -296, 1),
('A_2004171050091G7', '435', '200417105009', '2020-04-17', '11:48:00', -35, 1),
('A_2004171050092nT', '410', '200417105009', '2020-04-17', '11:48:00', -120, 1),
('A_200417105009873', '381', '200417105009', '2020-04-17', '11:48:00', -211, 1),
('A_200417105009A5r', '404', '200417105009', '2020-04-17', '11:48:00', -159, 1),
('A_200417105009adk', '515', '200417105009', '2020-04-17', '11:48:00', -21, 1),
('A_200417105009LNQ', '406', '200417105009', '2020-04-17', '11:48:00', -60, 1),
('A_200417105009O8w', '383', '200417105009', '2020-04-17', '11:48:00', -250, 1),
('A_200417105009t5q', '143', '200417105009', '2020-04-17', '11:48:00', -506, 1),
('A_200417105009x9Q', '411', '200417105009', '2020-04-17', '11:48:00', -92, 1),
('A_2004171051294TC', '238', '200417105129', '2020-04-17', '11:50:00', -81, 1),
('A_200417105129cEz', '545', '200417105129', '2020-04-17', '11:50:00', -73, 1),
('A_200417105129EY0', '412', '200417105129', '2020-04-17', '11:50:00', -108, 1),
('A_200417105129gq8', '134', '200417105129', '2020-04-17', '11:50:00', -70, 1),
('A_200417105129HtZ', '416', '200417105129', '2020-04-17', '11:50:00', -158, 1),
('A_200417105129MTL', '432', '200417105129', '2020-04-17', '11:50:00', -10, 1),
('A_200417105129PJ6', '428', '200417105129', '2020-04-17', '11:50:00', -243, 1),
('A_200417105129vXB', '387', '200417105129', '2020-04-17', '11:50:00', -15, 1),
('A_200417105129x95', '370', '200417105129', '2020-04-17', '11:50:00', -325, 1),
('A_200417105129YcA', '423', '200417105129', '2020-04-17', '11:50:00', -19, 1),
('A_20041710525208i', '443', '200417105252', '2020-04-17', '11:51:00', -98, 1),
('A_2004171052524dU', '138', '200417105252', '2020-04-17', '11:51:00', -184, 1),
('A_2004171052524pf', '116', '200417105252', '2020-04-17', '11:51:00', -57, 1),
('A_2004171052529EC', '453', '200417105252', '2020-04-17', '11:51:00', -32, 1),
('A_200417105252cde', '470', '200417105252', '2020-04-17', '11:51:00', -5, 1),
('A_200417105252DBh', '454', '200417105252', '2020-04-17', '11:51:00', -181, 1),
('A_200417105252DJh', '471', '200417105252', '2020-04-17', '11:51:00', -17, 1),
('A_200417105252f4Q', '448', '200417105252', '2020-04-17', '11:51:00', -70, 1),
('A_200417105252GYC', '115', '200417105252', '2020-04-17', '11:51:00', -454, 1),
('A_200417105252MXz', '430', '200417105252', '2020-04-17', '11:51:00', -20, 1),
('A_2004171054101UI', '458', '200417105410', '2020-04-17', '11:52:00', -2093, 1),
('A_2004171054102hu', '462', '200417105410', '2020-04-17', '11:52:00', -175, 1),
('A_2004171054104da', '437', '200417105410', '2020-04-17', '11:52:00', -155, 1),
('A_2004171054106Dq', '457', '200417105410', '2020-04-17', '11:52:00', -633, 1),
('A_200417105410fC4', '436', '200417105410', '2020-04-17', '11:52:00', -718, 1),
('A_200417105410fRI', '129', '200417105410', '2020-04-17', '11:52:00', -96, 1),
('A_200417105410Gcd', '449', '200417105410', '2020-04-17', '11:52:00', -91, 1),
('A_200417105410VUg', '472', '200417105410', '2020-04-17', '11:52:00', -546, 1),
('A_200417105410Ypx', '474', '200417105410', '2020-04-17', '11:52:00', -12, 1),
('A_200417105410zXv', '473', '200417105410', '2020-04-17', '11:52:00', -102, 1),
('A_2004171055263Xh', '477', '200417105526', '2020-04-17', '11:54:00', -850, 1),
('A_2004171055265Wh', '479', '200417105526', '2020-04-17', '11:54:00', -9, 1),
('A_200417105526jpK', '103', '200417105526', '2020-04-17', '11:54:00', -559, 1),
('A_200417105526LGM', '459', '200417105526', '2020-04-17', '11:54:00', -170, 1),
('A_200417105526Ooq', '104', '200417105526', '2020-04-17', '11:54:00', -38, 1),
('A_200417105526shu', '478', '200417105526', '2020-04-17', '11:54:00', -64, 1),
('A_200417105526sRQ', '111', '200417105526', '2020-04-17', '11:54:00', -186, 1),
('A_200417105526TjZ', '464', '200417105526', '2020-04-17', '11:54:00', -24, 1),
('A_200417105526Vl6', '460', '200417105526', '2020-04-17', '11:54:00', -251, 1),
('A_200417105526wml', '112', '200417105526', '2020-04-17', '11:54:00', -38, 1),
('A_20041710564946z', '480', '200417105649', '2020-04-17', '11:55:00', -485, 1),
('A_20041710564953X', '483', '200417105649', '2020-04-17', '11:55:00', -96, 1),
('A_200417105649bBU', '110', '200417105649', '2020-04-17', '11:55:00', -10, 1),
('A_200417105649DnR', '481', '200417105649', '2020-04-17', '11:55:00', -288, 1),
('A_200417105649lmb', '487', '200417105649', '2020-04-17', '11:55:00', -261, 1),
('A_200417105649mw7', '107', '200417105649', '2020-04-17', '11:55:00', -30, 1),
('A_200417105649O1q', '109', '200417105649', '2020-04-17', '11:55:00', -146, 1),
('A_200417105649Ppe', '485', '200417105649', '2020-04-17', '11:55:00', -294, 1),
('A_200417105649vKp', '482', '200417105649', '2020-04-17', '11:55:00', -84, 1),
('A_200417105649Wqa', '493', '200417105649', '2020-04-17', '11:55:00', -49, 1),
('A_2004171057582dS', '507', '200417105758', '2020-04-17', '11:56:00', -4, 1),
('A_2004171057588xa', '510', '200417105758', '2020-04-17', '11:56:00', -240, 1),
('A_200417105758kan', '528', '200417105758', '2020-04-17', '11:56:00', -216, 1),
('A_200417105758ldQ', '325', '200417105758', '2020-04-17', '11:56:00', -141, 1),
('A_200417105758lx7', '433', '200417105758', '2020-04-17', '11:56:00', -14, 1),
('A_200417105758N4O', '512', '200417105758', '2020-04-17', '11:56:00', -5, 1),
('A_200417105758nOp', '498', '200417105758', '2020-04-17', '11:56:00', -342, 1),
('A_200417105758PxS', '494', '200417105758', '2020-04-17', '11:56:00', -20, 1),
('A_200417105758URT', '529', '200417105758', '2020-04-17', '11:56:00', -165, 1),
('A_200417105758zYO', '521', '200417105758', '2020-04-17', '11:56:00', -31, 1),
('A_20041710593204k', '284', '200417105932', '2020-04-17', '11:57:00', -7, 1),
('A_2004171059321pP', '117', '200417105932', '2020-04-17', '11:57:00', -230, 1),
('A_2004171059326TI', '511', '200417105932', '2020-04-17', '11:57:00', -8, 1),
('A_200417105932DnT', '552', '200417105932', '2020-04-17', '11:57:00', -27, 1),
('A_200417105932Hnx', '549', '200417105932', '2020-04-17', '11:57:00', -10, 1),
('A_200417105932Ihq', '246', '200417105932', '2020-04-17', '11:57:00', -41, 1),
('A_200417105932leC', '525', '200417105932', '2020-04-17', '11:57:00', -153, 1),
('A_200417105932uBW', '553', '200417105932', '2020-04-17', '11:57:00', -103, 1),
('A_200417105932xN5', '550', '200417105932', '2020-04-17', '11:57:00', -5, 1),
('A_200417105932YCV', '544', '200417105932', '2020-04-17', '11:57:00', -21, 1),
('A_2004171059583aE', '126', '200417105958', '2020-04-17', '11:59:00', -299, 1),
('A_200417105958Dxy', '424', '200417105958', '2020-04-17', '11:59:00', -16, 1),
('A_200417105958e5q', '127', '200417105958', '2020-04-17', '11:59:00', -125, 1),
('T_2002190248210qA', '569', '200219024821', '2020-02-19', '03:47:00', 92, 3),
('T_2002190248217Mf', '566', '200219024821', '2020-02-19', '03:47:00', 382, 3),
('T_200219024821I86', '563', '200219024821', '2020-02-19', '03:47:00', 49, 3),
('T_200219024821iT7', '567', '200219024821', '2020-02-19', '03:47:00', 40, 3),
('T_200219024821n8w', '581', '200219024821', '2020-02-19', '03:47:00', 130, 3),
('T_200219024821rEe', '565', '200219024821', '2020-02-19', '03:47:00', 31, 3),
('T_200219024821sbj', '579', '200219024821', '2020-02-19', '03:47:00', 295, 3),
('T_200219024821tpb', '568', '200219024821', '2020-02-19', '03:47:00', 143, 3),
('T_200219024821UjG', '564', '200219024821', '2020-02-19', '03:47:00', 8, 3),
('T_200219024821XNa', '570', '200219024821', '2020-02-19', '03:47:00', 147, 3),
('T_200219024954eSq', '614', '200219024954', '2020-02-19', '03:48:00', 28, 3),
('T_200219024954gt6', '583', '200219024954', '2020-02-19', '03:48:00', 30, 3),
('T_200219024954gYU', '613', '200219024954', '2020-02-19', '03:48:00', 141, 3),
('T_200219024954IOK', '597', '200219024954', '2020-02-19', '03:48:00', 235, 3),
('T_200219024954o2O', '592', '200219024954', '2020-02-19', '03:48:00', 1, 3),
('T_200219024954pvq', '535', '200219024954', '2020-02-19', '03:48:00', 12, 3),
('T_200219024954tOc', '536', '200219024954', '2020-02-19', '03:48:00', 1, 3),
('T_200219024954vxG', '537', '200219024954', '2020-02-19', '03:48:00', 5, 3),
('T_200219024954ypk', '615', '200219024954', '2020-02-19', '03:48:00', 106, 3),
('T_200219024954yPL', '429', '200219024954', '2020-02-19', '03:48:00', 40, 3),
('T_200219025059aSX', '540', '200219025059', '2020-02-19', '03:49:00', 3, 3),
('T_200219025059dG9', '264', '200219025059', '2020-02-19', '03:49:00', 311, 3),
('T_200219025059FeI', '263', '200219025059', '2020-02-19', '03:49:00', 107, 3),
('T_200219025059M25', '258', '200219025059', '2020-02-19', '03:49:00', 14, 3),
('T_200219025059Tba', '274', '200219025059', '2020-02-19', '03:49:00', 59, 3),
('T_200219025059uFh', '265', '200219025059', '2020-02-19', '03:49:00', 65, 3),
('T_200219025059wDC', '148', '200219025059', '2020-02-19', '03:49:00', 462, 3),
('T_200219025059wqZ', '237', '200219025059', '2020-02-19', '03:49:00', 194, 3),
('T_200219025059yq8', '120', '200219025059', '2020-02-19', '03:49:00', 162, 3),
('T_200219025059zES', '260', '200219025059', '2020-02-19', '03:49:00', 20, 3),
('T_20021902520356d', '252', '200219025203', '2020-02-19', '03:51:00', 114, 3),
('T_200219025203C9L', '288', '200219025203', '2020-02-19', '03:51:00', 59, 3),
('T_200219025203EV5', '249', '200219025203', '2020-02-19', '03:51:00', 23, 3),
('T_200219025203fiS', '262', '200219025203', '2020-02-19', '03:51:00', 413, 3),
('T_200219025203GiI', '271', '200219025203', '2020-02-19', '03:51:00', 156, 3),
('T_200219025203KAm', '285', '200219025203', '2020-02-19', '03:51:00', 85, 3),
('T_200219025203nmG', '144', '200219025203', '2020-02-19', '03:51:00', 73, 3),
('T_200219025203rdN', '248', '200219025203', '2020-02-19', '03:51:00', 14, 3),
('T_200219025203xkz', '287', '200219025203', '2020-02-19', '03:51:00', 195, 3),
('T_200219025203zYC', '131', '200219025203', '2020-02-19', '03:51:00', 15, 3),
('T_2002190252554TC', '125', '200219025255', '2020-02-19', '03:52:00', 91, 3),
('T_200219025255e3u', '145', '200219025255', '2020-02-19', '03:52:00', 580, 3),
('T_200219025255EY0', '313', '200219025255', '2020-02-19', '03:52:00', 26, 3),
('T_200219025255gq8', '128', '200219025255', '2020-02-19', '03:52:00', 43, 3),
('T_200219025255ks2', '147', '200219025255', '2020-02-19', '03:52:00', 315, 3),
('T_200219025255OCi', '300', '200219025255', '2020-02-19', '03:52:00', 43, 3),
('T_200219025255r2K', '293', '200219025255', '2020-02-19', '03:52:00', 7, 3),
('T_200219025255vXB', '250', '200219025255', '2020-02-19', '03:52:00', 57, 3),
('T_200219025255XWI', '305', '200219025255', '2020-02-19', '03:52:00', 58, 3),
('T_200219025255yQX', '299', '200219025255', '2020-02-19', '03:52:00', 33, 3),
('T_2002190253523lo', '296', '200219025352', '2020-02-19', '03:52:00', 556, 3),
('T_2002190253526Pc', '311', '200219025352', '2020-02-19', '03:52:00', 35, 3),
('T_2002190253528gV', '239', '200219025352', '2020-02-19', '03:52:00', 89, 3),
('T_200219025352ERT', '318', '200219025352', '2020-02-19', '03:52:00', 770, 3),
('T_200219025352kgC', '309', '200219025352', '2020-02-19', '03:52:00', 113, 3),
('T_200219025352lEW', '317', '200219025352', '2020-02-19', '03:52:00', 2315, 3),
('T_200219025352r7n', '319', '200219025352', '2020-02-19', '03:52:00', 190, 3),
('T_200219025352R9U', '242', '200219025352', '2020-02-19', '03:52:00', 25, 3),
('T_200219025352TjY', '323', '200219025352', '2020-02-19', '03:52:00', 1611, 3),
('T_200219025352Tza', '241', '200219025352', '2020-02-19', '03:52:00', 10, 3),
('T_2004171046170qA', '242', '200417104617', '2020-04-17', '11:45:00', 4, 3),
('T_200417104617eSq', '326', '200417104617', '2020-04-17', '11:45:00', 253, 3),
('T_200417104617gt6', '329', '200417104617', '2020-04-17', '11:45:00', 164, 3),
('T_200417104617gYU', '251', '200417104617', '2020-04-17', '11:45:00', 6, 3),
('T_200417104617n8w', '322', '200417104617', '2020-04-17', '11:45:00', 55, 3),
('T_200417104617pvq', '331', '200417104617', '2020-04-17', '11:45:00', 124, 3),
('T_200417104617sbj', '333', '200417104617', '2020-04-17', '11:45:00', 279, 3),
('T_200417104617XNa', '321', '200417104617', '2020-04-17', '11:45:00', 276, 3),
('T_200417104617ypk', '327', '200417104617', '2020-04-17', '11:45:00', 179, 3),
('T_200417104617yPL', '330', '200417104617', '2020-04-17', '11:45:00', 85, 3),
('T_200417104743e3u', '122', '200417104743', '2020-04-17', '11:46:00', 40, 3),
('T_200417104743IOK', '339', '200417104743', '2020-04-17', '11:46:00', 73, 3),
('T_200417104743ks2', '343', '200417104743', '2020-04-17', '11:46:00', 203, 3),
('T_200417104743o2O', '328', '200417104743', '2020-04-17', '11:46:00', 243, 3),
('T_200417104743OCi', '341', '200417104743', '2020-04-17', '11:46:00', 59, 3),
('T_200417104743r2K', '146', '200417104743', '2020-04-17', '11:46:00', 403, 3),
('T_200417104743tOc', '243', '200417104743', '2020-04-17', '11:46:00', 22, 3),
('T_200417104743vxG', '340', '200417104743', '2020-04-17', '11:46:00', 194, 3),
('T_200417104743XWI', '342', '200417104743', '2020-04-17', '11:46:00', 152, 3),
('T_200417104743yQX', '133', '200417104743', '2020-04-17', '11:46:00', 53, 3),
('T_200417104858BhE', '380', '200417104858', '2020-04-17', '11:47:00', 345, 3),
('T_200417104858eaG', '355', '200417104858', '2020-04-17', '11:47:00', 176, 3),
('T_200417104858iGc', '142', '200417104858', '2020-04-17', '11:47:00', 181, 3),
('T_200417104858KoB', '559', '200417104858', '2020-04-17', '11:47:00', 883, 3),
('T_200417104858mPn', '366', '200417104858', '2020-04-17', '11:47:00', 43, 3),
('T_200417104858Sga', '140', '200417104858', '2020-04-17', '11:47:00', 2399, 3),
('T_200417104858SMn', '365', '200417104858', '2020-04-17', '11:47:00', 83, 3),
('T_200417104858x8G', '356', '200417104858', '2020-04-17', '11:47:00', 30, 3),
('T_200417104858xCW', '139', '200417104858', '2020-04-17', '11:47:00', 551, 3),
('T_200417104858Y2z', '141', '200417104858', '2020-04-17', '11:47:00', 136, 3),
('T_2004171050090CM', '382', '200417105009', '2020-04-17', '11:48:00', 296, 3),
('T_2004171050091G7', '435', '200417105009', '2020-04-17', '11:48:00', 35, 3),
('T_2004171050092nT', '410', '200417105009', '2020-04-17', '11:48:00', 120, 3),
('T_200417105009873', '381', '200417105009', '2020-04-17', '11:48:00', 211, 3),
('T_200417105009A5r', '404', '200417105009', '2020-04-17', '11:48:00', 159, 3),
('T_200417105009adk', '515', '200417105009', '2020-04-17', '11:48:00', 21, 3),
('T_200417105009LNQ', '406', '200417105009', '2020-04-17', '11:48:00', 60, 3),
('T_200417105009O8w', '383', '200417105009', '2020-04-17', '11:48:00', 250, 3),
('T_200417105009t5q', '143', '200417105009', '2020-04-17', '11:48:00', 506, 3),
('T_200417105009x9Q', '411', '200417105009', '2020-04-17', '11:48:00', 92, 3),
('T_2004171051294TC', '238', '200417105129', '2020-04-17', '11:50:00', 81, 3),
('T_200417105129cEz', '545', '200417105129', '2020-04-17', '11:50:00', 73, 3),
('T_200417105129EY0', '412', '200417105129', '2020-04-17', '11:50:00', 108, 3),
('T_200417105129gq8', '134', '200417105129', '2020-04-17', '11:50:00', 70, 3),
('T_200417105129HtZ', '416', '200417105129', '2020-04-17', '11:50:00', 158, 3),
('T_200417105129MTL', '432', '200417105129', '2020-04-17', '11:50:00', 10, 3),
('T_200417105129PJ6', '428', '200417105129', '2020-04-17', '11:50:00', 243, 3),
('T_200417105129vXB', '387', '200417105129', '2020-04-17', '11:50:00', 15, 3),
('T_200417105129x95', '370', '200417105129', '2020-04-17', '11:50:00', 325, 3),
('T_200417105129YcA', '423', '200417105129', '2020-04-17', '11:50:00', 19, 3),
('T_20041710525208i', '443', '200417105252', '2020-04-17', '11:51:00', 98, 3),
('T_2004171052524dU', '138', '200417105252', '2020-04-17', '11:51:00', 184, 3),
('T_2004171052524pf', '116', '200417105252', '2020-04-17', '11:51:00', 57, 3),
('T_2004171052529EC', '453', '200417105252', '2020-04-17', '11:51:00', 32, 3),
('T_200417105252cde', '470', '200417105252', '2020-04-17', '11:51:00', 5, 3),
('T_200417105252DBh', '454', '200417105252', '2020-04-17', '11:51:00', 181, 3),
('T_200417105252DJh', '471', '200417105252', '2020-04-17', '11:51:00', 17, 3),
('T_200417105252f4Q', '448', '200417105252', '2020-04-17', '11:51:00', 70, 3),
('T_200417105252GYC', '115', '200417105252', '2020-04-17', '11:51:00', 454, 3),
('T_200417105252MXz', '430', '200417105252', '2020-04-17', '11:51:00', 20, 3),
('T_2004171054101UI', '458', '200417105410', '2020-04-17', '11:52:00', 2093, 3),
('T_2004171054102hu', '462', '200417105410', '2020-04-17', '11:52:00', 175, 3),
('T_2004171054104da', '437', '200417105410', '2020-04-17', '11:52:00', 155, 3),
('T_2004171054106Dq', '457', '200417105410', '2020-04-17', '11:52:00', 633, 3),
('T_200417105410fC4', '436', '200417105410', '2020-04-17', '11:52:00', 718, 3),
('T_200417105410fRI', '129', '200417105410', '2020-04-17', '11:52:00', 96, 3),
('T_200417105410Gcd', '449', '200417105410', '2020-04-17', '11:52:00', 91, 3),
('T_200417105410VUg', '472', '200417105410', '2020-04-17', '11:52:00', 546, 3),
('T_200417105410Ypx', '474', '200417105410', '2020-04-17', '11:52:00', 12, 3),
('T_200417105410zXv', '473', '200417105410', '2020-04-17', '11:52:00', 102, 3),
('T_2004171055263Xh', '477', '200417105526', '2020-04-17', '11:54:00', 850, 3),
('T_2004171055265Wh', '479', '200417105526', '2020-04-17', '11:54:00', 9, 3),
('T_200417105526jpK', '103', '200417105526', '2020-04-17', '11:54:00', 559, 3),
('T_200417105526LGM', '459', '200417105526', '2020-04-17', '11:54:00', 170, 3),
('T_200417105526Ooq', '104', '200417105526', '2020-04-17', '11:54:00', 38, 3),
('T_200417105526shu', '478', '200417105526', '2020-04-17', '11:54:00', 64, 3),
('T_200417105526sRQ', '111', '200417105526', '2020-04-17', '11:54:00', 186, 3),
('T_200417105526TjZ', '464', '200417105526', '2020-04-17', '11:54:00', 24, 3),
('T_200417105526Vl6', '460', '200417105526', '2020-04-17', '11:54:00', 251, 3),
('T_200417105526wml', '112', '200417105526', '2020-04-17', '11:54:00', 38, 3),
('T_20041710564946z', '480', '200417105649', '2020-04-17', '11:55:00', 485, 3),
('T_20041710564953X', '483', '200417105649', '2020-04-17', '11:55:00', 96, 3),
('T_200417105649bBU', '110', '200417105649', '2020-04-17', '11:55:00', 10, 3),
('T_200417105649DnR', '481', '200417105649', '2020-04-17', '11:55:00', 288, 3),
('T_200417105649lmb', '487', '200417105649', '2020-04-17', '11:55:00', 261, 3),
('T_200417105649mw7', '107', '200417105649', '2020-04-17', '11:55:00', 30, 3),
('T_200417105649O1q', '109', '200417105649', '2020-04-17', '11:55:00', 146, 3),
('T_200417105649Ppe', '485', '200417105649', '2020-04-17', '11:55:00', 294, 3),
('T_200417105649vKp', '482', '200417105649', '2020-04-17', '11:55:00', 84, 3),
('T_200417105649Wqa', '493', '200417105649', '2020-04-17', '11:55:00', 49, 3),
('T_2004171057582dS', '507', '200417105758', '2020-04-17', '11:56:00', 4, 3),
('T_2004171057588xa', '510', '200417105758', '2020-04-17', '11:56:00', 240, 3),
('T_200417105758kan', '528', '200417105758', '2020-04-17', '11:56:00', 216, 3),
('T_200417105758ldQ', '325', '200417105758', '2020-04-17', '11:56:00', 141, 3),
('T_200417105758lx7', '433', '200417105758', '2020-04-17', '11:56:00', 14, 3),
('T_200417105758N4O', '512', '200417105758', '2020-04-17', '11:56:00', 5, 3),
('T_200417105758nOp', '498', '200417105758', '2020-04-17', '11:56:00', 342, 3),
('T_200417105758PxS', '494', '200417105758', '2020-04-17', '11:56:00', 20, 3),
('T_200417105758URT', '529', '200417105758', '2020-04-17', '11:56:00', 165, 3),
('T_200417105758zYO', '521', '200417105758', '2020-04-17', '11:56:00', 31, 3),
('T_20041710593204k', '284', '200417105932', '2020-04-17', '11:57:00', 7, 3),
('T_2004171059321pP', '117', '200417105932', '2020-04-17', '11:57:00', 230, 3),
('T_2004171059326TI', '511', '200417105932', '2020-04-17', '11:57:00', 8, 3),
('T_200417105932DnT', '552', '200417105932', '2020-04-17', '11:57:00', 27, 3),
('T_200417105932Hnx', '549', '200417105932', '2020-04-17', '11:57:00', 10, 3),
('T_200417105932Ihq', '246', '200417105932', '2020-04-17', '11:57:00', 41, 3),
('T_200417105932leC', '525', '200417105932', '2020-04-17', '11:57:00', 153, 3),
('T_200417105932uBW', '553', '200417105932', '2020-04-17', '11:57:00', 103, 3),
('T_200417105932xN5', '550', '200417105932', '2020-04-17', '11:57:00', 5, 3),
('T_200417105932YCV', '544', '200417105932', '2020-04-17', '11:57:00', 21, 3),
('T_2004171059583aE', '126', '200417105958', '2020-04-17', '11:59:00', 299, 3),
('T_200417105958Dxy', '424', '200417105958', '2020-04-17', '11:59:00', 16, 3),
('T_200417105958e5q', '127', '200417105958', '2020-04-17', '11:59:00', 125, 3);

-- --------------------------------------------------------

--
-- Struktur dari tabel `m_armada`
--

CREATE TABLE `m_armada` (
  `arm_id` int(11) NOT NULL,
  `arm_nopol` varchar(15) NOT NULL,
  `arm_jenis` varchar(50) NOT NULL,
  `arm_jtstnk` date DEFAULT NULL,
  `arm_jtkir` date DEFAULT NULL,
  `arm_jther` date DEFAULT NULL
) ENGINE=InnoDB DEFAULT CHARSET=latin1;

--
-- Dumping data untuk tabel `m_armada`
--

INSERT INTO `m_armada` (`arm_id`, `arm_nopol`, `arm_jenis`, `arm_jtstnk`, `arm_jtkir`, `arm_jther`) VALUES
(1, 'N 999 EP', 'COLT', '2019-05-01', '2019-05-02', '2019-05-03');

-- --------------------------------------------------------

--
-- Struktur dari tabel `m_customer`
--

CREATE TABLE `m_customer` (
  `cus_id` int(11) NOT NULL,
  `cus_nama` varchar(50) NOT NULL,
  `cus_pemilik` varchar(50) DEFAULT NULL,
  `cus_telp` varchar(15) NOT NULL,
  `cus_email` varchar(50) NOT NULL,
  `cus_rekening` varchar(30) NOT NULL,
  `cus_bank` varchar(10) NOT NULL,
  `cus_alamat` varchar(300) NOT NULL,
  `cus_dae_id` int(11) NOT NULL,
  `cus_harga` varchar(15) NOT NULL,
  `cus_iskios` int(11) NOT NULL DEFAULT '0'
) ENGINE=InnoDB DEFAULT CHARSET=latin1;

--
-- Dumping data untuk tabel `m_customer`
--

INSERT INTO `m_customer` (`cus_id`, `cus_nama`, `cus_pemilik`, `cus_telp`, `cus_email`, `cus_rekening`, `cus_bank`, `cus_alamat`, `cus_dae_id`, `cus_harga`, `cus_iskios`) VALUES
(1, 'PAK SYAHIR', NULL, '', '', '', '', 'JLN. BENGALON', 3, 'hargagrosir', 0),
(2, 'TK. ADIT TANI', NULL, '082354333535', '', '', '', 'JLN. BENGALON', 9, 'hargagrosir', 0),
(3, 'BPK. ADI', '', '08539336008', '', '', '', 'JLN. POROS SAMARINDA BONTANG', 3, 'hargagrosir', 1),
(4, 'TK. ANGGI (FUSO)', '', '', '', '', '', 'JLN. SANGKULIRANG', 9, 'hargagrosir', 1),
(5, 'TK. GUNUNG KOMBENG', '', '', '', '', '', 'JLN. YOS SUDARSO, SAMARINDA', 1, 'hargagrosir', 1),
(6, 'BPK. AMAT HUSAIN', '', '082350660900', '', '', '', 'JLN. JAKARTA', 1, 'hargagrosir', 1),
(7, 'BPK. ALI SUMARDI', 'ALI SUMARDI', '085247778254', '', '', 'BRI/MANDIR', 'JLN. BULUNGAN', 10, 'hargagrosir', 1),
(8, 'MUHAMAD NASIR', '', '082157350768', '', '', '', 'JLN. BUKUNGAN', 9, 'hargagrosir', 1),
(9, 'TK. ANGGI WAHAU ', '', '081258115292', '', '', '', 'JLN. WAHAU', 6, 'hargagrosir', 1),
(10, 'TK. AGRO JAYA', '', '', '', '', '', 'JLN. SEGIRI', 1, 'hargagrosir', 1),
(11, 'TOKO. ADI WIJAYA ', 'PAK SOFYAN ', '081350833666', '', '', '', 'JLN. MELAK', 4, 'hargagrosir', 1),
(12, 'UD. ASROFIN JAYA', 'AWANG', '', '', '', '', 'JLN. JOYOMULYO RT. 36 KEL. LEMPAKE', 1, 'hargagrosir', 1),
(13, 'BPK. BAYU ', NULL, '', '', '', '', 'JLN. SEMPAJA', 1, 'hargagrosir', 0),
(14, 'BPK. H. BEDU', NULL, '085251606420', '', '', '', 'JLN. PASAR TELIHAN ', 5, 'hargagrosir', 0),
(15, 'TOKO. BERNI', '', '', '', '', '', 'JLN. GUNUNG KAPUR KEL. LEMPKE', 1, 'hargagrosir', 1),
(16, 'TOKO. BENI', '', '08214851418', '', '', '', 'JLN. SUNGAI LANTUNG', 1, 'hargagrosir', 1),
(17, 'TOKO. BINTANG PERMATA TANI', '', '', '', '', '', 'JLN. SEGIRI', 1, 'hargagrosir', 1),
(18, 'BPK. RIZAL', '', '08125815372', '', '', '', 'JLN. STASIUN 3 KEL. TELUK BAYUR KAB. BERAU ', 10, 'hargagrosir', 1),
(19, 'BPK. DWI', NULL, '', '', '', '', 'JLN. TENGGARONG', 2, 'hargagrosir', 0),
(20, 'BPK. ELLY', NULL, '', '', '', '', 'JLN. SENTOSA', 1, 'hargagrosir', 0),
(21, 'BPK. SUNYOTO', NULL, '', '', '', '', 'JLN. TANAH DATAR', 3, 'hargagrosir', 0),
(22, 'TK. DUA PUTRI', '', '082199609072', '', '', '', 'JLN. WAHAU', 9, 'hargagrosir', 1),
(23, 'IBU. ETI', NULL, '082155426905', '', '', '', 'JLN. TANAH MERAH', 1, 'hargagrosir', 0),
(24, 'TOKO. CAHAYA TANI', '', '081254779774', '', '', '', 'JLN. TENGGARONG L2', 3, 'hargagrosir', 1),
(25, 'CILONG', '', '082274726283', '', '', '', 'KEMBANG JANGGUT', 1, 'hargagrosir', 1),
(26, 'TOKO DIRGA TANI', '', '085246700760', '', '', '', 'JL. MUARA KAMAN SP3', 11, 'hargagrosir', 1),
(27, 'PAK DAHLAN', '', '', '', '', '', 'SAMBERA', 1, 'hargagrosir', 1),
(28, 'TOKO DUNIA TANI', '', '081253091500', '', '', '', 'PPU BABULU', 8, 'hargagrosir', 1),
(29, 'PAK GIANT', NULL, '', '', '', '', 'JL. MUARA KAMAN', 11, 'hargagrosir', 0),
(30, 'TOKO GALIH', 'IBU SITI', '', '', '', '', 'TANAH MERAH', 1, 'hargagrosir', 1),
(31, 'TN. AGUNG', '', '081347434546', '', '', '', 'KEMBANG JANGGUT', 1, 'hargagrosir', 1),
(32, 'TOKO SUBUR TANI', 'HERU', '085250946522', '', '', '', 'JL. POROS SEBULU SP1', 1, 'hargagrosir', 1),
(33, 'TOKO HARKAT TANI', '', '', '', '', '', 'PPU PENAJAM', 8, 'hargagrosir', 1),
(34, 'IBU HASNAH', 'HASNAH', '081350230537', '', '', '', 'JL. KARTINI RT.11 DESA GAS ALAM (BADAK 8)', 1, 'hargagrosir', 1),
(35, 'PAK IKHRAM', '', '085246737944', '', '', '', 'MUARA BADAK', 1, 'hargagrosir', 1),
(36, 'INDO TANI FARM ', '', '', '', '', '', 'SEGIRI', 1, 'hargagrosir', 1),
(37, 'TN. JON BONE', 'PAK JON', '081254164648', '', '', '', 'JL. MUARANGKAYU', 12, 'hargagrosir', 1),
(38, 'PAK KARNOTO', NULL, '081346633994', '', '', '', 'SAMARINDA', 1, 'hargagrosir', 0),
(39, 'TOKO KARYA PERDANA MANDIRI', '', '0811587261', '', '', '', 'TENGGARONG', 11, 'hargagrosir', 1),
(40, 'LUTFHI', '', '081257129456', '', '', '', 'KEMBANG JANGGUT', 1, 'hargagrosir', 1);

-- --------------------------------------------------------

--
-- Struktur dari tabel `m_daerah`
--

CREATE TABLE `m_daerah` (
  `dae_id` int(11) NOT NULL,
  `dae_nama` varchar(50) NOT NULL
) ENGINE=InnoDB DEFAULT CHARSET=latin1;

--
-- Dumping data untuk tabel `m_daerah`
--

INSERT INTO `m_daerah` (`dae_id`, `dae_nama`) VALUES
(1, 'SAMARINDA'),
(2, 'SANGGATA'),
(4, 'MELAK'),
(5, 'BONTANG'),
(6, 'MUARA WAHAU'),
(7, 'PENAJAM'),
(8, 'BALIKPAPAN'),
(9, 'KUTAI TIMUR'),
(10, 'BERAU'),
(11, 'TENGGARONG'),
(12, 'BADAK');

-- --------------------------------------------------------

--
-- Struktur dari tabel `m_gudang`
--

CREATE TABLE `m_gudang` (
  `gdg_id` int(11) NOT NULL,
  `gdg_nama` varchar(50) NOT NULL,
  `gdg_alamat` varchar(300) DEFAULT NULL,
  `gdg_isjual` int(11) NOT NULL DEFAULT '0',
  `gdg_produk_kategori` text COMMENT 'json kategori'
) ENGINE=InnoDB DEFAULT CHARSET=latin1;

--
-- Dumping data untuk tabel `m_gudang`
--

INSERT INTO `m_gudang` (`gdg_id`, `gdg_nama`, `gdg_alamat`, `gdg_isjual`, `gdg_produk_kategori`) VALUES
(1, 'GUDANG 1 (PERTANIAN DAN OBAT-OBATAN)', 'JL.SEI.SIRING BLOK B No.70, SAMARINDA - BONTANG', 0, '["1","2","3","5","6","7","8","9","10","11","12","14","15","16","17","19","20","21","22","23"]'),
(2, 'GUDANG 2', '', 0, '["6"]'),
(3, 'TOKO', 'JL. SEI SIRING BY PASS BANDARA APT.PRANOTO (SAMARINDA)\r\n', 1, '["1","2","3","5","6","7","8","9","10","11","12","14","15","16","17","19","20","21","22","23"]');

-- --------------------------------------------------------

--
-- Struktur dari tabel `m_penanggung_jawab`
--

CREATE TABLE `m_penanggung_jawab` (
  `pj_id` int(11) NOT NULL,
  `pj_nama` varchar(50) NOT NULL
) ENGINE=InnoDB DEFAULT CHARSET=latin1;

--
-- Dumping data untuk tabel `m_penanggung_jawab`
--

INSERT INTO `m_penanggung_jawab` (`pj_id`, `pj_nama`) VALUES
(1, 'penanggung jawab 1'),
(2, 'penanggung jawab 2');

-- --------------------------------------------------------

--
-- Struktur dari tabel `m_produk`
--

CREATE TABLE `m_produk` (
  `prd_id` int(11) NOT NULL,
  `prd_kode` varchar(30) DEFAULT NULL,
  `prd_nama` varchar(100) NOT NULL,
  `prd_satuan` varchar(15) DEFAULT NULL,
  `prd_hargabeli` double NOT NULL DEFAULT '0',
  `prd_hargaecer` double NOT NULL DEFAULT '0',
  `prd_hargagrosir` double NOT NULL DEFAULT '0',
  `prd_hargamember` double NOT NULL DEFAULT '0',
  `prd_hargakhusus` double NOT NULL DEFAULT '0',
  `prd_isppn` int(11) NOT NULL DEFAULT '0',
  `prd_ktg_id` int(11) NOT NULL,
  `prd_sup_id` int(11) NOT NULL
) ENGINE=InnoDB DEFAULT CHARSET=latin1;

--
-- Dumping data untuk tabel `m_produk`
--

INSERT INTO `m_produk` (`prd_id`, `prd_kode`, `prd_nama`, `prd_satuan`, `prd_hargabeli`, `prd_hargaecer`, `prd_hargagrosir`, `prd_hargamember`, `prd_hargakhusus`, `prd_isppn`, `prd_ktg_id`, `prd_sup_id`) VALUES
(5, 'GAS-007', 'OBAT RUMPUT GASPEL', 'BTL', 0, 0, 0, 0, 0, 0, 4, 2),
(6, 'AGM50', 'AGRIMEC 50ML X 100', 'BTL', 82940, 90000, 87000, 87000, 87000, 1, 3, 26),
(7, 'AGM100', 'AGRIMEC 100ML X 50', 'BTL', 157850, 165000, 163000, 163000, 162000, 1, 3, 26),
(8, 'AMS50', 'AMISTARTOP 50ML X 100', 'BTL', 49500, 55000, 53000, 53000, 52000, 1, 2, 26),
(9, 'AMS100', 'AMISTARTOP 100ML X 50', 'BTL', 95700, 100000, 100000, 100000, 98000, 1, 2, 26),
(10, 'AMS250', 'AMISTARTOP 250ML X 20', 'BTL', 231000, 135000, 235000, 235000, 234000, 1, 2, 26),
(12, 'ANV250', 'ANVIL 250ML X 40', 'BTL', 59338, 65000, 63000, 63000, 63000, 1, 2, 26),
(13, 'ALK100', 'ALIKA 100ML X 50', 'BTL', 55990, 60000, 58000, 58000, 58000, 1, 3, 26),
(14, 'ALK250', 'ALIKA 250ML X 20', 'BTL', 127339, 135000, 132000, 132000, 132000, 1, 3, 26),
(15, 'ARM80', 'ARMURE 80ML X 50', 'BTL', 38896, 45000, 42000, 42000, 42000, 1, 2, 26),
(16, 'ARM250', 'ARMURE 250ML X 40', 'BTL', 112200, 120000, 118000, 118000, 118000, 1, 2, 26),
(17, 'BM500', 'BION M 500GR X 20', 'BKS', 178200, 190000, 185000, 185000, 185000, 1, 2, 26),
(18, 'CRN100', 'CURACRON 100ML X 50', 'BTL', 29150, 35000, 31000, 31000, 31000, 1, 3, 26),
(19, 'CRN250', 'CURACRON 250ML X 40', 'BTL', 68200, 75000, 72000, 72000, 72000, 1, 3, 26),
(20, 'CRN500', 'CURACRON 500ML X 20', 'BTL', 134200, 145000, 140000, 1400000, 138000, 1, 3, 26),
(21, 'CLR500', 'CALARIS 500ML X 20', 'KTK', 148500, 155000, 155000, 155000, 155000, 1, 1, 26),
(22, 'CLR1L', 'CALARIS 1LTR X 10', 'KTK', 285010, 305000, 305000, 305000, 305000, 1, 1, 26),
(23, 'CRS', 'CRUISER 12,5ML X 20', 'BTL', 25850, 30000, 28000, 28000, 28000, 1, 3, 26),
(24, 'FL50', 'FILIA 50ML X 100', 'BTL', 25064, 30000, 28000, 28000, 28000, 1, 2, 26),
(25, 'FL250', 'FILIA 250ML X 20', 'BTL', 113520, 120000, 118000, 118000, 117000, 1, 2, 26),
(26, 'GRM250', 'GRAMOXONE 250ML X 40', 'BTL', 19937, 25000, 22000, 22000, 22000, 1, 1, 26),
(27, 'GRM500', 'GRAMOXONE 500ML X 20', 'BTL', 33990, 38000, 35000, 35000, 35000, 1, 1, 26),
(28, 'GRM1L', 'GRAMOXONE 1LTR X 20', 'BTL', 61.875, 68, 64, 64, 64, 1, 1, 26),
(29, 'GRM5L', 'GRAMOXONE 5LTR X 4', 'BTL', 284625, 295000, 290000, 290000, 290000, 1, 1, 26),
(30, 'GRM20', 'GRAMOXONE 20LTR', 'GALON', 1006500, 1060000, 1030000, 1030000, 1030000, 1, 1, 26),
(31, 'MTD50', 'MATADOR 50ML X 100', 'BTL', 14410, 18000, 18000, 18000, 18000, 1, 3, 26),
(32, 'MTD100', 'MATADOR 80ML X 100', 'BTL', 20570, 25000, 25000, 25000, 25000, 1, 3, 26),
(33, 'MTD250', 'MATADOR 250ML X 40', 'BTL', 57750, 65000, 62000, 62000, 62000, 1, 3, 26),
(34, 'KLR1', 'KLERAT 1KG X 10', 'KLG', 51150, 60000, 55000, 55000, 55000, 1, 21, 26),
(35, 'KLR5', 'KLERAT 5KG X 4', 'PAK', 206250, 240000, 220000, 220000, 220000, 1, 21, 26),
(36, 'PGS80', 'PEGASUS 80ML X 50', 'BTL', 67500, 75000, 75000, 75000, 75000, 1, 3, 26),
(37, 'PCLM', 'PROCLAIM 25GR X 20', 'BKS', 127380, 140000, 135000, 135000, 135000, 1, 3, 26),
(38, 'LGR', 'LOGRAN X 50', 'BKS', 5775, 10000, 8000, 8000, 8000, 1, 3, 26),
(39, 'RDM100', 'RIDOMILD 100GR X 100', 'BKS', 32010, 37000, 35000, 35000, 35000, 1, 2, 26),
(40, 'RDM250', 'RIDOMILD 250GR X 40', 'BKS', 76780, 85000, 82000, 82000, 82000, 1, 2, 26),
(41, 'RDM500', 'RIDOMILD 500GR X 20', 'BKS', 150150, 165000, 160000, 160000, 160000, 1, 2, 26),
(42, 'VRTC50', 'VIRTACO 50ML X 100', 'BTL', 104170, 110000, 110000, 110000, 110000, 1, 3, 26),
(43, 'VRTC100', 'VIRTACO 100ML X 50', 'BTL', 204985, 210000, 210000, 210000, 210000, 1, 3, 26),
(44, 'PLNM', 'PLENUM 100GR ', 'BKS', 166000, 175000, 170000, 170000, 170000, 1, 3, 26),
(45, 'SCR80', 'SCORE 80ML X 50', 'BTL', 53460, 60000, 57000, 57000, 57000, 1, 2, 26),
(46, 'SCR250', 'SCORE 250ML X 40', 'BTL', 160050, 165000, 165000, 165000, 164000, 1, 2, 26),
(47, 'GBR', 'GIBRO SACHET X 40', 'BKS', 3305, 6000, 4500, 4500, 4500, 1, 12, 26),
(48, 'GBRT', 'GIBRO TABLET X 10', 'TBLT', 22000, 30000, 25000, 25000, 25000, 1, 12, 26),
(49, 'BSM250', 'BASMILANG 250ML X 20', 'BTL', 19000, 23000, 22000, 22000, 22000, 1, 1, 20),
(50, 'BSM500', 'BASMILANG 500ML X 20', 'BTL', 28000, 35000, 33000, 33000, 33000, 1, 1, 20),
(51, 'BSM1L', 'BASMILANG 1LTR X 20', 'BTL', 52000, 56000, 56000, 57000, 56000, 1, 1, 20),
(52, 'BSM5L', 'BASMILANG 5LTR X 4', 'JRGN', 260000, 280000, 270000, 270000, 270000, 1, 1, 20),
(53, 'BSM20L', 'BASMILANG 20LTR', 'GALON', 1005000, 1120000, 1100000, 1100000, 1100000, 1, 1, 20),
(54, 'GMP1', 'GEMPUR 1LTR x 20', 'BTL', 46500, 55000, 50000, 50000, 50000, 1, 1, 20),
(55, 'GMP5', 'GEMPUR 5LTR X 4', 'JRGN', 225000, 250000, 245000, 245000, 245000, 1, 1, 20),
(56, 'GMP20', 'GEMPUR 20LTR ', 'GALON', 860000, 950000, 950000, 950000, 950000, 1, 1, 20),
(57, 'BTP1', 'BITOP 1LTR X 20', 'BTL', 54000, 60000, 57000, 57000, 57000, 1, 1, 20),
(58, 'BTP5', 'BITOP 5LTR X 4', 'JRGN', 260000, 285000, 280000, 280000, 280000, 1, 1, 20),
(59, 'BTP20', 'BITOP 20LTR', 'GALON', 1010000, 1150000, 1100000, 1100000, 1100000, 1, 1, 20),
(60, 'LDS1', 'LINDAS 1LTR X 20', 'BTL', 34500, 40000, 38000, 38000, 38000, 1, 1, 20),
(61, 'LDS5', 'LINDAS 5LTR X 4', 'JRGN', 165000, 195000, 185000, 185000, 185000, 1, 1, 20),
(62, 'GRMQ1', 'GRAMAQUAT 1LTR X 20', 'BTL', 550000, 60000, 58000, 580000, 58000, 1, 1, 20),
(63, 'GRMQ5', 'GRAMAQUAT 5LTR X 4', 'JRGN', 282000, 290000, 285000, 285000, 285000, 1, 1, 20),
(64, 'SQ1', 'SQUAD 1LTR X 20', 'BTL', 44000, 50000, 47000, 47000, 47000, 1, 1, 20),
(65, 'SQ5', 'SQUAD 5LTR X 4', 'JRGN', 210000, 220000, 215000, 215000, 215000, 1, 1, 20),
(66, 'SQ20', 'SQUAD 20LTR ', 'GALON', 805000, 920000, 880000, 880000, 880000, 1, 1, 3),
(67, 'STM4', 'STARMIN 400ML X 20', 'BTL', 28800, 35000, 32500, 32500, 32500, 1, 1, 20),
(68, 'STM1', 'STARMIN 1LTR X 12', 'BTL', 66275, 750000, 70000, 70000, 70000, 1, 1, 20),
(69, 'KYS5', 'KAYABASSS 500ML X 20', 'KTK', 125500, 135000, 130000, 130000, 130000, 1, 1, 20),
(70, 'KBS1', 'KAYABAS 1LTR X 12', 'KTK', 227500, 245000, 235000, 235000, 230000, 1, 1, 20),
(71, 'MRN', 'MAROON 500GR X 20', 'KTK', 83050, 88000, 85000, 85000, 85000, 1, 1, 20),
(72, 'KMR', 'KIMIRU 200GR X 100', 'BKS', 16500, 30000, 28000, 28000, 25000, 1, 1, 20),
(73, 'NMN100', 'NOMINE 100ML X 50', 'BTL', 70000, 90000, 80000, 80000, 80000, 1, 1, 20),
(74, 'NMN250', 'NOMINE 250ML X 40', 'BTL', 172150, 190000, 185000, 185000, 185000, 1, 1, 20),
(75, 'KN100', 'KANON 100ML X 50', 'BTL', 12000, 15000, 13500, 13500, 13500, 1, 3, 20),
(76, 'KN400', 'KANON 400ML X 20', 'BTL', 38000, 45000, 42500, 42500, 42500, 1, 3, 20),
(77, 'TTR100', 'TETRIN 100ML X 50', 'BTL', 9000, 15000, 12000, 12000, 12000, 1, 3, 20),
(78, 'TTR400', 'TETRIN 400ML X 20', 'BTL', 33000, 40000, 36000, 36000, 36000, 1, 3, 20),
(79, 'PRS', 'PROKSI 250ML X 20', 'BTL', 38500, 55000, 50000, 50000, 50000, 1, 3, 20),
(80, 'APLD', 'APPLAUD 100GR X 100', 'BKS', 0, 0, 0, 0, 0, 0, 3, 0),
(81, 'CB', 'CEBA 250ML X 20', 'BTL', 84000, 105000, 100000, 100000, 100000, 1, 3, 20),
(82, 'ZL100', 'ZOLE 100ML X 50', 'BTL', 39000, 55000, 52000, 52000, 50000, 1, 2, 20),
(83, 'ZL250', 'ZOLE 250ML X 20', 'BTL', 80000, 100000, 95000, 95000, 95000, 1, 2, 20),
(84, 'TPC', 'TOPSIN 500ML X 20', 'BTL', 66500, 75000, 70000, 70000, 70000, 1, 2, 20),
(85, 'TPB100', 'TOPSIN 100GR X 100', 'BKS', 15180, 20000, 18000, 18000, 18000, 1, 2, 20),
(86, 'TPB500', 'TOPSIN 500GR X 20', 'BKS', 76000, 85000, 82000, 82000, 82000, 1, 2, 20),
(87, 'MP100', 'MIPCIN 100GR X 100', 'BKS', 8000, 13000, 9000, 9000, 9000, 1, 3, 20),
(88, 'MP500', 'MIPCIN 500GR X 20', 'BKS', 38500, 45000, 42500, 42500, 42500, 1, 3, 20),
(89, 'RDL100', 'RUDAL 100ML X 50', 'BTL', 12000, 15000, 14000, 14000, 14000, 1, 3, 20),
(90, 'RDL500', 'RUDAL 500ML X 20', 'BTL', 47200, 55000, 52000, 52000, 52000, 1, 3, 20),
(91, 'BSZ', 'BASSAZINON 500MLX 20', 'BTL', 98750, 105000, 103000, 103000, 103000, 1, 3, 20),
(92, 'PTRG', 'PETROGENOL 5ML X 20', 'BTL', 6000, 10000, 7500, 7500, 7500, 1, 3, 20),
(93, 'KYB', 'KAYABIO 5KG X 4', 'BKS', 67500, 90000, 85000, 85000, 85000, 1, 5, 20),
(94, 'MTF4', 'MONTAF 400ML X 20', 'BTL', 26000, 35000, 31000, 31000, 31000, 1, 3, 20),
(95, 'MTF1', 'MONTAF 1LTR X 20', 'BTL', 62700, 70000, 68000, 68000, 68000, 1, 3, 20),
(96, 'PTRV5', 'PETROVITA 500ML X 20', 'BTL', 11000, 20000, 15000, 15000, 15000, 1, 16, 20),
(97, 'PTRV1', 'PETROVITA 1LTR X 12', 'BTL', 20625, 35000, 30000, 30000, 30000, 1, 16, 20),
(98, 'WKZ', 'WOKOZIM 100ML X 50', 'BTL', 23900, 35000, 30000, 30000, 30000, 1, 12, 20),
(99, 'PTRB', 'PETROKUM BLOK X 20', 'KTK', 35000, 45000, 40000, 40000, 40000, 1, 21, 20),
(100, 'PTRP', 'PETROKUM PRILL X 20', 'KTK', 29500, 35000, 34000, 34000, 34000, 1, 21, 20),
(101, 'BTR', 'BETTER 500ML X 20', 'BTL', 21313, 35000, 32000, 32000, 32000, 1, 12, 20),
(102, 'ZBN', 'ZIBAN 400ML X 20', 'BTL', 70000, 85000, 80000, 80000, 80000, 1, 3, 20),
(103, 'RB1', 'RAMBO 1LTR X 20', 'BTL', 54000, 58000, 58000, 58000, 58000, 1, 1, 15),
(104, 'RB5', 'RAMBO 5LTR X 4', 'JRGN', 260000, 285000, 280000, 280000, 280000, 1, 1, 15),
(105, 'RB20', 'RAMBO 20LTR', 'GALON', 0, 0, 0, 0, 0, 0, 1, 15),
(106, 'RS1', 'RUSO 1LTR X 20', 'BTL', 47000, 55000, 53000, 53000, 53000, 1, 1, 15),
(107, 'RS5', 'RUSO 5LTR X 4', 'JRGN', 230000, 255000, 250000, 250000, 250000, 1, 1, 15),
(108, 'RS20', 'RUSO 20LTR', 'GALON', 0, 0, 0, 0, 0, 0, 1, 15),
(109, 'RG1', 'ROGGER 1LTR X 20', 'BTL', 45000, 52000, 52000, 52000, 52000, 1, 1, 15),
(110, 'RG5', 'ROGGER 5LTR X 4', 'JRGN', 205000, 245000, 220000, 220000, 220000, 1, 1, 15),
(111, 'RBP1', 'RAMBO PEAK 1LTR X 20', 'BTL', 57000, 65000, 60000, 60000, 60000, 1, 1, 15),
(112, 'RBP5', 'RAMBO PEAK 5LTR X 4', 'JRGN', 280000, 320000, 310000, 310000, 310000, 1, 1, 15),
(113, 'RB20', 'RAMBO PEAK 20LTR ', 'GALON', 0, 0, 0, 0, 0, 0, 1, 15),
(114, 'OP', 'OPTIMUS 1LTR X 20', 'BTL', 115500, 135000, 125000, 125000, 125000, 1, 1, 15),
(115, 'NX1', 'NOXONE 1LTR X 20', 'BTL', 56999, 65000, 60000, 60000, 60000, 1, 1, 15),
(116, 'NX5', 'NOXONE 5LTR X 4', 'JRGN', 275000, 290000, 285000, 285000, 285000, 1, 1, 15),
(117, 'SRV1', 'SERVOXONE 1LTR X 20', 'BTL', 50000, 55000, 53500, 53500, 53500, 1, 1, 15),
(118, 'SRV5', 'SERVOXONE 5LTR X 4', 'JRGN', 220000, 245000, 235000, 235000, 235000, 1, 1, 15),
(119, 'SRV20', 'SERVOXONE 20LTR', 'GALON', 950000, 1050000, 1000000, 1000000, 1000000, 1, 1, 15),
(120, 'AMND', 'AMANDY 400ML X 40', 'BTL', 33000, 38000, 35000, 35000, 35000, 1, 1, 15),
(121, 'FTM5', 'FITOMIC 500ML X 40', 'BTL', 62000, 68000, 65000, 65000, 65000, 1, 16, 15),
(122, 'FTM1', 'FITOMIC 1LTR X 20', 'BTL', 110000, 125000, 118000, 118000, 118000, 1, 16, 15),
(123, 'TRS5', 'TRISULA 500ML X 20', 'BTL', 52000, 58000, 56000, 56000, 56000, 1, 3, 15),
(124, 'TRS1', 'TRISULA 1LTR X 20', 'BTL', 87500, 98000, 95000, 95000, 95000, 1, 3, 15),
(125, 'CPR', 'CYPERMAX 500ML X 20', 'BTL', 52500, 58000, 57000, 57000, 57000, 1, 3, 15),
(126, 'WDR1', 'WINDER 100ML X 100', 'BTL', 30000, 38000, 33500, 33500, 33500, 1, 3, 15),
(127, 'WDR2', 'WINDER 250ML X 50', 'BTL', 71000, 78000, 76000, 76000, 76000, 1, 3, 15),
(128, 'CRM', 'CRUMBLE 100ML X 50', 'BTL', 77237, 85000, 80000, 80000, 80000, 1, 3, 15),
(129, 'PRC', 'PROMECTIN 100ML X 50', 'BTL', 78100, 85000, 83000, 83000, 83000, 1, 3, 15),
(130, 'VCTR', 'VICTORY MIX 400GR X 25', 'BKS', 63000, 70000, 68000, 68000, 68000, 1, 2, 15),
(131, 'BPK', 'BOOM PADI K X 30', 'KTK', 77000, 88000, 84000, 84000, 84000, 1, 2, 15),
(132, 'GRK', 'GRAND K KRISTAL 1KG X 20', 'BKS', 21000, 28000, 25000, 25000, 25000, 1, 5, 15),
(133, 'GRM', 'GRAND K MERAH 2KG X 8', 'BKS', 32500, 38000, 35000, 35000, 35000, 1, 5, 15),
(134, 'MK', 'MULTI KP 1KG X 20', 'BKS', 28000, 35000, 33000, 33000, 33000, 1, 5, 15),
(135, 'MP', 'MULTI PADI 1KG X 20', 'BKS', 32500, 38000, 36000, 36000, 36000, 1, 5, 15),
(136, 'BG1', 'BIGEST 10ML', 'BTL', 14500, 25000, 18000, 18000, 18000, 1, 12, 15),
(137, 'BG5', 'BIGEST 50ML', 'BTL', 40299, 50000, 50000, 50000, 50000, 1, 12, 15),
(138, 'PK', 'PAKET KRITING X 20', 'KTK', 70000, 80000, 75000, 75000, 75000, 1, 3, 15),
(139, 'HM10', 'HARMONY 10GR X 24', 'BKS', 30000, 35000, 33000, 33000, 33000, 0, 14, 15),
(140, 'HM20', 'HARMONY 20GR X 12', 'BKS', 49500, 65000, 60000, 60000, 60000, 0, 14, 15),
(141, 'HC10', 'HERCULES 10GR X 12', 'BKS', 27900, 35000, 33500, 33500, 33500, 0, 14, 15),
(142, 'HC20', 'HERCULES 20GR X 6', 'BKS', 49000, 55000, 54000, 54000, 54000, 0, 14, 15),
(143, 'LB', 'LEBAT-3 X 40', 'BKS', 46500, 55000, 50000, 50000, 50000, 0, 14, 15),
(144, 'BSK', 'BHASKARA 10GR X 24', 'BKS', 55000, 65000, 63000, 63000, 63000, 0, 14, 15),
(145, 'CP', 'CAKRA PUTIH X 12', 'BKS', 24750, 35000, 30000, 30000, 30000, 0, 14, 15),
(146, 'GE', 'GAMBAS ESENSA X 24', 'BKS', 25850, 30000, 28000, 28000, 28000, 0, 14, 15),
(147, 'CL', 'CLASSIC 20GR X 6', 'BKS', 137500, 150000, 148000, 148000, 148000, 0, 14, 15),
(148, 'AR', 'ARIMBI 10GR X 12', 'BKS', 139500, 160000, 158500, 158500, 158500, 0, 14, 15),
(149, 'AM', 'AMIGO 20GR X 10', 'BKS', 32550, 37000, 35000, 35000, 35000, 0, 14, 24),
(150, 'AMS', 'AMIGO SP X 20', 'BKS', 8720, 12000, 10000, 10000, 10000, 0, 14, 24),
(151, 'RDS', 'RADEN SP X 20', 'BKS', 11990, 15000, 13000, 13000, 13000, 0, 14, 24),
(152, 'RD50', 'RADEN 50BTR X 10', 'BKS', 26250, 30000, 28000, 28000, 28000, 0, 14, 24),
(153, 'RD100', 'RADEN 100BTR X 5', 'BKS', 52500, 58000, 55000, 55000, 5000, 0, 14, 24),
(154, 'LPS', 'LIPA SP X 20', 'BKS', 10100, 13000, 12000, 12000, 12000, 0, 14, 24),
(155, 'LP50', 'LIPA 50BTR X 10', 'BKS', 26250, 30000, 28000, 28000, 28000, 0, 14, 24),
(156, 'LP100', 'LIPA 100BTR X 5', 'BKS', 52500, 58000, 55000, 55000, 55000, 0, 14, 24),
(157, 'GR', 'GRAND RAPIDS X 15', 'BKS', 0, 0, 0, 0, 0, 0, 14, 24),
(158, 'LD', 'LADO SP X 20', 'BKS', 11990, 15000, 14000, 14000, 14000, 0, 14, 24),
(159, 'LDR', 'LADO X 15', 'BKS', 133350, 145000, 140000, 140000, 140000, 0, 14, 24),
(160, 'LB', 'LABA F1 X 15', 'BKS', 154350, 165000, 160000, 160000, 160000, 0, 14, 24),
(161, 'DWS', 'DEWATA SP X 20', 'BKS', 0, 0, 0, 0, 0, 0, 14, 24),
(162, 'DWT', 'DEWATA F1 X 15', 'BKS', 0, 0, 0, 0, 0, 0, 14, 24),
(163, 'DW43', 'DEWATA 43 SP X 20', 'BKS', 11990, 15000, 13000, 13000, 13000, 0, 14, 24),
(164, 'DW43', 'DEWATA 43 X 15', 'BKS', 58275, 65000, 62000, 62000, 62000, 0, 14, 24),
(165, 'HCS', 'HOT CHILI SP X 20', 'BKS', 11990, 15000, 15000, 15000, 15000, 0, 14, 24),
(166, 'HC', 'HOT CHILI X 15', 'BKS', 94500, 110000, 105000, 105000, 105000, 0, 14, 24),
(167, 'PL', 'PILAR X 15', 'BKS', 0, 0, 0, 0, 0, 0, 14, 24),
(168, 'BJ', 'BAJA F1 X 15', 'BKS', 173250, 185000, 180000, 180000, 180000, 0, 14, 24),
(169, 'PN', 'PANEX X 15', 'BKS', 0, 0, 0, 0, 0, 0, 14, 24),
(170, 'TS', 'TOSAKAN X 10', 'BKS', 12600, 15000, 14000, 14000, 14000, 0, 14, 24),
(171, 'SH', 'SHINTA X 10', 'BKS', 11550, 15000, 13000, 13000, 13000, 0, 14, 24),
(172, 'NL', 'NAULI X 15', 'BKS', 16000, 20000, 17000, 17000, 17000, 0, 14, 24),
(173, 'DK', 'DAKOTA X 10', 'BKS', 8138, 15000, 12000, 12000, 12000, 0, 14, 24),
(174, 'MTV', 'METAVY X 10', 'BKS', 50400, 55000, 53000, 53000, 53000, 0, 14, 24),
(175, 'ZTY', 'ZATAVY X 10', 'BKS', 55650, 65000, 60000, 60000, 60000, 0, 14, 24),
(176, 'YVT', 'YUVITA X 20', 'BKS', 59850, 65000, 64000, 64000, 64000, 0, 14, 24),
(177, 'YVTS', 'YUVITA SP X 20', 'BKS', 17440, 20000, 19000, 19000, 19000, 0, 14, 24),
(178, 'MST', 'MUSTANG F1 X 20', 'BKS', 27300, 35000, 30000, 30000, 30000, 0, 14, 24),
(179, 'JN', 'JENO F1 X 20', 'BKS', 18900, 25000, 20000, 20000, 20000, 0, 14, 24),
(180, 'MLN', 'MILANO F1 X 20', 'BKS', 25200, 30000, 28000, 28000, 28000, 0, 14, 24),
(181, 'LGN', 'LAGUNA F1 X 20', 'BKS', 30450, 35000, 32000, 32000, 32000, 0, 14, 24),
(182, 'BNZS', 'BONANZA SP X 5', 'BKS', 0, 0, 0, 0, 0, 0, 14, 24),
(183, 'BNZ', 'BONANZA F1 X 20', 'BKS', 117000, 125000, 125000, 125000, 125000, 0, 14, 24),
(184, 'BNZN', 'BONANZA NOW 1,800 BTR X 20', 'KLG', 98000, 110000, 105000, 105000, 105000, 0, 14, 24),
(185, 'SCD', 'SECADA F1 X 20', 'BKS', 0, 0, 0, 0, 0, 0, 14, 24),
(186, 'LRZ', 'LORENZA F1 X 20', 'BKS', 82500, 90000, 0, 90000, 0, 0, 14, 24),
(187, 'KML', 'KUMALA F1 X 20', 'BKS', 7500, 12000, 10000, 10000, 10000, 0, 14, 24),
(188, 'AT', 'ANGGUN TAVI X 15', 'BKS', 26250, 30000, 28000, 28000, 28000, 0, 14, 24),
(189, 'AZR', 'AZURA F1 X 15', 'BKS', 23100, 28000, 25000, 25000, 25000, 0, 14, 24),
(190, 'PR', 'PRIMA F1 X 15', 'BKS', 23100, 30000, 25000, 25000, 25000, 0, 14, 24),
(191, 'PRM', 'PRIMAVERA F1 X 15', 'BKS', 25500, 30000, 28000, 28000, 28000, 0, 14, 24),
(192, 'PRVS', 'PRIMAVERA SP X 20', 'BKS', 11990, 15000, 13000, 13000, 13000, 0, 14, 24),
(193, 'LSS', ' SUPREMA SP X 20', 'BKS', 11990, 15000, 13000, 13000, 13000, 0, 14, 24),
(194, 'LS9', ' SUPREMA 95 X 10', 'BKS', 24150, 30000, 26000, 26000, 26000, 0, 14, 24),
(195, 'LS2', ' SUPREMA 225 X 5', 'BKS', 58800, 65000, 62000, 62000, 62000, 0, 14, 24),
(196, 'LR', 'LABU RUMA X 10', 'BKS', 17850, 25000, 20000, 20000, 20000, 0, 14, 24),
(197, 'LM', 'LABU MADU X 10', 'BKS', 57225, 65000, 62000, 62000, 62000, 0, 14, 24),
(198, 'SS', 'SERVO SP X 20', 'BKS', 19075, 25000, 22000, 22000, 22000, 0, 14, 24),
(199, 'S2', 'SERVO X 20', 'BKS', 174350, 185000, 185000, 185000, 185000, 0, 14, 24),
(200, 'TM', 'TYMOTI F1 X 20', 'BKS', 0, 0, 0, 0, 0, 0, 14, 24),
(201, 'AMR', 'AMARA X 5', 'BKS', 144900, 155000, 150000, 150000, 150000, 0, 14, 24),
(202, 'LG', 'LEGYTA X10', 'BKS', 51425, 60000, 55000, 55000, 55000, 0, 14, 24),
(203, 'GRC', 'GRACIA X 10', 'BKS', 168000, 175000, 175000, 175000, 175000, 0, 14, 24),
(204, 'PRKS', 'PERKASA 500GR X 20', 'BKS', 48800, 58000, 53000, 53000, 53000, 0, 14, 24),
(205, 'MX', 'MAXIPRO SP X 5', 'BKS', 8720, 13000, 13000, 13000, 13000, 0, 14, 24),
(206, 'MX5', 'MAXIPRO 500GR X 20', 'BKS', 53000, 60000, 57000, 57000, 57000, 0, 14, 24),
(207, 'KTS', 'KANTON TAVI SP X 10', 'BKS', 8720, 15000, 10000, 10000, 10000, 0, 14, 24),
(208, 'KT', 'KANTON TAVI X 20', 'KLG', 117600, 125000, 120000, 120000, 120000, 0, 14, 24),
(209, 'PT', 'PARADE TAVI X 20', 'KLG', 117600, 125000, 120000, 120000, 120000, 0, 14, 24),
(210, 'VTC5', 'VITACHIX 5GR ', 'KTK', 40800, 50000, 50000, 50000, 50000, 1, 22, 16),
(211, 'VTC10', 'VITACHIX 10GR ', 'KTK', 56100, 63000, 60000, 60000, 60000, 1, 22, 16),
(212, 'TTCB', 'TETRA-CHLOR BOTOL', 'KTK', 130700, 135000, 135000, 135000, 135000, 1, 22, 16),
(213, 'TTCS', 'TETRA-CHLOR SACHET', 'KTK', 79520, 85000, 85000, 85000, 85000, 1, 22, 16),
(214, 'TTCB', 'TETRA-CHLOR SERBUK', 'KTK', 150000, 155000, 155000, 155000, 155000, 1, 22, 16),
(215, 'DXY', 'DOXYVET 10GR', 'KTK', 73200, 80000, 80000, 80000, 80000, 1, 22, 16),
(216, 'SP', 'SUPER POWER', 'KTK', 32880, 35000, 35000, 35000, 35000, 1, 22, 16),
(217, 'EX', 'EXITOR', 'KTK', 112600, 117000, 117000, 117000, 117000, 1, 22, 16),
(218, 'TRZ', 'TRYMEZIN 10GR', 'KTK', 114300, 120000, 120000, 120000, 120000, 1, 22, 16),
(219, 'VTS', 'VITASTRESS 10GR', 'KTK', 55500, 60000, 60000, 60000, 60000, 1, 22, 16),
(220, 'SPT', 'SUPER STRONG', 'KTK', 106800, 115000, 115000, 115000, 115000, 1, 22, 16),
(221, 'NB', 'NEOBRO 10GR', 'KTK', 57870, 65000, 63000, 63000, 63000, 1, 22, 16),
(222, 'TM1', 'TEMPAT MINUM 1LTR X 150', 'PCS', 7300, 10000, 8500, 8500, 8500, 1, 22, 16),
(223, 'TM3', 'TEMPAT MINUM 3LTR X 40', 'PCS', 18800, 25000, 21000, 21000, 21000, 1, 22, 16),
(224, 'TM5', 'TEMPAT MINUM 5LTR X 20', 'PCS', 0, 0, 0, 0, 0, 1, 22, 16),
(225, 'TM1', 'TEMPAT MAKAN 1KG X 60', 'PCS', 10200, 15000, 12000, 12000, 12000, 1, 22, 16),
(226, 'TM3', 'TEMPAT MAKAN 3KG', 'PCS', 17360, 25000, 20000, 20000, 20000, 1, 22, 16),
(227, 'THR', 'THERAPY 10GR', 'KTK', 121000, 125000, 125000, 125000, 125000, 1, 22, 16),
(228, 'LM5', 'LEMSAE 500ML X 30', 'BTL', 10500, 15000, 12500, 12500, 12500, 0, 19, 25),
(229, 'LM1', 'LEMSAE 1LTR X 20', 'BTL', 18000, 25000, 20000, 20000, 20000, 0, 19, 25),
(230, 'PRS1', 'PROMES 1LTR X 20', 'BTL', 20000, 25000, 22000, 22000, 22000, 0, 16, 25),
(231, 'PRS5', 'PROMES 500ML X 30', 'BTL', 11000, 15000, 12500, 12500, 12500, 0, 16, 25),
(232, 'GRP', 'GREENPANTAS 1LTR X 20', 'BTL', 13000, 20000, 18000, 18000, 18000, 0, 16, 25),
(233, 'GRM', 'GREENPANTAS MERICA 1LTR X 20', 'BTL', 13000, 25000, 20000, 20000, 20000, 0, 16, 25),
(234, 'GRP5', 'GREENPANTAS MERICA 500ML X 30', 'BTL', 8000, 15000, 13000, 13000, 13000, 0, 16, 25),
(235, 'NPB', 'NPK PRIMA BALLIGROW 1LTR X20', 'BTL', 23000, 30000, 25000, 25000, 25000, 0, 16, 25),
(236, 'CD', 'CALIFORNIA DUTA X 20', 'BKS', 22000, 30000, 25000, 25000, 25000, 0, 14, 6),
(237, 'AJS', 'ANJASMARA 10GR X 20', 'BKS', 26000, 35000, 30000, 3000, 30000, 0, 14, 6),
(238, 'MHM', 'MAHAMERU 10GR X 20', 'BKS', 22000, 30000, 25000, 25000, 25000, 0, 14, 6),
(239, 'DJ', 'DJITU 10GR X 20', 'BKS', 135000, 145000, 140000, 140, 140000, 0, 14, 6),
(240, 'AGR', 'AGRSITIK 1LTR X 12', 'BTL', 90000, 98000, 95000, 95000, 95000, 0, 19, 28),
(241, 'DBC', 'DOBELMECTIN 100ML X 50', 'KTK', 45000, 55000, 52000, 52000, 52000, 1, 3, 7),
(242, 'DBC2', 'DOBELMECTIN 250ML X 40', 'KTK', 110000, 130000, 125000, 125000, 125000, 1, 3, 7),
(243, 'EMP', 'EMPIRE 100ML X 50', 'KTK', 70000, 80000, 78000, 78000, 78000, 1, 3, 7),
(244, 'EMP2', 'EMPIRE 250ML X 40', 'KTK', 0, 0, 0, 0, 0, 0, 3, 7),
(245, 'XT', 'X-TRAIL 100ML X 50', 'KTK', 0, 0, 0, 0, 0, 0, 3, 7),
(246, 'VTZ', 'VOLTRAZE 100ML X 50', 'KTK', 57500, 70000, 65000, 65000, 65000, 1, 3, 7),
(247, 'VTR2', 'VOLTRAZE 250ML X 40', 'KTK', 0, 0, 0, 0, 0, 0, 3, 7),
(248, 'AVT', 'AVATAR 100ML X 36', 'BTL', 99000, 110000, 103000, 103000, 103000, 0, 1, 11),
(249, 'AVT ', 'AVATAR 250ML X 18', 'BTL', 255000, 265000, 260000, 260000, 260000, 0, 1, 11),
(250, 'CRN', 'CORONA 250ML X 18', 'KTK', 186000, 195000, 190000, 190000, 190000, 0, 3, 11),
(251, 'DS', 'DENSE 200GR X 20', 'KTK', 37600, 45000, 42000, 42000, 42000, 1, 2, 11),
(252, 'AST', 'ASTONISH 250ML X 48', 'BTL', 52550, 58000, 55000, 55000, 55000, 0, 16, 11),
(253, 'JN', 'JON-UP 1LTR X 20', 'BTL', 0, 0, 0, 0, 0, 0, 1, 22),
(254, 'ABC', 'ABACEL 100ML X 50', 'BTL', 28000, 40000, 35000, 35000, 35000, 0, 3, 30),
(255, 'ABC2', 'ABACEL 250ML X 40', 'BTL', 65000, 85000, 80000, 80000, 80000, 0, 3, 30),
(256, 'ABC5', 'ABACEL 500ML X 20', 'BTL', 122000, 155000, 150000, 150000, 150000, 0, 3, 30),
(257, 'ABC1', 'ABACEL 1LTR X 10', 'BTL', 0, 0, 0, 0, 0, 0, 3, 30),
(258, 'ACP', 'ACAPELA 100ML ', 'BTL', 80000, 90000, 85000, 85000, 85000, 1, 2, 12),
(259, 'ACR', 'ACROBAT 40GR X 6', 'BKS', 0, 0, 0, 0, 0, 0, 2, 21),
(260, 'AK', 'AKI ELEKTRIK', 'KTK', 160000, 175000, 170000, 170000, 170000, 1, 9, 27),
(261, 'AU', 'ALAMI UMUM 500ML X 30', 'BTL', 0, 0, 0, 0, 0, 0, 16, 9),
(262, 'ATB', 'ANTABOGA X 12', 'BKS', 48000, 55000, 52500, 52500, 52500, 0, 14, 15),
(263, 'ANT2', 'ANTRACOL 250GR X 40', 'BKS', 32000, 40000, 37000, 37000, 36000, 1, 2, 13),
(264, 'ANT5', 'ANTRACOL 500GR X 20', 'BKS', 63000, 70000, 67500, 67500, 67000, 1, 2, 13),
(265, 'ANT1K', 'ANTRACOL 1KG X 12', 'BKS', 123000, 130000, 128000, 128000, 127000, 0, 2, 13),
(266, 'ANW', 'ANWAVIN 500ML X 20', 'BTL', 90000, 100000, 95000, 95000, 95000, 1, 3, 18),
(267, 'EP', 'EQUATION PRO X 5', 'BKS', 93000, 98000, 96000, 96000, 96000, 1, 2, 12),
(268, 'AJ', 'ARIT J', 'PCS', 35000, 45000, 40000, 40000, 40000, 0, 7, 9),
(269, 'AT', 'ARIT T', 'PCS', 30000, 40000, 35000, 35000, 35000, 0, 7, 9),
(270, 'AD', 'ARIT D', 'PCS', 40000, 50000, 45000, 45000, 45000, 0, 7, 9),
(271, 'AU', 'ASANDAH UMUM', 'BTL', 0, 0, 0, 0, 0, 0, 16, 9),
(272, 'ALS', 'AS LURUS SOLO', 'PCS', 13900, 20000, 16000, 16000, 16000, 0, 9, 3),
(273, 'ASK', 'ASOKA X 15', 'BKS', 0, 0, 0, 0, 0, 0, 14, 15),
(274, 'AST', 'ASTONISH 100ML X 30', 'BTL', 22900, 35000, 30000, 30000, 30000, 0, 16, 11),
(275, 'ATK', 'ATONIK 500ML X 20', 'BTL', 53500, 60000, 58000, 58000, 58000, 0, 16, 28),
(277, 'BP', 'B2 PRO X 50', 'BKS', 13000, 25000, 18000, 18000, 18000, 0, 16, 15),
(278, 'BYF', 'BAYFOLAN 500ML X 20', 'BTL', 26050, 30000, 28000, 28000, 28000, 1, 17, 28),
(279, 'BBLS', 'BABLAS 1LTR X 20', 'BTL', 49500, 55000, 55000, 55000, 55000, 0, 1, 14),
(280, 'BBL5', 'BABLAS 5LTR X 4', 'JRGN', 242500, 270000, 265000, 265000, 265000, 0, 1, 14),
(281, 'BBL2', 'BABLAS 20LTR', 'GALON', 930000, 1000000, 990000, 990000, 990000, 0, 1, 14),
(282, 'BMS', 'BIMASTAR 1LTR X 12', 'BTL', 46700, 51000, 50000, 50000, 50000, 1, 1, 26),
(283, 'BMS5', 'BIMASTAR 5LTR X 4', 'JRGN', 208890, 225000, 220000, 220000, 220000, 1, 1, 26),
(284, 'TO', 'TOMBOL ON-OFF ELEKTRIK', 'PCS', 10000, 20000, 15000, 15000, 15000, 0, 9, 27),
(285, 'BLX', 'BENLOX 250GR X 20', 'KTK', 78000, 85000, 85000, 85000, 85000, 0, 2, 11),
(286, 'BS', 'BASSA 400ML X 20', 'BTL', 31350, 40000, 35000, 35000, 35000, 1, 3, 20),
(287, 'BSN', 'BESNOID 100GR X 50', 'BKS', 53000, 60000, 58000, 58000, 58000, 0, 3, 11),
(288, 'BSN1', 'BESNOID 400GR X 20', 'BKS', 202300, 220000, 215000, 215000, 215000, 0, 3, 11),
(289, 'BCT', 'BACTOMICIN 60GR X 25', 'BTL', 40000, 50000, 45000, 45000, 45000, 0, 15, 20),
(290, 'BTR', 'BATARA F1 X 10', 'BKS', 55650, 65000, 60000, 60000, 60000, 0, 14, 24),
(291, 'BLS', 'BAUT L SOLO', 'PCS', 875, 5000, 1500, 1500, 1500, 0, 9, 3),
(293, 'CP1', 'CAPTURE 1LTR X 20', 'BTL', 76300, 85000, 79500, 79500, 79000, 0, 3, 11),
(294, 'KEF', 'KNAPSAK ELEKTRIK FERTILIZER', 'SET', 625000, 675000, 650000, 650000, 650000, 0, 10, 27),
(295, 'CB', 'CANGKUL BLITAR', 'PCS', 110000, 120000, 120000, 120000, 120000, 0, 7, 9),
(296, 'CS', 'CABE SEMESTA X 15', 'BKS', 17500, 30000, 0, 23000, 0, 0, 14, 27),
(297, 'CK', 'CANGKUL KECIL', 'PCS', 75000, 85000, 85000, 85000, 85000, 0, 7, 9),
(298, 'LNT', 'LANNATE 250GR X 40', 'BKS', 37350, 42000, 42000, 40000, 42000, 1, 3, 12),
(299, 'CP5', 'CAPTURE 500ML X 30', 'BTL', 41900, 45000, 43000, 43000, 43000, 0, 3, 11),
(300, 'CE', 'CHARGER ELEKTRIK', 'PCS', 60000, 75000, 70000, 70000, 70000, 1, 9, 27),
(301, 'CHX', 'CHIX 100ML X 50', 'BTL', 16000, 20000, 18000, 18000, 18000, 1, 3, 26),
(302, 'CHX 2', 'CHIX 250ML X 20', 'BTL', 38000, 45000, 43000, 43000, 43000, 1, 3, 26),
(303, 'CHX5', 'CHIX 500ML X 20', 'BTL', 71000, 78000, 75000, 75000, 75000, 1, 3, 26),
(304, 'CT', 'CHLORMITE 500ML X 24', 'BTL', 78700, 85000, 83000, 83000, 83000, 1, 3, 11),
(305, 'CH1', 'CHLORMITE 1LTR X 20', 'BTL', 135000, 145000, 140000, 140000, 140000, 0, 3, 11),
(306, 'CPT', 'CHEPATE X 20', 'BKS', 0, 0, 0, 0, 0, 0, 3, 26),
(307, 'SS', 'SABUK SOLO', 'PCS', 10100, 20000, 13000, 13000, 13000, 0, 9, 3),
(308, 'C99', 'CALSIUM ROYAL99 X 20', 'KTK', 0, 0, 0, 0, 0, 0, 5, 9),
(309, 'CSB', 'CALSIUM SUSU 1KG X 20', 'BKS', 17000, 25000, 22000, 22000, 22000, 0, 5, 9),
(310, 'CLQ', 'CALSUS LIQUID X 20', 'BTL', 23000, 30000, 25000, 25000, 25000, 0, 5, 9),
(311, 'CTR', 'CENTARON 1KG X 20', 'KTK', 122500, 140000, 135000, 135000, 135000, 1, 1, 27),
(312, 'CRN', 'CARINO 100ML X 36', 'KTK', 34500, 40000, 38000, 38000, 38000, 0, 3, 11),
(313, 'CRN', 'CORONA 100ML X 36', 'KTK', 77000, 85000, 80000, 80000, 80000, 0, 3, 11),
(314, 'PC', 'PARE CROWN 10GR X 12', 'BKS', 18000, 25000, 22000, 22000, 22000, 0, 14, 15),
(315, 'CNR', 'CANITRO 1KG X 20', 'BKS', 20350, 25000, 23000, 23000, 23000, 1, 16, 15),
(316, 'CT', 'CANGKUL TANI', 'PCS', 140000, 150000, 150000, 150000, 150000, 0, 7, 9),
(317, 'DCS5', 'DECIS 50ML X 100', 'BTL', 14000, 20000, 17000, 17000, 17000, 1, 3, 13),
(318, 'DCS1', 'DECIS 100ML X 100', 'BTL', 25500, 30000, 28000, 28000, 28000, 1, 3, 13),
(319, 'DCS2', 'DECIS 250ML X 40', 'BTL', 62000, 70000, 67500, 67500, 67500, 1, 3, 13),
(320, 'DCS500', 'DECIS 500ML X 20', 'BTL', 121000, 130000, 125000, 125000, 125000, 1, 3, 13),
(321, 'DM1', 'DEMOLISH 100ML X 36', 'KTK', 93250, 100000, 100000, 100000, 100000, 0, 3, 11),
(322, 'DMS2', 'DEMOLISH 200ML X 18', 'KTK', 153000, 170000, 165000, 165000, 165000, 0, 3, 11),
(323, 'DK', 'DANGKE 100GR X 100', 'KTK', 25500, 28000, 27000, 27000, 27000, 0, 3, 11),
(324, 'DK2', 'DANGKE 250GR X 40', 'BKS', 56800, 61000, 59000, 59000, 59000, 0, 3, 11),
(325, 'SGN', 'SIGANTUNG 10GR X 15', 'BKS', 20000, 30000, 28000, 28000, 28000, 0, 14, 33),
(326, 'DT', 'DHITANE 200GR X 50', 'BKS', 23000, 30000, 26000, 26000, 26000, 1, 2, 13),
(327, 'DTN', 'DHITANE 500GR X 20', 'BKS', 53000, 60000, 56000, 56000, 56000, 1, 2, 13),
(328, 'DTN1', 'DHITANE 1KG X 20', 'BKS', 103000, 115000, 108000, 108000, 108000, 1, 2, 13),
(329, 'DRS', 'DURSBAN 100ML X 50', 'BTL', 13500, 20000, 15000, 15000, 15000, 1, 3, 13),
(330, 'DRS', 'DURSBAN 250ML X 20', 'BTL', 30000, 40000, 33000, 33000, 33000, 0, 3, 13),
(331, 'DRS5', 'DURSBAN 500ML X 20', 'BTL', 49500, 55000, 53000, 53000, 53000, 1, 3, 13),
(332, 'DLM', 'DOLOMIT 50KG', 'SAK', 37000, 50000, 50000, 55000, 50000, 0, 5, 28),
(333, 'DMA', 'DMA-6 400ML X 20', 'BTL', 52000, 54000, 54000, 54000, 54000, 1, 1, 13),
(334, 'DMN', 'DEMAND 100ML X 50', 'BTL', 60750, 65000, 65000, 65000, 64000, 1, 3, 26),
(335, 'ELB', 'ELBOW PB-16', 'PCS', 15000, 25000, 20000, 20000, 20000, 0, 9, 3),
(336, 'EMP', 'EM4 PERTANIAN 1LTR X 15', 'BTL', 17000, 25000, 20000, 20000, 20000, 0, 15, 28),
(337, 'EMPP', 'EM4 PETERNAKAN 1LTR X 15', 'BTL', 15000, 20000, 18000, 18000, 18000, 0, 15, 28),
(338, 'EP', 'ENGKOL PB-16', 'PCS', 35000, 45000, 40000, 40000, 40000, 0, 9, 3),
(339, 'ETR', 'ETRHEL X 100', 'BTL', 37500, 45000, 40000, 40000, 40000, 0, 12, 13),
(340, 'EXC', 'EXOTIC X 40', 'BKS', 85000, 100000, 95000, 90000, 95000, 0, 14, 8),
(341, 'EXP', 'EXPLORE 250ML X 36', 'KTK', 100000, 110000, 105000, 105000, 105000, 0, 3, 11),
(342, 'FRD1', 'FURADAN 1KG X 10', 'BKS', 18250, 25000, 21000, 21000, 21000, 1, 3, 13),
(343, 'FRD2', 'FURADAN 2KG X 10', 'BKS', 34200, 40000, 37000, 37000, 37000, 1, 3, 13),
(344, 'FS', 'FAUK SOLO', 'PCS', 8000, 15000, 14000, 14000, 14000, 0, 9, 3),
(345, 'FSS', 'FLAT SPRAY SOLO', 'PCS', 0, 0, 0, 0, 0, 0, 9, 3),
(346, 'FE', 'FILTER PB 16', 'PCS', 15000, 25000, 20000, 20000, 20000, 0, 9, 3),
(348, 'GRT', 'GREENTAMA 500ML', 'BTL', 8000, 15000, 13000, 13000, 13000, 0, 16, 25),
(349, 'GB1', 'GANDASIL B 100 X 144', 'BKS', 8500, 13000, 10000, 10000, 10000, 0, 16, 28),
(350, 'GB5', 'GANDASIL B 500 X 24', 'BKS', 33500, 38000, 35000, 35000, 35000, 0, 16, 28),
(351, 'GD1', 'GANDASIL D 100 X 144', 'BKS', 7500, 13000, 9500, 9500, 9500, 0, 17, 28),
(352, 'GD5', 'GANDASIL D 500 X 24', 'BKS', 30000, 38000, 35000, 35000, 35000, 0, 17, 28),
(353, 'GR1', 'GARLON 100ML X 50', 'BTL', 24475, 300000, 28000, 28000, 28000, 1, 1, 26),
(354, 'GR1L', 'GARLON 1LTR X 10', 'BTL', 184000, 200000, 195000, 195000, 195000, 1, 1, 26),
(355, 'GSK', 'GEMBOR SENG K ', 'PCS', 50000, 60000, 55000, 55000, 55000, 0, 7, 9),
(356, 'GSB', 'GEMBOR SENG B', 'PCS', 75000, 85000, 80000, 80000, 80000, 0, 7, 9),
(357, 'GB', 'GRAND BAYU 500GR', 'BKS', 0, 0, 0, 0, 0, 0, 14, 33),
(358, 'GP', 'GEMBOR PLASTIK X 12', 'PCS', 34000, 50000, 45000, 45000, 45000, 0, 7, 28),
(359, 'JGS', 'JAGUNG GILING SM 25KG', 'SAK', 160000, 180000, 180000, 180000, 170000, 0, 6, 28),
(360, 'GMXN', 'GEMAXONE 1LTR X 20', 'BTL', 530000, 60000, 57000, 57000, 56000, 0, 1, 14),
(361, 'GR4', 'GARLON 4LTR X 6', 'JRGN', 640000, 670000, 640000, 640000, 640000, 1, 1, 26),
(362, 'GRM135', 'GRAMOXONE 135SL 1LTR  X 20', 'BTL', 61875, 65000, 63000, 63000, 63000, 1, 1, 26),
(363, 'GRT5', 'GREENTONIK 500ML X 30', 'BTL', 8000, 15000, 9500, 9500, 9500, 0, 16, 28),
(364, 'GRT1', 'GREENTONIK 1LTR X 24', 'BTL', 11250, 20000, 15000, 15000, 14000, 0, 16, 28),
(365, 'HD', 'HIJAU DAUN 200GR X 50', 'BKS', 13000, 20000, 18000, 18000, 18000, 0, 17, 15),
(366, 'JMB', 'JAMBORE X 40', 'BKS', 25000, 30000, 28000, 28000, 28000, 0, 14, 8),
(367, 'JBM', 'JAGUNG BIJI MADURA 25KG', 'SAK', 195000, 210000, 205000, 210000, 205000, 0, 6, 28),
(368, 'JS', 'JAT SPRAY X 24', 'PCS', 8000, 120000, 10000, 10000, 10000, 0, 7, 28),
(369, 'JHP', 'JAGUNG HIBRIDA PERTIWI 3', 'BKS', 0, 0, 0, 0, 0, 0, 14, 8),
(370, 'MR', 'MANIS RADJA X 40', 'BKS', 24000, 30000, 27000, 27000, 27000, 0, 14, 27),
(371, 'CJ', 'CALIFORNIA JUPE X 25', 'BKS', 26000, 35000, 300000, 30000, 30000, 0, 14, 6),
(372, 'JU', 'JUMP UP 1LTR X 20', 'BTL', 52500, 58000, 56000, 56000, 56000, 0, 1, 14),
(373, 'KG', 'KARET GUCI PB-16', 'PCS', 0, 0, 0, 0, 0, 0, 9, 9),
(374, 'KS', 'KUBIS SEHATI X 10', 'BKS', 0, 0, 0, 0, 0, 0, 14, 24),
(375, 'KACL', 'KACEL SL 50KG', 'SAK', 0, 0, 0, 0, 0, 0, 5, 28),
(376, 'KM', 'KCL MAHKOTA 50KG', 'SAK', 275000, 350000, 320000, 32000, 320000, 0, 5, 28),
(377, 'KBS', 'KUDA2 / BEBEK SOLO', 'PCS', 5800, 10000, 8000, 8000, 8000, 0, 9, 3),
(378, 'GG', 'GIGA F1 X 15', 'BKS', 0, 0, 0, 0, 0, 0, 14, 24),
(379, 'KB', 'KANGKUNG BIKA X 20', 'BKS', 0, 0, 0, 0, 0, 0, 14, 8),
(380, 'KL', 'KANGKUNG LOKAL 50KG', 'BKS', 37000, 40000, 39000, 39000, 39000, 0, 14, 9),
(381, 'KL', 'KLENSECT 100ML X 100', 'BTL', 19500, 25000, 22000, 22000, 22000, 0, 3, 11),
(382, 'KL2', 'KLENSECT 200ML X 48', 'BTL', 36500, 40000, 39000, 40000, 40000, 0, 3, 11),
(383, 'KL5', 'KLENSECT 500ML X 24', 'BTL', 80100, 85000, 83000, 83000, 83000, 0, 3, 11),
(384, 'KTS', 'KLEM TABUNG SOLO', 'PCS', 3800, 7000, 4500, 4500, 4500, 0, 9, 3),
(385, 'KKS', 'KLEP KARET SOLO', 'PCS', 3500, 5000, 4000, 4000, 4000, 0, 9, 3),
(386, 'KG', 'KARET GELANG ', 'BKS', 16250, 25000, 19000, 19000, 19000, 0, 7, 9),
(387, 'MKPB', 'MULSA KUNCI PUTIH B', 'ROLL', 521000, 580000, 575000, 575000, 575000, 1, 7, 5),
(388, 'MKPK', 'MULSA KUNCI PUTIH K', 'ROLL', 242000, 285000, 285000, 285000, 285000, 1, 7, 5),
(389, 'MKHP', 'MULSA KUNCI HITAM PERAK', 'ROLL', 52000, 580000, 575000, 575000, 575000, 0, 7, 5),
(390, 'MB', 'MULSA BELILA ', 'ROLL', 0, 0, 0, 0, 0, 0, 7, 27),
(391, 'KL', 'KUNCI L', 'PCS', 2500, 5000, 3500, 3500, 3500, 0, 7, 3),
(392, 'KM', 'KNO MERAH 2KG X 15', 'BKS', 38800, 45000, 43000, 43000, 43000, 1, 16, 22),
(393, 'KP', 'KNO PUTIH 2KG X 15', 'BKS', 43500, 50000, 48000, 48000, 48000, 1, 16, 22),
(394, 'KSC', 'KNAPSACK SPRAYER CHOTA LITE', 'SET', 0, 0, 0, 0, 0, 0, 10, 3),
(395, 'KLR', 'KELERENG PB-16', 'PCS', 0, 0, 0, 0, 0, 0, 9, 9),
(396, 'SS', 'STOPKRAN SOLO', 'PCS', 11700, 15000, 13000, 13000, 13000, 0, 9, 3),
(397, 'KKE', 'KNAPSACK KRESNA ELEKTRIK', 'SET', 570000, 60000, 600000, 600000, 600000, 0, 10, 14),
(398, 'KX', 'KUPROXAT 500ML X 20', 'BTL', 68200, 75000, 73000, 73000, 73000, 1, 3, 26),
(399, 'LD2', 'LINDOMIN 200ML X 40', 'BTL', 19700, 25000, 22000, 22000, 22000, 1, 1, 26),
(400, 'LD4', 'LINDOMIN 400ML X 20', 'BTL', 35460, 40000, 38000, 380000, 38000, 1, 1, 26),
(401, 'LD1', 'LINDOMIN 1LTR X 12', 'BTL', 81750, 90000, 86000, 86000, 86000, 1, 1, 26),
(402, 'LNT1', 'LANNATE 100GR X 100', 'BKS', 16650, 22000, 19500, 19500, 19500, 1, 3, 12),
(403, 'LN2', 'LANNATE 15GR X 150', 'BKS', 3000, 5000, 4000, 4000, 4000, 1, 3, 12),
(404, 'LN5', 'LANNATE 500GR X 20', 'BKS', 78500, 85000, 83000, 83000, 83000, 1, 3, 12),
(405, 'EE', 'ELBOW ELEKTRIK', 'PCS', 5000, 15000, 10000, 10000, 10000, 0, 9, 27),
(406, 'LCN', 'LACONIK 250ML X 18', 'BTL', 135500, 140000, 140000, 140000, 140000, 0, 3, 11),
(407, 'LT', 'LEM TIKUS X 12', 'KTK', 14300, 20000, 15000, 15000, 15000, 0, 7, 9),
(408, 'LGG', 'LINGGA', 'PCS', 17000, 25000, 25000, 25000, 25000, 0, 7, 9),
(409, 'LJ', 'LAJU F1 X 15', 'BKS', 154350, 165000, 160000, 160000, 160000, 0, 14, 24),
(410, 'LL', 'LEILI 100ML X 60', 'BTL', 23450, 30000, 25000, 25000, 25000, 0, 16, 11),
(411, 'LL2', 'LEILI 250ML X 48', 'BTL', 54750, 65000, 60000, 60000, 60000, 0, 16, 11),
(412, 'ML', 'MELON LEONY X 10', 'BKS', 167500, 180000, 175000, 175000, 175000, 0, 14, 33),
(414, 'MMB', 'MAMIGRO B 500GR', 'BKS', 27000, 35000, 30000, 30000, 30000, 0, 16, 15),
(415, 'MMGD', 'MAMIGRO D 500GR', 'BKS', 27000, 35000, 30000, 30000, 30000, 0, 17, 15),
(416, 'MRS', 'MARSHAL 500ML X 24', 'BTL', 72500, 80000, 76000, 76000, 76000, 1, 3, 13),
(417, 'MRT', 'MARUTI X 20', 'BKS', 50000, 58000, 55000, 55000, 55000, 0, 14, 8),
(418, 'MNT', 'MANTRACOL 200GR X 50', 'BKS', 20000, 30000, 28000, 28000, 28000, 0, 2, 30),
(419, 'MNT5', 'MANTRACOL 500GR X 16', 'BKS', 47000, 60000, 55000, 55000, 55000, 0, 2, 30),
(420, 'MNT1', 'MANTRACOL 1KG X 12', 'BKS', 94000, 105000, 105000, 105000, 105000, 0, 2, 30),
(421, 'MTF', 'METAFURON 5GR X 20', 'BKS', 3400, 5000, 4000, 4000, 4000, 1, 1, 26),
(422, 'MTF2', 'METAFURON 250GR X 8', 'BTL', 50000, 60000, 60000, 60000, 60000, 1, 1, 26),
(423, 'NH1', 'NPK HANTU 1LTR X 20', 'BTL', 90000, 105000, 100000, 100000, 100000, 0, 12, 9),
(424, 'ZH', 'ZPT HANTU 1LTR X 20', 'BTL', 90000, 105000, 100000, 100000, 100000, 0, 12, 9),
(425, 'NMD', 'NOMAD 1LTR X 20', 'BTL', 48000, 55000, 54000, 540000, 53000, 1, 1, 20),
(426, 'NMD2', 'NOMAD 20LTR', 'GALON', 0, 0, 0, 0, 0, 0, 1, 20),
(428, 'NP', 'NEW PRIMAXONE 1LTR X 20', 'BTL', 75000, 85000, 80000, 80000, 80000, 1, 1, 27),
(429, '161616', 'NPK YARAMILA 16-16-16 50KG', 'SAK', 450000, 490000, 485000, 485000, 485000, 1, 5, 13),
(430, 'NTR', 'NUTRISI 1LTR X 20', 'BTL', 24000, 40000, 30000, 30000, 30000, 0, 12, 9),
(431, 'NO', 'NOZEL ORANGE', 'PCS', 2600, 4000, 3000, 3000, 3000, 0, 9, 3),
(432, 'NC', 'NOZEL NEW CB-16', 'PCS', 12500, 25000, 230000, 23000, 23000, 0, 9, 27),
(433, 'SE', 'STOPKRAN ELEKTRIK', 'PCS', 12500, 25000, 17000, 18000, 17000, 0, 9, 27),
(434, 'STPP', 'STOPKRAN PB-16', 'PCS', 31300, 45000, 40000, 40000, 40000, 0, 9, 3),
(435, 'KP', 'KACANG PERTIWI X 40', 'BKS', 80000, 90000, 90000, 90000, 90000, 0, 14, 8),
(436, 'PQ1', 'PILARQUAT 1LTR X 20', 'BTL', 34000, 45000, 40000, 40000, 40000, 1, 1, 27),
(437, 'PQ5', 'PILARQUAT 5LTR X 4', 'JRGN', 160000, 215000, 190000, 190000, 190000, 1, 1, 27),
(438, 'PM', 'PENJEPIT MULSA', 'PCS', 15500, 20000, 18000, 18000, 18000, 0, 7, 9),
(439, 'PS', 'PENJEPIT SOLO', 'PCS', 1000, 3000, 3000, 3000, 3000, 0, 9, 3),
(441, 'WB', 'WONOKOYO BR1 50KG', 'SAK', 367000, 380000, 380000, 380000, 375000, 0, 6, 32),
(442, 'BR2', 'WONOKOYO BR2 50KG', 'SAK', 367000, 380000, 385000, 380000, 375000, 0, 6, 32),
(443, 'P5', 'PLASTIK 5CM', 'PCS', 9000, 12000, 10000, 10000, 10000, 0, 7, 9),
(444, 'P6', 'PLASTIK 6CM', 'PCS', 9000, 13000, 11000, 11000, 11000, 0, 7, 9),
(445, 'PB1520', 'POLIBEK 15 X 20', 'PAK', 0, 0, 0, 0, 0, 0, 7, 5),
(446, 'PB1015', 'POLIBEK 10 X 15', 'PAK', 0, 0, 0, 0, 0, 0, 7, 5),
(447, 'PB3035 ', 'POLIBEK 30 X 35', 'PAK', 0, 0, 0, 0, 0, 0, 7, 5),
(448, 'PN1', 'PENALTY 100ML X 36', 'KTK', 31000, 35000, 33000, 33000, 33000, 0, 3, 11),
(449, 'PN2', 'PENALTY 200ML X 36', 'KTK', 58500, 65000, 60000, 60000, 60000, 0, 3, 11),
(450, 'PN5', 'PENALTY 500ML X 12', 'BTL', 137000, 145000, 142000, 142000, 142000, 0, 3, 11),
(451, 'PD', 'POINT DUATANI 500ML', 'BTL', 0, 0, 0, 0, 0, 0, 16, 9),
(452, 'PD1', 'POINT DUATANI 1LTR', 'BTL', 0, 0, 0, 0, 0, 0, 16, 9),
(453, 'PL', 'POTRAY LUBANG 50 X 100', 'PCS', 16000, 20000, 18000, 18000, 18000, 0, 7, 9),
(454, 'PL7', 'POTRAY LUBANG 72 X 100', 'PCS', 16000, 20000, 18000, 18000, 18000, 0, 7, 9),
(455, 'SL', 'PUPUK PEMBENAH TANAH SL 50KG', 'SAK', 0, 0, 0, 0, 0, 0, 5, 28),
(456, 'PRM', 'PRIMAXONE 20LTR ', 'GALON', 900000, 1000000, 985000, 985000, 985000, 1, 1, 27),
(457, 'PRM5', 'PRIMAXONE 5LTR X 4', 'JRGN', 233000, 265000, 260000, 260000, 260000, 1, 1, 27),
(458, 'PRM1', 'PRIMAXONE 1LTR X 20', 'BTL', 48000, 55000, 53000, 53000, 53000, 1, 1, 27),
(459, 'PRV', 'PREVATHON 100ML X 40', 'BTL', 64500, 75000, 700000, 70000, 70000, 1, 3, 12),
(460, 'PRV2', 'PREVATHON 250ML X 24', 'BTL', 124000, 130000, 128000, 128000, 128000, 1, 3, 12),
(461, 'PRG', 'PARAGON X 40', 'BKS', 90000, 100000, 95000, 95000, 95000, 0, 14, 8),
(462, 'PRT', 'PROTHEPON 100ML X 50', 'BTL', 28000, 35000, 32000, 32000, 32000, 1, 12, 15),
(463, 'PRV5', 'PREVATHON 500ML X 20', 'BTL', 0, 0, 0, 0, 0, 0, 3, 12),
(464, 'PSN', 'PESONA 20GR X 6', 'BKS', 56000, 65000, 60000, 60000, 60000, 0, 14, 15),
(465, 'PA', 'PLASTIK ATAP 100 X 25', 'PCS', 0, 0, 0, 0, 0, 0, 7, 9),
(466, 'FSTN', 'FOSTIN 400ML X 20', 'BTL', 70000, 80000, 78000, 78000, 78000, 0, 3, 14),
(467, 'FSTN1', 'FOSTIN 1LTR X 12', 'BTL', 160000, 170000, 165000, 165000, 165000, 0, 3, 14),
(468, 'PTK', 'PARE PETAKU 20GR', 'BKS', 0, 0, 0, 0, 0, 0, 14, 15),
(469, 'SP', 'SIERAD PETELOR T204', 'SAK', 0, 0, 0, 0, 0, 0, 6, 31),
(470, 'PE', 'POTENSIO ELEKTRIK', 'PCS', 27500, 35000, 35000, 35000, 35000, 0, 9, 27),
(471, 'PEM', 'PUMP ELEKTRIK', 'PCS', 140000, 150000, 150000, 150000, 150000, 0, 9, 27),
(472, 'PRMX1', 'PRIMA X 1LTR X 20', 'BTL', 43500, 55000, 50000, 50000, 50000, 1, 1, 27),
(473, 'PRM5', 'PRIMA X 5LTR X 4', 'JRGN', 210000, 250000, 245000, 245000, 245000, 1, 1, 27),
(474, 'PRM20', 'PRIMA X 20LTR', 'GALON', 800000, 980000, 950000, 950000, 950000, 1, 1, 27),
(475, 'RZT', 'RIZOTIN 100ML X 50', 'BTL', 15700, 18000, 17000, 17000, 17000, 1, 3, 28),
(476, 'RZT5', 'RIZOTIN 500ML X 20', 'BTL', 44000, 55000, 48000, 48000, 48000, 1, 3, 28),
(477, 'RDP1', 'ROUNDUP 1LTR X 12', 'BTL', 76000, 80000, 79000, 79000, 78000, 1, 1, 13),
(478, 'RDP5', 'ROUNDUP 4 LTR X 4', 'JRGN', 283400, 290000, 288500, 288500, 288500, 1, 1, 13),
(479, 'RDP20', 'ROUNDUP 20LTR', 'GALON', 1230000, 1280000, 1275000, 1275000, 1275000, 1, 1, 13),
(480, 'RG5', 'REGENT 50ML X 80', 'BTL', 16750, 20000, 18000, 18000, 18000, 1, 3, 13),
(481, 'RG1', 'REGENT 100ML X 48', 'BTL', 31600, 40000, 34000, 34000, 34000, 1, 3, 13),
(482, 'RGT2', 'REGENT 250ML X 24', 'BTL', 78500, 85000, 83000, 83000, 83000, 1, 3, 13),
(483, 'RGT500', 'REGENT 500ML X 10', 'BTL', 150000, 160000, 155000, 155000, 155000, 1, 3, 13),
(484, 'RTH', 'RATIH HIJAU 10GR X 12', 'BKS', 31500, 40000, 35000, 35000, 35000, 0, 14, 15),
(485, 'RP5', 'RAPTOR 500ML X 20', 'BTL', 38000, 45000, 40000, 40000, 40000, 0, 12, 11),
(486, 'RP1', 'RAPTOR 1LTR X 12', 'BTL', 70000, 80000, 75000, 75000, 75000, 0, 12, 11),
(487, 'RMPS', 'RUMPAS X 100', 'BTL', 37000, 45000, 42000, 42000, 42000, 1, 1, 13),
(488, 'RTC', 'RATCEL 10GR X 100', 'BKS', 1700, 5000, 2000, 3500, 3500, 0, 21, 30),
(489, 'RC', 'RATCEL 100GR X 100', 'KLG', 16000, 20000, 18000, 18000, 18000, 0, 21, 30),
(490, 'RU', 'RATIH UNGU X 12', 'BKS', 30000, 40000, 38000, 38000, 38000, 0, 14, 15),
(491, 'SPB', 'SELANG PB-16', 'PCS', 32400, 45000, 40000, 40000, 40000, 0, 9, 3),
(492, 'SEK', 'SABUK ELEKTRIK', 'PCS', 0, 0, 0, 0, 0, 0, 9, 27),
(493, 'SDI', 'SELANG DRIP INFUS', 'KTK', 100000, 135000, 130000, 130000, 130000, 0, 7, 5),
(494, 'SE', 'SELANG ELEKTRIK', 'PCS', 15000, 25000, 20000, 20000, 20000, 0, 9, 27),
(495, 'SSO', 'SELANG SOLO', 'PCS', 9700, 15000, 12000, 12000, 12000, 0, 9, 3),
(496, 'SV100', 'SEVIN 100GR X 100', 'BKS', 26000, 30000, 27500, 27500, 27500, 0, 3, 4),
(497, 'SV500', 'SEVIN 500GR X 40', 'BKS', 98000, 110000, 102000, 102000, 102000, 0, 3, 4),
(498, 'SK', 'SAWI KUMALA X 15', 'BKS', 7500, 12000, 10000, 10000, 10000, 0, 14, 8),
(499, 'SLDR', 'SILINDER SOLO', 'PCS', 9200, 15000, 12000, 12000, 12000, 0, 9, 3),
(500, 'SHS', 'SAMBUNGAN H SOLO', 'PCS', 2000, 5000, 4000, 4000, 4000, 0, 9, 3),
(501, 'ABG', 'SEMANGKA ABG 10GR', 'BKS', 0, 0, 0, 0, 0, 0, 14, 27),
(502, 'GRN', 'GARNIS 10GR X 10', 'BKS', 0, 0, 0, 0, 0, 0, 14, 24),
(503, 'SPR', 'SPRINT X 30', 'BTL', 9000, 13000, 12000, 12000, 12000, 0, 16, 28),
(504, 'SP2', 'SPONTAN 200ML X 20', 'BTL', 26000, 33000, 28000, 28000, 28000, 0, 3, 4),
(505, 'SP5', 'SPONTAN 500ML X 20', 'BTL', 45000, 50000, 48000, 48000, 48000, 0, 3, 4),
(506, 'SP1L', 'SPONTAN 1LTR X 12', 'BTL', 83500, 90000, 87500, 87500, 86500, 0, 3, 4),
(507, 'SPRD', 'SPREADER 500ML X 24', 'BTL', 61000, 65000, 65000, 65000, 65000, 0, 19, 11),
(508, 'SPTRO', 'PUPUK PEMBENAH TANAH SP-TRO 36 50KG', 'SAK', 102000, 135000, 130000, 130000, 130000, 0, 5, 28),
(510, 'SPRTX', 'SUPRETOX 1LTR X 20', 'BTL', 55700, 60000, 59000, 59000, 59000, 0, 1, 11),
(511, 'SPRTX4', 'SUPRETOX 4LTR X 6', 'JRGN', 211000, 230000, 225000, 225000, 225000, 0, 1, 11),
(512, 'SEKK', 'SPUYER ELEKTRIK KEPALA KUNING', 'PCS', 7500, 15000, 10000, 10000, 10000, 0, 9, 27),
(513, 'SEH', 'SPUYER ELEKTRIK HITAM', 'PCS', 5000, 10000, 7000, 7000, 7000, 0, 9, 27),
(514, 'SB', 'SPUYER BESI PB-16', 'PCS', 23000, 35000, 30000, 30000, 30000, 0, 9, 3),
(515, 'KNC', 'KNAPSACK NEW CB-16', 'SET', 260000, 300000, 290000, 290000, 290000, 0, 10, 27),
(516, 'KLT', 'KNAPSACK LAZARUS TRIO', 'SET', 560000, 650000, 620000, 620000, 620000, 0, 10, 27),
(517, 'SRD', 'SIERAD 1 B214 50KG', 'SAK', 215000, 250000, 240000, 240000, 245000, 0, 6, 31),
(518, 'SRD2', 'SIERAD 2 B214 50KG', 'SAK', 215000, 250000, 240000, 240000, 240000, 0, 6, 31),
(519, 'SRD', 'SERENDY 25GR X 20', 'BKS', 22500, 30000, 27000, 27000, 27000, 1, 1, 26),
(520, 'ETS', 'ELBOW TUTUP SOLO', 'PCS', 2500, 6000, 3000, 3000, 3000, 0, 9, 3),
(521, 'SET', 'STIK ELEKTRIK', 'PCS', 15000, 25000, 20000, 20000, 20000, 0, 9, 27),
(522, 'SSO', 'STIK SOLO', 'PCS', 6800, 20000, 12000, 12000, 12000, 0, 9, 3),
(523, 'SPB', 'STIK PB-16 PANJANG BENGKOK', 'PCS', 325000, 55000, 45000, 45000, 45000, 0, 9, 3),
(524, 'SL', 'STIK PB-16 LURUS', 'PCS', 32500, 50000, 40000, 40000, 40000, 0, 9, 3),
(525, 'TVB', 'TALI VIAR BIRU ', 'ROLL', 22500, 30000, 25000, 25000, 25000, 0, 7, 9),
(526, 'STR', 'STARLON 100ML X 50', 'BTL', 21870, 30000, 25000, 25000, 25000, 1, 1, 26),
(527, 'STR1', 'STARLON 1LTR X 12', 'BTL', 164010, 175000, 170000, 170000, 170000, 1, 1, 26),
(528, 'SPM1', 'SUPREMO 1LTR X 20', 'BTL', 60500, 65000, 63000, 63000, 63000, 0, 1, 11),
(529, 'SPM4', 'SUPREMO 4LT X 6', 'JRGN', 232000, 245000, 240000, 240000, 240000, 0, 1, 11),
(530, 'TMX', 'TEMIX X 60', 'BKS', 0, 0, 0, 0, 0, 0, 21, 9),
(531, 'TSS', 'TALI SALARON SAMSON X 60', 'ROLL', 11000, 15000, 14000, 14000, 14000, 0, 20, 28),
(532, 'KSE', 'KNAPSACK SPAYER ELEKTRIK', 'SET', 525000, 600000, 575000, 575000, 575000, 0, 10, 27),
(533, 'KSP16', 'KNAPSACK SPRAYER PB-16', 'SET', 490000, 530000, 520000, 520000, 510000, 0, 10, 18),
(534, 'KSS425', 'KNAPSACK SPRAYER SOLO 425', 'SET', 276000, 325000, 300000, 300000, 300000, 0, 10, 28),
(535, '23', 'TERPAL 2 X 3', 'PCS', 30000, 35000, 35000, 35000, 35000, 0, 11, 9),
(536, '34', 'TERPAL 3 X 4', 'PCS', 60000, 70000, 70000, 70000, 65000, 0, 11, 9),
(537, '45', 'TERPAL 4 X 5', 'PCS', 95000, 105000, 105000, 105000, 105000, 0, 11, 9),
(538, '46', 'TERPAL 4 X 6', 'PCS', 120000, 130000, 130000, 130000, 130000, 0, 11, 9),
(539, '57', 'TERPAL 5 X 7', 'PCS', 175000, 185000, 185000, 185000, 185000, 0, 11, 9),
(540, '56', 'TERPAL 5 X 6', 'PCS', 150000, 160000, 160000, 160000, 160000, 0, 11, 9),
(541, '68', 'TERPAL 6 X 8', 'PCS', 240000, 250000, 250000, 25000, 250000, 0, 11, 9),
(542, 'TGD', 'TI-GOLD 25GR X 20', 'BKS', 16800, 25000, 18000, 18000, 18000, 1, 1, 26),
(543, 'TSS', 'TALI SALARON 1KG', 'KG', 37500, 50000, 42000, 42000, 42000, 0, 7, 5),
(544, 'TM', 'TIMUN MIRA 25GR X 12', 'BKS', 50000, 58000, 55000, 55000, 55000, 0, 14, 8),
(545, 'MNS', 'MONAS X 10', 'BKS', 43500, 55000, 50000, 50000, 50000, 0, 14, 33),
(546, 'TCU', 'TENCHU 100GR X 5', 'BKS', 125000, 138000, 135000, 135000, 135000, 0, 3, 11),
(547, 'TXT', 'TOXIFUT X 40', 'KTK', 21000, 28000, 24000, 24000, 24000, 1, 3, 28),
(548, 'TSS', 'TUTUP SILINDER SOLO', 'PCS', 4400, 15000, 8000, 8000, 8000, 0, 9, 3),
(549, 'TR', 'TALI RAFIA 1KG', 'ROLL', 20000, 25000, 25000, 25000, 25000, 0, 7, 9),
(550, 'TRD', 'TRENDY 5GR X 20', 'BKS', 4350, 6000, 5000, 5000, 5000, 1, 1, 11),
(551, 'TBS', 'TUAS BENGKOK SOLO', 'PCS', 17100, 25000, 19000, 19000, 19000, 0, 9, 3),
(552, 'UNS', 'UREA NON SUBSIDI 50KG', 'SAK', 245000, 270000, 265000, 265000, 265000, 0, 5, 13),
(553, 'VNT', 'VENATOR 500ML X 20', 'KTK', 143000, 155000, 150000, 150000, 150000, 0, 1, 11),
(554, 'VRN', 'VIARON 1KG X 10', 'KTK', 140000, 150000, 150000, 150000, 145000, 1, 1, 14),
(555, 'VS', 'VISTON SOLO', 'PCS', 12000, 15000, 14000, 14000, 14000, 0, 9, 3),
(556, 'VT', 'VOLIUM TARGO 100ML X 50', 'BTL', 74030, 85000, 78000, 78000, 78000, 1, 3, 26),
(557, 'WHD', 'WARING HITAM DOLPHIN', 'ROLL', 470000, 500000, 500000, 500000, 500000, 0, 7, 28),
(559, 'JMR ', 'JAGUNG JAMARA SP X 5', 'PCS', 6600, 15000, 12000, 12000, 12000, 0, 14, 34),
(560, '001', 'PHONSKA PLUS @ 25KG', 'SAK', 167000, 185000, 180000, 180000, 180000, 0, 5, 1),
(561, '02', 'NPK MUTIARA 1 KG X 24', 'PCS', 9800, 15000, 12000, 12000, 12000, 0, 5, 35),
(562, '02', 'NPK MUTIARA 50 KG', 'SAK', 418000, 465000, 465000, 465000, 455000, 0, 5, 35),
(563, '03', 'JAGUNG JAMARA 250 GR X 20', 'PCS', 63000, 75000, 70000, 70000, 70000, 0, 14, 34),
(564, '04', 'SEMANGKA ELVANO 300 BTR X 10', 'PCS', 98000, 120000, 120000, 120000, 120000, 0, 14, 34),
(565, '05', 'CALIFORNIA ELZA F1 X 20 ', 'PCS', 16000, 25000, 20000, 20000, 20000, 0, 14, 34),
(566, '05', 'NAGIN F1 X 10', 'PCS', 35500, 55000, 40000, 40000, 40000, 0, 14, 34),
(567, '06', 'DAUN SILEDRI SIGO 10 GR X 10', 'PCS', 16000, 25000, 20000, 20000, 20000, 0, 14, 34),
(568, '06', 'CABE ALIP 10 GR X 15', 'PCS', 15000, 25000, 20000, 20000, 20000, 0, 14, 34),
(569, '08', 'LABU PREMATOR F1 10 GR X 10', 'PCS', 18000, 25000, 23000, 23000, 23000, 0, 14, 34),
(570, '09', 'CABE GENDIS 10 GR X 15', 'PCS', 13000, 20000, 18000, 18000, 18000, 0, 14, 34),
(571, '09', 'CABE TARUNA F1 X 15', 'PCS', 23150, 30000, 28000, 28000, 28000, 0, 14, 24),
(572, '10', 'TOMAT GUSTAVI 1750 BTR X 20 ', 'PCS', 176400, 185000, 185000, 185000, 185000, 0, 14, 24),
(573, '11', 'JAGUNG BONANZA 9 FI X 20', 'PCS', 82950, 95000, 90000, 90000, 90000, 0, 14, 24),
(574, '12', 'BONANZA 9 FI SP X 5', 'PCS', 0, 0, 0, 0, 0, 0, 14, 24),
(575, '12', 'KACANG KATRINA X 20', 'PCS', 79000, 90000, 85000, 85000, 85000, 0, 14, 18),
(576, '13', 'TERONG KENARI X 15', 'PCS', 11000, 15000, 13000, 13000, 13000, 0, 14, 18),
(577, '13', 'MONA FI 10 GR X 15', 'PCS', 99750, 110000, 105000, 105000, 105000, 0, 14, 24),
(578, '14', 'KANGKUNG BISI 1 KG X 20', 'PCS', 35000, 45000, 42500, 42500, 42000, 0, 14, 15),
(579, '14', 'KACANG BH 500 GR X 40', 'PCS', 23000, 35000, 30000, 30000, 30000, 0, 14, 15),
(580, '14', 'JUMP UP 5 LTR X 4', 'JRGN', 257500, 280000, 275000, 275000, 270000, 0, 1, 18),
(581, '16', 'PRIMAXONE ULTRA 300 SL X 20', 'PCS', 52000, 60000, 57000, 57000, 56000, 1, 1, 27),
(582, '18', 'JUMP UP 5 LTR X 4', 'JRGN', 257500, 280000, 275000, 275000, 275000, 0, 1, 18),
(583, '20', 'BIO 88 Tanaman 1ltr x 15', 'btl', 46000, 50000, 50000, 50000, 50000, 0, 17, 11),
(584, '21', 'GANGGANG CANGKUL', 'PCS', 20000, 25000, 25000, 25000, 25000, 0, 7, 9),
(585, '22', 'PARANG MALAYSIA', 'PCS', 55000, 85000, 80000, 80000, 80000, 0, 7, 9),
(586, '24', 'CONFIDOR 100 GR', 'pcs', 29900, 40000, 35000, 35000, 35000, 0, 3, 19),
(587, '24', 'PAKAN IKAN PIE 02 X 30 KG', 'SAK', 185000, 200000, 200000, 200000, 200000, 0, 23, 28),
(588, '26', 'PAKAN IKAN PIE 03 X 30 KG', 'SAK', 185000, 200000, 200000, 200000, 200000, 0, 23, 28),
(589, '25', 'PAKAN IKAN PIE 04 X 30 KG', 'SAK', 185000, 185000, 185000, 185000, 185000, 0, 23, 28),
(590, '26', 'MALINDO 8202 50 KG', 'SAK', 370000, 385000, 385000, 385000, 380000, 0, 6, 17),
(591, '27', 'KNAPSACK SPRAYER BANZAI', 'SET', 525000, 600000, 575000, 575000, 575000, 0, 10, 27),
(592, '26', 'TALI SAMSON X 60', 'ROL', 10000, 20000, 14000, 14000, 14000, 1, 7, 26),
(593, '32', 'ZPT HANTU 500 ML X 20', 'PCS', 50000, 60000, 55000, 55000, 55000, 0, 12, 9),
(594, '33', 'NPK HANTU 500 ML', 'PCS', 50000, 60000, 55000, 55000, 55000, 0, 12, 9),
(595, '34', 'EM 4 PERIKANAN X 15', 'PCS', 17000, 25000, 2000, 20000, 20000, 0, 15, 28),
(596, '30', 'ATONIK 250 X 30', 'PCS', 28000, 35000, 32000, 32000, 32000, 0, 16, 28),
(597, '38', 'BAYAMA 10 GR X 10', 'PCS', 7500, 12000, 9000, 9000, 9000, 0, 14, 34),
(598, '39', 'POLIBEK 18 X 20 ', 'PACK', 0, 0, 0, 0, 0, 0, 7, 5),
(599, '40', 'POLIBEK 20 X 20', 'PACK', 0, 0, 0, 0, 0, 0, 7, 5),
(600, '40', 'POLIBEK 20 X 25', 'PACK', 0, 0, 0, 0, 0, 0, 7, 5),
(601, '41', 'POLIBEK 20 X 30', 'PACK', 0, 0, 0, 0, 0, 0, 7, 5),
(602, '89', 'POLIBEK 25 X 25', 'PACK', 0, 0, 0, 0, 0, 0, 7, 5),
(603, '42', 'POLIBEK 25 X 30', 'PACK', 0, 0, 0, 0, 0, 0, 7, 5),
(604, '43', 'POLIBEK 30 X 30', 'PACK', 0, 0, 0, 0, 0, 0, 7, 5);
INSERT INTO `m_produk` (`prd_id`, `prd_kode`, `prd_nama`, `prd_satuan`, `prd_hargabeli`, `prd_hargaecer`, `prd_hargagrosir`, `prd_hargamember`, `prd_hargakhusus`, `prd_isppn`, `prd_ktg_id`, `prd_sup_id`) VALUES
(605, '44', 'POLIBEK 30 X 35', 'PACK', 0, 0, 0, 0, 0, 0, 7, 5),
(606, '45', 'POLIBEK 35 X 35', 'PACK', 0, 0, 0, 0, 0, 0, 7, 5),
(607, '46', 'POLIBEK 30 X 40', 'PACK', 0, 0, 0, 0, 0, 0, 7, 5),
(608, '47', 'POLIBEK 40 X 50', 'PACK', 0, 0, 0, 0, 0, 0, 7, 5),
(609, '48', 'POLIBEK 40 X 40', 'PACK', 0, 0, 0, 0, 0, 0, 7, 5),
(610, '231', 'GRAMAQUAT 20 LTR', 'GALON', 1017500, 1060000, 1040000, 1040000, 104000, 1, 1, 20),
(611, '232', 'FENITE 100 ML X 50', 'PCS', 90000, 115000, 110000, 110000, 110000, 1, 3, 20),
(612, '233', 'FENITE 200 ML X 20', 'PCS', 173000, 210000, 205000, 205000, 205000, 1, 3, 20),
(613, '234', 'GALLAN 500 ML X 20', 'BTL', 99850, 110000, 110000, 105000, 110000, 1, 1, 13),
(614, '235', 'ROUNDUP 200 ML X 20', 'BTL', 19000, 25000, 22000, 22000, 22000, 0, 1, 13),
(615, '236', 'SUPREMO 500 ML X 50', 'BTL', 33000, 38000, 34500, 34500, 34500, 0, 1, 11),
(616, '234', 'CONVEY 40ML / 1 LTR X 10', 'KOTAK', 275000, 295000, 295000, 295000, 295000, 1, 1, 22),
(617, '235', 'CONVEY 2ML / 500 ML X 20', 'KOTAK', 164000, 180000, 175000, 175000, 175000, 1, 1, 22);

-- --------------------------------------------------------

--
-- Struktur dari tabel `m_produk_kategori`
--

CREATE TABLE `m_produk_kategori` (
  `ktg_id` int(11) NOT NULL,
  `ktg_nama` varchar(50) NOT NULL
) ENGINE=InnoDB DEFAULT CHARSET=latin1;

--
-- Dumping data untuk tabel `m_produk_kategori`
--

INSERT INTO `m_produk_kategori` (`ktg_id`, `ktg_nama`) VALUES
(1, 'HERBISIDA'),
(2, 'FUNGISIDA'),
(3, 'INSEKTISIDA'),
(5, 'PUPUK '),
(6, 'PAKAN TERNAK'),
(7, 'ALAT PERTANIAN '),
(8, 'PLASTIK'),
(9, 'SPARPAT TANGKI'),
(10, 'TANGKI'),
(11, 'TERPAL'),
(12, 'ZAT PENGATUR TUMBUH'),
(14, 'BENIH'),
(15, 'BAKTERISIDA'),
(16, 'PUPUK BUAH'),
(17, 'PUPUK DAUN'),
(19, 'PEREKAT'),
(20, 'TALI PERTANIAN'),
(21, 'RODENTISIDA'),
(22, 'OBAT AYAM'),
(23, 'PAKAN IKAN');

-- --------------------------------------------------------

--
-- Struktur dari tabel `m_rekening`
--

CREATE TABLE `m_rekening` (
  `rek_id` int(11) NOT NULL,
  `rek_nomor` varchar(30) NOT NULL
) ENGINE=InnoDB DEFAULT CHARSET=latin1;

--
-- Dumping data untuk tabel `m_rekening`
--

INSERT INTO `m_rekening` (`rek_id`, `rek_nomor`) VALUES
(1, '1480011365783');

-- --------------------------------------------------------

--
-- Struktur dari tabel `m_sistem`
--

CREATE TABLE `m_sistem` (
  `sis_id` int(11) NOT NULL,
  `sis_kode` varchar(50) NOT NULL,
  `sis_about` varchar(50) NOT NULL,
  `sis_deskripsi` varchar(100) NOT NULL
) ENGINE=InnoDB DEFAULT CHARSET=latin1;

--
-- Dumping data untuk tabel `m_sistem`
--

INSERT INTO `m_sistem` (`sis_id`, `sis_kode`, `sis_about`, `sis_deskripsi`) VALUES
(1, 'inf_perusahaan', 'info', 'TOKO INDAH TANI'),
(2, 'inf_telepon', 'info', '-'),
(3, 'inf_alamat', 'info', 'JL. SAMARINDA'),
(4, 'inf_kecamatan', 'info', 'LEMPAKE'),
(5, 'inf_kabupaten', 'info', 'SAMARINDA'),
(6, 'inf_hp', 'info', '081258173625'),
(7, 'inf_owner', 'info', 'BASUKI'),
(11, 'ppn', 'sistem', '10');

-- --------------------------------------------------------

--
-- Struktur dari tabel `m_supplier`
--

CREATE TABLE `m_supplier` (
  `sup_id` int(11) NOT NULL,
  `sup_nama` varchar(50) NOT NULL,
  `sup_pj` varchar(50) NOT NULL,
  `sup_alamat` varchar(300) NOT NULL,
  `sup_telp` varchar(15) NOT NULL
) ENGINE=InnoDB DEFAULT CHARSET=latin1;

--
-- Dumping data untuk tabel `m_supplier`
--

INSERT INTO `m_supplier` (`sup_id`, `sup_nama`, `sup_pj`, `sup_alamat`, `sup_telp`) VALUES
(1, 'PT. PETROKIMIA GRESIK ', 'BPK. ADI', 'JLN. SURABAYA, JAWA TIMUR ', ''),
(2, 'PT. NEW HOPE', '', 'JL. SURABAYA', ''),
(3, 'PT. SPARTA', '', 'JL. LAMPUNG', '08117202899'),
(4, 'PT. AGRICON', 'PAK AGUS', 'BEKASI', ''),
(5, 'APOLLO STAR PLASTIC', 'PAK CANDRA', 'MALANG JAWA TIMUR', ''),
(6, 'BUNGA MATAHARI', 'MAS NANANG', 'BALIKPAPAN', ''),
(7, 'CV. GOLDEN FARM INDONESIA', '', 'JL. KLAMPIS INDAH 1 NO.60 SURABAYA', '082283222777'),
(8, 'BENIH PERTIWI', 'PAK PUTU', 'BALIKPAPAN', '081350032104'),
(9, 'CNI', '', 'SAMARINDA', ''),
(10, 'CV. AGRO JAYA', '', 'JL. SAMARINDA', ''),
(11, 'DGW (DELTA GIRI WACANA)', 'PAK AMIN', 'SAMARINDA', ''),
(12, 'DUPHONT', '', 'SAMARINDA', ''),
(13, 'GOAUTAMA ', 'PAK ELVI', 'SAMARINDA', ''),
(14, 'PT. SARI KRESNA KIMIA', 'H. SAPRUDIN', 'BENGKURING, SEMPAJA', '085246182113'),
(15, 'KAPAL TERBANG', 'PAK DANIS', 'JL. BANJARMASIN', '085322270888'),
(16, 'MEDION', '', 'SAMARINDA', ''),
(17, 'PT. MALINDO', '', 'SURABAYA, JAWA TIMUR', ''),
(18, 'UD. TANI JAYA LESTARI', '', 'JL. PADAT KARYA, GANG RINGROAD NO.15C', '085250725752'),
(19, 'PT. PANCA AGRO NIAGA LESTARI', '', 'KOMPLEK BLUE DOT CENTRE NO. D\r\nJL. GELONG BARU UTAMA TOMANG \r\nJAKARTA BARAT', '021-5573629'),
(20, 'PT. PETROKIMIA KAYAKU', 'BPK ADI', 'GRESIK, SURABAYA JAWA TIMUR', '08113627096'),
(21, 'PRIMA KARYA', '', 'JL. RINGROAD JAKARTA', ''),
(22, 'PAK DAVID SAPROTAN UTAMA', 'DAVID', 'SAMARINDA', ''),
(23, 'PT. CHROEN POKPHAN INDONESIA', '', 'SAMARINDA', ''),
(24, 'PANAH MERAH', 'PAK IRFANTO', 'BANDUNG JAWA BARAT', ''),
(25, 'PRIMAGRO', 'MAS NANANG', 'BALIKPAPAN', ''),
(26, 'PT. SURYA MANUNGGAL AGROSEJATI', 'PAK KUSWANDI', 'JL. DI PANJAITAN SAMARINDA', ''),
(27, 'CV. TANI ABADI BORNEO', 'PAK HERU', 'JL. ARTERI SUPADIO Gg. JUTEK RT.02 RW.01 SUNGAI RAYA', '082158121949'),
(28, 'PT. GANDASAKTI', 'PAK ERWIN', 'SURABAYA JAWA TIMUR', ''),
(29, 'PT. PETROSIDA GRESIK', '', 'GRESIK JAWA TIMUR', ''),
(30, 'PT. EXEL MEG INDO', '', 'JAKARTA', ''),
(31, 'PT. SIERAD PRODUCE TBK', '', 'SIDOARJO', '081348205748'),
(32, 'PT. WONOKOYO JAYA CORP', '', 'SURABAYA JAWA TIMUR', ''),
(33, 'BINTANG ASIA', 'H. SAPRUDIN', 'BENGKURING ', ''),
(34, 'CAP DUA RANTAI', 'BPK. SAYUTI', 'JLN. JEMBER', '081262018211'),
(35, 'PT. MERAUKE TETAP JAYA', 'BPK. JOHAN', 'JLN. JAKARTA', '');

-- --------------------------------------------------------

--
-- Struktur dari tabel `zx_xvrty`
--

CREATE TABLE `zx_xvrty` (
  `usr_id` int(11) NOT NULL,
  `usr_nama` varchar(50) NOT NULL,
  `usr_username` varchar(32) NOT NULL,
  `usr_password` varchar(32) NOT NULL,
  `usr_level` int(11) NOT NULL,
  `usr_gdg_id` int(11) DEFAULT NULL
) ENGINE=InnoDB DEFAULT CHARSET=latin1;

--
-- Dumping data untuk tabel `zx_xvrty`
--

INSERT INTO `zx_xvrty` (`usr_id`, `usr_nama`, `usr_username`, `usr_password`, `usr_level`, `usr_gdg_id`) VALUES
(1, 'Admin', 'admin', 'admin', 0, NULL),
(3, 'Keu', 'keu', 'keu', 3, NULL),
(6, 'ALKHU', 'kasir', 'kasir', 5, 3),
(8, 'BASUKI', 'adm', 'adm', 1, NULL);

--
-- Indexes for dumped tables
--

--
-- Indexes for table `d_kas`
--
ALTER TABLE `d_kas`
  ADD PRIMARY KEY (`kas_id`);

--
-- Indexes for table `d_nota`
--
ALTER TABLE `d_nota`
  ADD PRIMARY KEY (`nota_id`);

--
-- Indexes for table `d_nota_detail`
--
ALTER TABLE `d_nota_detail`
  ADD PRIMARY KEY (`dtn_id`);

--
-- Indexes for table `d_operasional`
--
ALTER TABLE `d_operasional`
  ADD PRIMARY KEY (`ope_id`);

--
-- Indexes for table `d_pembayaran`
--
ALTER TABLE `d_pembayaran`
  ADD PRIMARY KEY (`pmb_id`);

--
-- Indexes for table `d_requestnota`
--
ALTER TABLE `d_requestnota`
  ADD PRIMARY KEY (`rnota_id`);

--
-- Indexes for table `d_requestnota_detail`
--
ALTER TABLE `d_requestnota_detail`
  ADD PRIMARY KEY (`dtrn_id`);

--
-- Indexes for table `d_saldo`
--
ALTER TABLE `d_saldo`
  ADD PRIMARY KEY (`sld_id`);

--
-- Indexes for table `d_stok`
--
ALTER TABLE `d_stok`
  ADD PRIMARY KEY (`stk_id`);

--
-- Indexes for table `m_armada`
--
ALTER TABLE `m_armada`
  ADD PRIMARY KEY (`arm_id`);

--
-- Indexes for table `m_customer`
--
ALTER TABLE `m_customer`
  ADD PRIMARY KEY (`cus_id`);

--
-- Indexes for table `m_daerah`
--
ALTER TABLE `m_daerah`
  ADD PRIMARY KEY (`dae_id`);

--
-- Indexes for table `m_gudang`
--
ALTER TABLE `m_gudang`
  ADD PRIMARY KEY (`gdg_id`);

--
-- Indexes for table `m_penanggung_jawab`
--
ALTER TABLE `m_penanggung_jawab`
  ADD PRIMARY KEY (`pj_id`);

--
-- Indexes for table `m_produk`
--
ALTER TABLE `m_produk`
  ADD PRIMARY KEY (`prd_id`);

--
-- Indexes for table `m_produk_kategori`
--
ALTER TABLE `m_produk_kategori`
  ADD PRIMARY KEY (`ktg_id`);

--
-- Indexes for table `m_rekening`
--
ALTER TABLE `m_rekening`
  ADD PRIMARY KEY (`rek_id`);

--
-- Indexes for table `m_sistem`
--
ALTER TABLE `m_sistem`
  ADD PRIMARY KEY (`sis_id`);

--
-- Indexes for table `m_supplier`
--
ALTER TABLE `m_supplier`
  ADD PRIMARY KEY (`sup_id`);

--
-- Indexes for table `zx_xvrty`
--
ALTER TABLE `zx_xvrty`
  ADD PRIMARY KEY (`usr_id`),
  ADD KEY `I_USER` (`usr_username`,`usr_password`) USING BTREE;

/*!40101 SET CHARACTER_SET_CLIENT=@OLD_CHARACTER_SET_CLIENT */;
/*!40101 SET CHARACTER_SET_RESULTS=@OLD_CHARACTER_SET_RESULTS */;
/*!40101 SET COLLATION_CONNECTION=@OLD_COLLATION_CONNECTION */;
